[2025-12-24T20:58:31.592Z] [INFO] Print server starting...
[2025-12-24T20:58:31.594Z] [INFO] API: https://kamikuralk.online/api
[2025-12-24T20:58:31.595Z] [INFO] Poll interval: 2000ms
[2025-12-24T20:58:31.597Z] [INFO] Retry interval: 30000ms
[2025-12-24T20:58:31.602Z] [INFO] ✓ Print server running. Press Ctrl+C to stop.
[2025-12-24T20:58:32.789Z] [INFO] Found 2 pending job(s)
[2025-12-24T20:58:32.790Z] [INFO] Processing job 7 (kot) for Kitchen Printer
[2025-12-24T20:58:33.947Z] [INFO] Found 1 pending job(s)
[2025-12-24T20:58:33.948Z] [INFO] Processing job 12 (bar_ticket) for Bar Printer
[2025-12-24T20:58:36.171Z] [WARN] Print attempt 1 failed for job 7, retrying...
{
  "error": "connect ECONNREFUSED 192.168.1.100:9100"
}
[2025-12-24T20:58:38.805Z] [WARN] Print attempt 1 failed for job 12, retrying...
{
  "error": "connect ECONNREFUSED 192.168.1.101:9100"
}
[2025-12-24T20:58:41.702Z] [WARN] Print attempt 2 failed for job 7, retrying...
{
  "error": "connect ECONNREFUSED 192.168.1.100:9100"
}
[2025-12-24T20:58:44.953Z] [WARN] Print attempt 2 failed for job 12, retrying...
{
  "error": "connect ECONNREFUSED 192.168.1.101:9100"
}
[2025-12-24T20:58:47.571Z] [ERROR] ✗ Job 7 failed
{
  "error": "connect ECONNREFUSED 192.168.1.100:9100"
}
[2025-12-24T20:58:47.571Z] [INFO] Processing job 12 (bar_ticket) for Bar Printer
[2025-12-24T20:58:47.878Z] [WARN] Failed to update job 12 status
{
  "success": false,
  "error": "Job not found or already updated"
}
[2025-12-24T20:58:50.913Z] [WARN] Print attempt 1 failed for job 12, retrying...
{
  "error": "connect ECONNREFUSED 192.168.1.101:9100"
}
[2025-12-24T20:58:51.256Z] [ERROR] ✗ Job 12 failed
{
  "error": "connect ECONNREFUSED 192.168.1.101:9100"
}
[2025-12-24T20:59:04.197Z] [INFO] Print server starting...
[2025-12-24T20:59:04.200Z] [INFO] API: https://kamikuralk.online/api
[2025-12-24T20:59:04.202Z] [INFO] Poll interval: 2000ms
[2025-12-24T20:59:04.206Z] [INFO] Retry interval: 30000ms
[2025-12-24T20:59:04.211Z] [INFO] ✓ Print server running. Press Ctrl+C to stop.
[2025-12-24T21:00:24.443Z] [INFO] Print server starting...
[2025-12-24T21:00:24.445Z] [INFO] API: https://kamikuralk.online/api
[2025-12-24T21:00:24.446Z] [INFO] Poll interval: 2000ms
[2025-12-24T21:00:24.447Z] [INFO] Retry interval: 30000ms
[2025-12-24T21:00:24.448Z] [INFO] ✓ Print server running. Press Ctrl+C to stop.
[2025-12-24T21:05:01.313Z] [INFO] Print server starting...
[2025-12-24T21:05:01.315Z] [INFO] API: https://kamikuralk.online/api
[2025-12-24T21:05:01.316Z] [INFO] Poll interval: 2000ms
[2025-12-24T21:05:01.317Z] [INFO] Retry interval: 30000ms
[2025-12-24T21:05:01.320Z] [INFO] ✓ Print server running. Press Ctrl+C to stop.
[2025-12-24T21:05:48.502Z] [INFO] Print server starting...
[2025-12-24T21:05:48.503Z] [INFO] API: https://kamikuralk.online/api
[2025-12-24T21:05:48.504Z] [INFO] Poll interval: 2000ms
[2025-12-24T21:05:48.505Z] [INFO] Retry interval: 30000ms
[2025-12-24T21:05:48.506Z] [INFO] ✓ Print server running. Press Ctrl+C to stop.
[2025-12-24T21:06:39.824Z] [INFO] Print server starting...
[2025-12-24T21:06:39.826Z] [INFO] API: https://kamikuralk.online/api
[2025-12-24T21:06:39.827Z] [INFO] Poll interval: 2000ms
[2025-12-24T21:06:39.827Z] [INFO] Retry interval: 30000ms
[2025-12-24T21:06:39.829Z] [INFO] ✓ Print server running. Press Ctrl+C to stop.
[2025-12-24T21:08:11.187Z] [INFO] Print server shutting down...
[2025-12-24T21:08:24.067Z] [INFO] Print server starting...
[2025-12-24T21:08:24.069Z] [INFO] API: https://kamikuralk.online/api
[2025-12-24T21:08:24.071Z] [INFO] Poll interval: 2000ms
[2025-12-24T21:08:24.072Z] [INFO] Retry interval: 30000ms
[2025-12-24T21:08:24.074Z] [INFO] ✓ Print server running. Press Ctrl+C to stop.
[2025-12-24T21:10:08.759Z] [ERROR] Failed to fetch pending jobs
{
  "error": "fetch failed"
}
[2025-12-24T21:13:08.719Z] [INFO] Print server starting...
[2025-12-24T21:13:08.723Z] [INFO] API: https://kamikuralk.online/api
[2025-12-24T21:13:08.725Z] [INFO] Poll interval: 2000ms
[2025-12-24T21:13:08.726Z] [INFO] Retry interval: 30000ms
[2025-12-24T21:13:08.727Z] [INFO] ✓ Print server running. Press Ctrl+C to stop.
[2025-12-24T21:13:08.729Z] [DEBUG] Starting poll for pending jobs...
[2025-12-24T21:13:08.733Z] [DEBUG] Fetching pending jobs from API...
[2025-12-24T21:13:09.800Z] [INFO] Fetched 0 pending job(s)
[2025-12-24T21:13:09.801Z] [DEBUG] No pending jobs found
[2025-12-24T21:13:10.742Z] [DEBUG] Starting poll for pending jobs...
[2025-12-24T21:13:10.743Z] [DEBUG] Fetching pending jobs from API...
[2025-12-24T21:13:11.042Z] [INFO] Fetched 0 pending job(s)
[2025-12-24T21:13:11.043Z] [DEBUG] No pending jobs found
[2025-12-24T21:13:12.749Z] [DEBUG] Starting poll for pending jobs...
[2025-12-24T21:13:12.750Z] [DEBUG] Fetching pending jobs from API...
[2025-12-24T21:13:13.102Z] [INFO] Fetched 0 pending job(s)
[2025-12-24T21:13:13.102Z] [DEBUG] No pending jobs found
[2025-12-24T21:13:14.758Z] [DEBUG] Starting poll for pending jobs...
[2025-12-24T21:13:14.759Z] [DEBUG] Fetching pending jobs from API...
[2025-12-24T21:13:15.063Z] [INFO] Fetched 0 pending job(s)
[2025-12-24T21:13:15.064Z] [DEBUG] No pending jobs found
[2025-12-24T21:13:16.761Z] [DEBUG] Starting poll for pending jobs...
[2025-12-24T21:13:16.762Z] [DEBUG] Fetching pending jobs from API...
[2025-12-24T21:13:17.065Z] [INFO] Fetched 0 pending job(s)
[2025-12-24T21:13:17.066Z] [DEBUG] No pending jobs found
[2025-12-24T21:13:18.765Z] [DEBUG] Starting poll for pending jobs...
[2025-12-24T21:13:18.766Z] [DEBUG] Fetching pending jobs from API...
[2025-12-24T21:13:19.084Z] [INFO] Fetched 0 pending job(s)
[2025-12-24T21:13:19.084Z] [DEBUG] No pending jobs found
[2025-12-24T21:13:20.774Z] [DEBUG] Starting poll for pending jobs...
[2025-12-24T21:13:20.776Z] [DEBUG] Fetching pending jobs from API...
[2025-12-24T21:13:21.090Z] [INFO] Fetched 0 pending job(s)
[2025-12-24T21:13:21.090Z] [DEBUG] No pending jobs found
[2025-12-24T21:13:22.782Z] [DEBUG] Starting poll for pending jobs...
[2025-12-24T21:13:22.783Z] [DEBUG] Fetching pending jobs from API...
[2025-12-24T21:13:23.113Z] [INFO] Fetched 0 pending job(s)
[2025-12-24T21:13:23.114Z] [DEBUG] No pending jobs found
[2025-12-24T21:13:24.788Z] [DEBUG] Starting poll for pending jobs...
[2025-12-24T21:13:24.789Z] [DEBUG] Fetching pending jobs from API...
[2025-12-24T21:13:25.095Z] [INFO] Fetched 0 pending job(s)
[2025-12-24T21:13:25.096Z] [DEBUG] No pending jobs found
[2025-12-24T21:13:26.790Z] [DEBUG] Starting poll for pending jobs...
[2025-12-24T21:13:26.791Z] [DEBUG] Fetching pending jobs from API...
[2025-12-24T21:13:27.091Z] [INFO] Fetched 0 pending job(s)
[2025-12-24T21:13:27.093Z] [DEBUG] No pending jobs found
[2025-12-24T21:13:28.791Z] [DEBUG] Starting poll for pending jobs...
[2025-12-24T21:13:28.798Z] [DEBUG] Fetching pending jobs from API...
[2025-12-24T21:13:29.111Z] [INFO] Fetched 0 pending job(s)
[2025-12-24T21:13:29.112Z] [DEBUG] No pending jobs found
[2025-12-24T21:13:30.798Z] [DEBUG] Starting poll for pending jobs...
[2025-12-24T21:13:30.799Z] [DEBUG] Fetching pending jobs from API...
[2025-12-24T21:13:31.140Z] [INFO] Fetched 0 pending job(s)
[2025-12-24T21:13:31.141Z] [DEBUG] No pending jobs found
[2025-12-24T21:13:32.807Z] [DEBUG] Starting poll for pending jobs...
[2025-12-24T21:13:32.809Z] [DEBUG] Fetching pending jobs from API...
[2025-12-24T21:13:33.111Z] [INFO] Fetched 0 pending job(s)
[2025-12-24T21:13:33.112Z] [DEBUG] No pending jobs found
[2025-12-24T21:13:34.813Z] [DEBUG] Starting poll for pending jobs...
[2025-12-24T21:13:34.814Z] [DEBUG] Fetching pending jobs from API...
[2025-12-24T21:13:35.106Z] [INFO] Fetched 0 pending job(s)
[2025-12-24T21:13:35.107Z] [DEBUG] No pending jobs found
[2025-12-24T21:13:36.815Z] [DEBUG] Starting poll for pending jobs...
[2025-12-24T21:13:36.815Z] [DEBUG] Fetching pending jobs from API...
[2025-12-24T21:13:37.149Z] [INFO] Fetched 0 pending job(s)
[2025-12-24T21:13:37.150Z] [DEBUG] No pending jobs found
[2025-12-24T21:13:38.744Z] [DEBUG] Checking for failed jobs to retry...
[2025-12-24T21:13:38.746Z] [DEBUG] No failed jobs retry logic implemented yet
[2025-12-24T21:13:38.822Z] [DEBUG] Starting poll for pending jobs...
[2025-12-24T21:13:38.826Z] [DEBUG] Fetching pending jobs from API...
[2025-12-24T21:13:39.129Z] [INFO] Fetched 0 pending job(s)
[2025-12-24T21:13:39.130Z] [DEBUG] No pending jobs found
[2025-12-24T21:13:40.835Z] [DEBUG] Starting poll for pending jobs...
[2025-12-24T21:13:40.836Z] [DEBUG] Fetching pending jobs from API...
[2025-12-24T21:13:41.137Z] [INFO] Fetched 0 pending job(s)
[2025-12-24T21:13:41.138Z] [DEBUG] No pending jobs found
[2025-12-24T21:13:42.836Z] [DEBUG] Starting poll for pending jobs...
[2025-12-24T21:13:42.838Z] [DEBUG] Fetching pending jobs from API...
[2025-12-24T21:13:43.143Z] [INFO] Fetched 0 pending job(s)
[2025-12-24T21:13:43.144Z] [DEBUG] No pending jobs found
[2025-12-24T21:13:44.838Z] [DEBUG] Starting poll for pending jobs...
[2025-12-24T21:13:44.839Z] [DEBUG] Fetching pending jobs from API...
[2025-12-24T21:13:45.133Z] [INFO] Fetched 0 pending job(s)
[2025-12-24T21:13:45.133Z] [DEBUG] No pending jobs found
[2025-12-24T21:13:46.851Z] [DEBUG] Starting poll for pending jobs...
[2025-12-24T21:13:46.853Z] [DEBUG] Fetching pending jobs from API...
[2025-12-24T21:13:47.163Z] [INFO] Fetched 0 pending job(s)
[2025-12-24T21:13:47.164Z] [DEBUG] No pending jobs found
[2025-12-24T21:13:48.863Z] [DEBUG] Starting poll for pending jobs...
[2025-12-24T21:13:48.864Z] [DEBUG] Fetching pending jobs from API...
[2025-12-24T21:13:49.150Z] [INFO] Fetched 0 pending job(s)
[2025-12-24T21:13:49.151Z] [DEBUG] No pending jobs found
[2025-12-24T21:13:50.873Z] [DEBUG] Starting poll for pending jobs...
[2025-12-24T21:13:50.874Z] [DEBUG] Fetching pending jobs from API...
[2025-12-24T21:13:51.163Z] [INFO] Fetched 0 pending job(s)
[2025-12-24T21:13:51.164Z] [DEBUG] No pending jobs found
[2025-12-24T21:13:52.882Z] [DEBUG] Starting poll for pending jobs...
[2025-12-24T21:13:52.883Z] [DEBUG] Fetching pending jobs from API...
[2025-12-24T21:13:53.179Z] [INFO] Fetched 0 pending job(s)
[2025-12-24T21:13:53.179Z] [DEBUG] No pending jobs found
[2025-12-24T21:13:54.887Z] [DEBUG] Starting poll for pending jobs...
[2025-12-24T21:13:54.888Z] [DEBUG] Fetching pending jobs from API...
[2025-12-24T21:13:55.181Z] [INFO] Fetched 0 pending job(s)
[2025-12-24T21:13:55.182Z] [DEBUG] No pending jobs found
[2025-12-24T21:13:56.894Z] [DEBUG] Starting poll for pending jobs...
[2025-12-24T21:13:56.895Z] [DEBUG] Fetching pending jobs from API...
[2025-12-24T21:13:57.226Z] [INFO] Fetched 0 pending job(s)
[2025-12-24T21:13:57.226Z] [DEBUG] No pending jobs found
[2025-12-24T21:13:58.899Z] [DEBUG] Starting poll for pending jobs...
[2025-12-24T21:13:58.900Z] [DEBUG] Fetching pending jobs from API...
[2025-12-24T21:13:59.214Z] [INFO] Fetched 0 pending job(s)
[2025-12-24T21:13:59.215Z] [DEBUG] No pending jobs found
[2025-12-24T21:14:00.903Z] [DEBUG] Starting poll for pending jobs...
[2025-12-24T21:14:00.904Z] [DEBUG] Fetching pending jobs from API...
[2025-12-24T21:14:01.208Z] [INFO] Fetched 0 pending job(s)
[2025-12-24T21:14:01.209Z] [DEBUG] No pending jobs found
[2025-12-24T21:14:02.760Z] [INFO] Found 1 pending job(s)
[2025-12-24T21:14:02.761Z] [INFO] Processing job 7 (kot) for Kitchen Printer
[2025-12-24T21:14:02.915Z] [DEBUG] Starting poll for pending jobs...
[2025-12-24T21:14:02.916Z] [DEBUG] Fetching pending jobs from API...
[2025-12-24T21:14:03.235Z] [INFO] Fetched 0 pending job(s)
[2025-12-24T21:14:03.236Z] [DEBUG] No pending jobs found
[2025-12-24T21:14:04.920Z] [DEBUG] Starting poll for pending jobs...
[2025-12-24T21:14:04.922Z] [DEBUG] Fetching pending jobs from API...
[2025-12-24T21:14:05.215Z] [INFO] Fetched 0 pending job(s)
[2025-12-24T21:14:05.216Z] [DEBUG] No pending jobs found
[2025-12-24T21:14:06.173Z] [WARN] Print attempt 1 failed for job 7, retrying...
{
  "error": "connect ECONNREFUSED 192.168.1.100:9100"
}
[2025-12-24T21:14:06.784Z] [INFO] Found 1 pending job(s)
[2025-12-24T21:14:06.785Z] [INFO] Processing job 12 (bar_ticket) for Bar Printer
[2025-12-24T21:14:06.929Z] [DEBUG] Starting poll for pending jobs...
[2025-12-24T21:14:06.931Z] [DEBUG] Fetching pending jobs from API...
[2025-12-24T21:14:07.247Z] [INFO] Fetched 0 pending job(s)
[2025-12-24T21:14:07.248Z] [DEBUG] No pending jobs found
[2025-12-24T21:14:08.758Z] [DEBUG] Checking for failed jobs to retry...
[2025-12-24T21:14:08.760Z] [DEBUG] No failed jobs retry logic implemented yet
[2025-12-24T21:14:08.944Z] [DEBUG] Starting poll for pending jobs...
[2025-12-24T21:14:08.945Z] [DEBUG] Fetching pending jobs from API...
[2025-12-24T21:14:09.244Z] [INFO] Fetched 0 pending job(s)
[2025-12-24T21:14:09.245Z] [DEBUG] No pending jobs found
[2025-12-24T21:14:10.567Z] [WARN] Print attempt 1 failed for job 12, retrying...
{
  "error": "connect ECONNREFUSED 192.168.1.101:9100"
}
[2025-12-24T21:14:10.947Z] [DEBUG] Starting poll for pending jobs...
[2025-12-24T21:14:10.948Z] [DEBUG] Fetching pending jobs from API...
[2025-12-24T21:14:11.267Z] [INFO] Fetched 0 pending job(s)
[2025-12-24T21:14:11.267Z] [DEBUG] No pending jobs found
[2025-12-24T21:14:11.700Z] [WARN] Print attempt 2 failed for job 7, retrying...
{
  "error": "connect ECONNREFUSED 192.168.1.100:9100"
}
[2025-12-24T21:14:12.949Z] [DEBUG] Starting poll for pending jobs...
[2025-12-24T21:14:12.950Z] [DEBUG] Fetching pending jobs from API...
[2025-12-24T21:14:13.242Z] [INFO] Fetched 0 pending job(s)
[2025-12-24T21:14:13.243Z] [DEBUG] No pending jobs found
[2025-12-24T21:14:14.955Z] [DEBUG] Starting poll for pending jobs...
[2025-12-24T21:14:14.957Z] [DEBUG] Fetching pending jobs from API...
[2025-12-24T21:14:15.263Z] [INFO] Fetched 0 pending job(s)
[2025-12-24T21:14:15.264Z] [DEBUG] No pending jobs found
[2025-12-24T21:14:16.318Z] [WARN] Print attempt 2 failed for job 12, retrying...
{
  "error": "connect ECONNREFUSED 192.168.1.101:9100"
}
[2025-12-24T21:14:16.961Z] [DEBUG] Starting poll for pending jobs...
[2025-12-24T21:14:16.962Z] [DEBUG] Fetching pending jobs from API...
[2025-12-24T21:14:17.272Z] [INFO] Fetched 0 pending job(s)
[2025-12-24T21:14:17.273Z] [DEBUG] No pending jobs found
[2025-12-24T21:14:17.561Z] [ERROR] ✗ Job 7 failed
{
  "error": "connect ECONNREFUSED 192.168.1.100:9100"
}
[2025-12-24T21:14:18.975Z] [DEBUG] Starting poll for pending jobs...
[2025-12-24T21:14:18.976Z] [DEBUG] Fetching pending jobs from API...
[2025-12-24T21:14:19.305Z] [INFO] Fetched 0 pending job(s)
[2025-12-24T21:14:19.305Z] [DEBUG] No pending jobs found
[2025-12-24T21:14:20.980Z] [DEBUG] Starting poll for pending jobs...
[2025-12-24T21:14:20.981Z] [DEBUG] Fetching pending jobs from API...
[2025-12-24T21:14:21.308Z] [INFO] Fetched 0 pending job(s)
[2025-12-24T21:14:21.309Z] [DEBUG] No pending jobs found
[2025-12-24T21:14:22.673Z] [ERROR] ✗ Job 12 failed
{
  "error": "connect ECONNREFUSED 192.168.1.101:9100"
}
[2025-12-24T21:14:22.995Z] [DEBUG] Starting poll for pending jobs...
[2025-12-24T21:14:22.997Z] [DEBUG] Fetching pending jobs from API...
[2025-12-24T21:14:23.297Z] [INFO] Fetched 0 pending job(s)
[2025-12-24T21:14:23.298Z] [DEBUG] No pending jobs found
[2025-12-24T21:14:24.998Z] [DEBUG] Starting poll for pending jobs...
[2025-12-24T21:14:24.999Z] [DEBUG] Fetching pending jobs from API...
[2025-12-24T21:14:25.329Z] [INFO] Fetched 0 pending job(s)
[2025-12-24T21:14:25.330Z] [DEBUG] No pending jobs found
[2025-12-24T21:14:27.011Z] [DEBUG] Starting poll for pending jobs...
[2025-12-24T21:14:27.012Z] [DEBUG] Fetching pending jobs from API...
[2025-12-24T21:14:27.331Z] [INFO] Fetched 0 pending job(s)
[2025-12-24T21:14:27.331Z] [DEBUG] No pending jobs found
[2025-12-24T21:14:29.017Z] [DEBUG] Starting poll for pending jobs...
[2025-12-24T21:14:29.018Z] [DEBUG] Fetching pending jobs from API...
[2025-12-24T21:14:29.398Z] [INFO] Fetched 0 pending job(s)
[2025-12-24T21:14:29.399Z] [DEBUG] No pending jobs found
[2025-12-24T21:14:31.028Z] [DEBUG] Starting poll for pending jobs...
[2025-12-24T21:14:31.029Z] [DEBUG] Fetching pending jobs from API...
[2025-12-24T21:14:31.320Z] [INFO] Fetched 0 pending job(s)
[2025-12-24T21:14:31.321Z] [DEBUG] No pending jobs found
[2025-12-24T21:14:33.043Z] [DEBUG] Starting poll for pending jobs...
[2025-12-24T21:14:33.044Z] [DEBUG] Fetching pending jobs from API...
[2025-12-24T21:14:33.346Z] [INFO] Fetched 0 pending job(s)
[2025-12-24T21:14:33.347Z] [DEBUG] No pending jobs found
[2025-12-24T21:14:35.043Z] [DEBUG] Starting poll for pending jobs...
[2025-12-24T21:14:35.044Z] [DEBUG] Fetching pending jobs from API...
[2025-12-24T21:14:35.465Z] [INFO] Fetched 0 pending job(s)
[2025-12-24T21:14:35.465Z] [DEBUG] No pending jobs found
[2025-12-24T21:14:37.052Z] [DEBUG] Starting poll for pending jobs...
[2025-12-24T21:14:37.053Z] [DEBUG] Fetching pending jobs from API...
[2025-12-24T21:14:37.360Z] [INFO] Fetched 0 pending job(s)
[2025-12-24T21:14:37.361Z] [DEBUG] No pending jobs found
[2025-12-24T21:14:38.773Z] [DEBUG] Checking for failed jobs to retry...
[2025-12-24T21:14:38.774Z] [DEBUG] No failed jobs retry logic implemented yet
[2025-12-24T21:14:39.068Z] [DEBUG] Starting poll for pending jobs...
[2025-12-24T21:14:39.069Z] [DEBUG] Fetching pending jobs from API...
[2025-12-24T21:14:39.396Z] [INFO] Fetched 0 pending job(s)
[2025-12-24T21:14:39.397Z] [DEBUG] No pending jobs found
[2025-12-24T21:14:41.075Z] [DEBUG] Starting poll for pending jobs...
[2025-12-24T21:14:41.081Z] [DEBUG] Fetching pending jobs from API...
[2025-12-24T21:14:41.380Z] [INFO] Fetched 0 pending job(s)
[2025-12-24T21:14:41.381Z] [DEBUG] No pending jobs found
[2025-12-24T21:14:43.087Z] [DEBUG] Starting poll for pending jobs...
[2025-12-24T21:14:43.088Z] [DEBUG] Fetching pending jobs from API...
[2025-12-24T21:14:43.381Z] [INFO] Fetched 0 pending job(s)
[2025-12-24T21:14:43.382Z] [DEBUG] No pending jobs found
[2025-12-24T21:14:45.087Z] [DEBUG] Starting poll for pending jobs...
[2025-12-24T21:14:45.088Z] [DEBUG] Fetching pending jobs from API...
[2025-12-24T21:14:45.400Z] [INFO] Fetched 0 pending job(s)
[2025-12-24T21:14:45.401Z] [DEBUG] No pending jobs found
[2025-12-24T21:14:47.102Z] [DEBUG] Starting poll for pending jobs...
[2025-12-24T21:14:47.102Z] [DEBUG] Fetching pending jobs from API...
[2025-12-24T21:14:47.421Z] [INFO] Fetched 0 pending job(s)
[2025-12-24T21:14:47.422Z] [DEBUG] No pending jobs found
[2025-12-24T21:14:49.116Z] [DEBUG] Starting poll for pending jobs...
[2025-12-24T21:14:49.117Z] [DEBUG] Fetching pending jobs from API...
[2025-12-24T21:14:49.436Z] [INFO] Fetched 0 pending job(s)
[2025-12-24T21:14:49.437Z] [DEBUG] No pending jobs found
[2025-12-24T21:14:51.118Z] [DEBUG] Starting poll for pending jobs...
[2025-12-24T21:14:51.119Z] [DEBUG] Fetching pending jobs from API...
[2025-12-24T21:14:51.413Z] [INFO] Fetched 0 pending job(s)
[2025-12-24T21:14:51.414Z] [DEBUG] No pending jobs found
[2025-12-24T21:14:53.123Z] [DEBUG] Starting poll for pending jobs...
[2025-12-24T21:14:53.124Z] [DEBUG] Fetching pending jobs from API...
[2025-12-24T21:14:53.417Z] [INFO] Fetched 0 pending job(s)
[2025-12-24T21:14:53.418Z] [DEBUG] No pending jobs found
[2025-12-24T21:14:55.123Z] [DEBUG] Starting poll for pending jobs...
[2025-12-24T21:14:55.124Z] [DEBUG] Fetching pending jobs from API...
[2025-12-24T21:14:55.428Z] [INFO] Fetched 0 pending job(s)
[2025-12-24T21:14:55.428Z] [DEBUG] No pending jobs found
[2025-12-24T21:14:57.129Z] [DEBUG] Starting poll for pending jobs...
[2025-12-24T21:14:57.132Z] [DEBUG] Fetching pending jobs from API...
[2025-12-24T21:14:57.442Z] [INFO] Fetched 0 pending job(s)
[2025-12-24T21:14:57.443Z] [DEBUG] No pending jobs found
[2025-12-24T21:14:59.133Z] [DEBUG] Starting poll for pending jobs...
[2025-12-24T21:14:59.134Z] [DEBUG] Fetching pending jobs from API...
[2025-12-24T21:14:59.479Z] [INFO] Fetched 0 pending job(s)
[2025-12-24T21:14:59.481Z] [DEBUG] No pending jobs found
[2025-12-24T21:15:01.136Z] [DEBUG] Starting poll for pending jobs...
[2025-12-24T21:15:01.140Z] [DEBUG] Fetching pending jobs from API...
[2025-12-24T21:15:01.429Z] [INFO] Fetched 0 pending job(s)
[2025-12-24T21:15:01.430Z] [DEBUG] No pending jobs found
[2025-12-24T21:15:03.145Z] [DEBUG] Starting poll for pending jobs...
[2025-12-24T21:15:03.147Z] [DEBUG] Fetching pending jobs from API...
[2025-12-24T21:15:03.471Z] [INFO] Fetched 0 pending job(s)
[2025-12-24T21:15:03.472Z] [DEBUG] No pending jobs found
[2025-12-24T21:15:05.158Z] [DEBUG] Starting poll for pending jobs...
[2025-12-24T21:15:05.159Z] [DEBUG] Fetching pending jobs from API...
[2025-12-24T21:15:05.506Z] [INFO] Fetched 0 pending job(s)
[2025-12-24T21:15:05.507Z] [DEBUG] No pending jobs found
[2025-12-24T21:15:07.168Z] [DEBUG] Starting poll for pending jobs...
[2025-12-24T21:15:07.170Z] [DEBUG] Fetching pending jobs from API...
[2025-12-24T21:15:07.460Z] [INFO] Fetched 0 pending job(s)
[2025-12-24T21:15:07.461Z] [DEBUG] No pending jobs found
[2025-12-24T21:15:08.777Z] [DEBUG] Checking for failed jobs to retry...
[2025-12-24T21:15:08.778Z] [DEBUG] No failed jobs retry logic implemented yet
[2025-12-24T21:15:09.180Z] [DEBUG] Starting poll for pending jobs...
[2025-12-24T21:15:09.181Z] [DEBUG] Fetching pending jobs from API...
[2025-12-24T21:15:09.504Z] [INFO] Fetched 0 pending job(s)
[2025-12-24T21:15:09.505Z] [DEBUG] No pending jobs found
[2025-12-24T21:15:11.181Z] [DEBUG] Starting poll for pending jobs...
[2025-12-24T21:15:11.182Z] [DEBUG] Fetching pending jobs from API...
[2025-12-24T21:15:11.499Z] [INFO] Fetched 0 pending job(s)
[2025-12-24T21:15:11.500Z] [DEBUG] No pending jobs found
[2025-12-24T21:15:13.185Z] [DEBUG] Starting poll for pending jobs...
[2025-12-24T21:15:13.186Z] [DEBUG] Fetching pending jobs from API...
[2025-12-24T21:15:13.485Z] [INFO] Fetched 0 pending job(s)
[2025-12-24T21:15:13.486Z] [DEBUG] No pending jobs found
[2025-12-24T21:15:15.190Z] [DEBUG] Starting poll for pending jobs...
[2025-12-24T21:15:15.191Z] [DEBUG] Fetching pending jobs from API...
[2025-12-24T21:15:15.498Z] [INFO] Fetched 0 pending job(s)
[2025-12-24T21:15:15.498Z] [DEBUG] No pending jobs found
[2025-12-24T21:15:17.190Z] [DEBUG] Starting poll for pending jobs...
[2025-12-24T21:15:17.191Z] [DEBUG] Fetching pending jobs from API...
[2025-12-24T21:15:17.475Z] [INFO] Fetched 0 pending job(s)
[2025-12-24T21:15:17.475Z] [DEBUG] No pending jobs found
[2025-12-24T21:15:19.200Z] [DEBUG] Starting poll for pending jobs...
[2025-12-24T21:15:19.201Z] [DEBUG] Fetching pending jobs from API...
[2025-12-24T21:15:19.513Z] [INFO] Fetched 0 pending job(s)
[2025-12-24T21:15:19.514Z] [DEBUG] No pending jobs found
[2025-12-24T21:15:21.212Z] [DEBUG] Starting poll for pending jobs...
[2025-12-24T21:15:21.213Z] [DEBUG] Fetching pending jobs from API...
[2025-12-24T21:15:21.553Z] [INFO] Fetched 0 pending job(s)
[2025-12-24T21:15:21.554Z] [DEBUG] No pending jobs found
[2025-12-24T21:15:23.215Z] [DEBUG] Starting poll for pending jobs...
[2025-12-24T21:15:23.216Z] [DEBUG] Fetching pending jobs from API...
[2025-12-24T21:15:23.555Z] [INFO] Fetched 0 pending job(s)
[2025-12-24T21:15:23.556Z] [DEBUG] No pending jobs found
[2025-12-24T21:15:25.229Z] [DEBUG] Starting poll for pending jobs...
[2025-12-24T21:15:25.230Z] [DEBUG] Fetching pending jobs from API...
[2025-12-24T21:15:25.705Z] [INFO] Fetched 0 pending job(s)
[2025-12-24T21:15:25.706Z] [DEBUG] No pending jobs found
[2025-12-24T21:15:27.234Z] [DEBUG] Starting poll for pending jobs...
[2025-12-24T21:15:27.235Z] [DEBUG] Fetching pending jobs from API...
[2025-12-24T21:15:27.559Z] [INFO] Fetched 0 pending job(s)
[2025-12-24T21:15:27.560Z] [DEBUG] No pending jobs found
[2025-12-24T21:15:29.240Z] [DEBUG] Starting poll for pending jobs...
[2025-12-24T21:15:29.241Z] [DEBUG] Fetching pending jobs from API...
[2025-12-24T21:15:29.544Z] [INFO] Fetched 0 pending job(s)
[2025-12-24T21:15:29.545Z] [DEBUG] No pending jobs found
[2025-12-24T21:15:31.242Z] [DEBUG] Starting poll for pending jobs...
[2025-12-24T21:15:31.244Z] [DEBUG] Fetching pending jobs from API...
[2025-12-24T21:15:31.579Z] [INFO] Fetched 0 pending job(s)
[2025-12-24T21:15:31.580Z] [DEBUG] No pending jobs found
[2025-12-24T21:15:33.245Z] [DEBUG] Starting poll for pending jobs...
[2025-12-24T21:15:33.248Z] [DEBUG] Fetching pending jobs from API...
[2025-12-24T21:15:33.570Z] [INFO] Fetched 0 pending job(s)
[2025-12-24T21:15:33.571Z] [DEBUG] No pending jobs found
[2025-12-24T21:15:35.258Z] [DEBUG] Starting poll for pending jobs...
[2025-12-24T21:15:35.259Z] [DEBUG] Fetching pending jobs from API...
[2025-12-24T21:15:35.839Z] [INFO] Fetched 0 pending job(s)
[2025-12-24T21:15:35.839Z] [DEBUG] No pending jobs found
[2025-12-24T21:15:37.262Z] [DEBUG] Starting poll for pending jobs...
[2025-12-24T21:15:37.263Z] [DEBUG] Fetching pending jobs from API...
[2025-12-24T21:15:37.619Z] [INFO] Fetched 0 pending job(s)
[2025-12-24T21:15:37.620Z] [DEBUG] No pending jobs found
[2025-12-24T21:15:38.793Z] [DEBUG] Checking for failed jobs to retry...
[2025-12-24T21:15:38.795Z] [DEBUG] No failed jobs retry logic implemented yet
[2025-12-24T21:15:39.272Z] [DEBUG] Starting poll for pending jobs...
[2025-12-24T21:15:39.273Z] [DEBUG] Fetching pending jobs from API...
[2025-12-24T21:15:39.587Z] [INFO] Fetched 0 pending job(s)
[2025-12-24T21:15:39.588Z] [DEBUG] No pending jobs found
[2025-12-24T21:15:41.279Z] [DEBUG] Starting poll for pending jobs...
[2025-12-24T21:15:41.279Z] [DEBUG] Fetching pending jobs from API...
[2025-12-24T21:15:41.587Z] [INFO] Fetched 0 pending job(s)
[2025-12-24T21:15:41.588Z] [DEBUG] No pending jobs found
[2025-12-24T21:15:43.285Z] [DEBUG] Starting poll for pending jobs...
[2025-12-24T21:15:43.286Z] [DEBUG] Fetching pending jobs from API...
[2025-12-24T21:15:43.601Z] [INFO] Fetched 0 pending job(s)
[2025-12-24T21:15:43.601Z] [DEBUG] No pending jobs found
[2025-12-24T21:15:45.293Z] [DEBUG] Starting poll for pending jobs...
[2025-12-24T21:15:45.294Z] [DEBUG] Fetching pending jobs from API...
[2025-12-24T21:15:45.603Z] [INFO] Fetched 0 pending job(s)
[2025-12-24T21:15:45.604Z] [DEBUG] No pending jobs found
[2025-12-24T21:15:47.299Z] [DEBUG] Starting poll for pending jobs...
[2025-12-24T21:15:47.300Z] [DEBUG] Fetching pending jobs from API...
[2025-12-24T21:15:47.598Z] [INFO] Fetched 0 pending job(s)
[2025-12-24T21:15:47.598Z] [DEBUG] No pending jobs found
[2025-12-24T21:15:49.312Z] [DEBUG] Starting poll for pending jobs...
[2025-12-24T21:15:49.313Z] [DEBUG] Fetching pending jobs from API...
[2025-12-24T21:15:49.617Z] [INFO] Fetched 0 pending job(s)
[2025-12-24T21:15:49.617Z] [DEBUG] No pending jobs found
[2025-12-24T21:15:51.320Z] [DEBUG] Starting poll for pending jobs...
[2025-12-24T21:15:51.321Z] [DEBUG] Fetching pending jobs from API...
[2025-12-24T21:15:51.617Z] [INFO] Fetched 0 pending job(s)
[2025-12-24T21:15:51.648Z] [DEBUG] No pending jobs found
[2025-12-24T21:15:53.321Z] [DEBUG] Starting poll for pending jobs...
[2025-12-24T21:15:53.322Z] [DEBUG] Fetching pending jobs from API...
[2025-12-24T21:15:53.626Z] [INFO] Fetched 0 pending job(s)
[2025-12-24T21:15:53.627Z] [DEBUG] No pending jobs found
[2025-12-24T21:15:55.321Z] [DEBUG] Starting poll for pending jobs...
[2025-12-24T21:15:55.322Z] [DEBUG] Fetching pending jobs from API...
[2025-12-24T21:15:55.626Z] [INFO] Fetched 0 pending job(s)
[2025-12-24T21:15:55.627Z] [DEBUG] No pending jobs found
[2025-12-24T21:15:57.324Z] [DEBUG] Starting poll for pending jobs...
[2025-12-24T21:15:57.325Z] [DEBUG] Fetching pending jobs from API...
[2025-12-24T21:15:57.671Z] [INFO] Fetched 0 pending job(s)
[2025-12-24T21:15:57.672Z] [DEBUG] No pending jobs found
[2025-12-24T21:15:58.859Z] [ERROR] Failed to fetch pending jobs
{
  "error": "request to https://kamikuralk.online/api/get_pending_jobs.php failed, reason: socket hang up"
}
[2025-12-24T21:15:59.339Z] [DEBUG] Starting poll for pending jobs...
[2025-12-24T21:15:59.341Z] [DEBUG] Fetching pending jobs from API...
[2025-12-24T21:16:00.442Z] [INFO] Fetched 0 pending job(s)
[2025-12-24T21:16:00.442Z] [DEBUG] No pending jobs found
[2025-12-24T21:16:01.342Z] [DEBUG] Starting poll for pending jobs...
[2025-12-24T21:16:01.343Z] [DEBUG] Fetching pending jobs from API...
[2025-12-24T21:16:01.646Z] [INFO] Fetched 0 pending job(s)
[2025-12-24T21:16:01.647Z] [DEBUG] No pending jobs found
[2025-12-24T21:16:03.346Z] [DEBUG] Starting poll for pending jobs...
[2025-12-24T21:16:03.347Z] [DEBUG] Fetching pending jobs from API...
[2025-12-24T21:16:03.798Z] [INFO] Fetched 0 pending job(s)
[2025-12-24T21:16:03.798Z] [DEBUG] No pending jobs found
[2025-12-24T21:16:05.348Z] [DEBUG] Starting poll for pending jobs...
[2025-12-24T21:16:05.357Z] [DEBUG] Fetching pending jobs from API...
[2025-12-24T21:16:05.716Z] [INFO] Fetched 0 pending job(s)
[2025-12-24T21:16:05.717Z] [DEBUG] No pending jobs found
[2025-12-24T21:16:07.350Z] [DEBUG] Starting poll for pending jobs...
[2025-12-24T21:16:07.351Z] [DEBUG] Fetching pending jobs from API...
[2025-12-24T21:16:07.682Z] [INFO] Fetched 0 pending job(s)
[2025-12-24T21:16:07.683Z] [DEBUG] No pending jobs found
[2025-12-24T21:16:08.805Z] [DEBUG] Checking for failed jobs to retry...
[2025-12-24T21:16:08.806Z] [DEBUG] No failed jobs retry logic implemented yet
[2025-12-24T21:16:09.362Z] [DEBUG] Starting poll for pending jobs...
[2025-12-24T21:16:09.374Z] [DEBUG] Fetching pending jobs from API...
[2025-12-24T21:16:09.709Z] [INFO] Fetched 0 pending job(s)
[2025-12-24T21:16:09.709Z] [DEBUG] No pending jobs found
[2025-12-24T21:16:11.366Z] [DEBUG] Starting poll for pending jobs...
[2025-12-24T21:16:11.386Z] [DEBUG] Fetching pending jobs from API...
[2025-12-24T21:16:11.706Z] [INFO] Fetched 0 pending job(s)
[2025-12-24T21:16:11.730Z] [DEBUG] No pending jobs found
[2025-12-24T21:16:13.372Z] [DEBUG] Starting poll for pending jobs...
[2025-12-24T21:16:13.373Z] [DEBUG] Fetching pending jobs from API...
[2025-12-24T21:16:13.698Z] [INFO] Fetched 0 pending job(s)
[2025-12-24T21:16:13.698Z] [DEBUG] No pending jobs found
[2025-12-24T21:16:15.385Z] [DEBUG] Starting poll for pending jobs...
[2025-12-24T21:16:15.386Z] [DEBUG] Fetching pending jobs from API...
[2025-12-24T21:16:15.747Z] [INFO] Fetched 0 pending job(s)
[2025-12-24T21:16:15.748Z] [DEBUG] No pending jobs found
[2025-12-24T21:16:17.386Z] [DEBUG] Starting poll for pending jobs...
[2025-12-24T21:16:17.387Z] [DEBUG] Fetching pending jobs from API...
[2025-12-24T21:16:17.677Z] [INFO] Fetched 0 pending job(s)
[2025-12-24T21:16:17.677Z] [DEBUG] No pending jobs found
[2025-12-24T21:16:19.400Z] [DEBUG] Starting poll for pending jobs...
[2025-12-24T21:16:21.894Z] [DEBUG] Fetching pending jobs from API...
[2025-12-24T21:16:21.896Z] [DEBUG] Starting poll for pending jobs...
[2025-12-24T21:16:21.897Z] [DEBUG] Fetching pending jobs from API...
[2025-12-24T21:16:22.229Z] [INFO] Fetched 0 pending job(s)
[2025-12-24T21:16:22.229Z] [DEBUG] No pending jobs found
[2025-12-24T21:16:22.882Z] [INFO] Fetched 0 pending job(s)
[2025-12-24T21:16:22.883Z] [DEBUG] No pending jobs found
[2025-12-24T21:16:23.904Z] [DEBUG] Starting poll for pending jobs...
[2025-12-24T21:16:23.905Z] [DEBUG] Fetching pending jobs from API...
[2025-12-24T21:16:24.220Z] [INFO] Fetched 0 pending job(s)
[2025-12-24T21:16:24.221Z] [DEBUG] No pending jobs found
[2025-12-24T21:16:25.909Z] [DEBUG] Starting poll for pending jobs...
[2025-12-24T21:16:25.909Z] [DEBUG] Fetching pending jobs from API...
[2025-12-24T21:16:26.249Z] [INFO] Fetched 0 pending job(s)
[2025-12-24T21:16:26.249Z] [DEBUG] No pending jobs found
[2025-12-24T21:16:27.914Z] [DEBUG] Starting poll for pending jobs...
[2025-12-24T21:16:27.915Z] [DEBUG] Fetching pending jobs from API...
[2025-12-24T21:16:28.220Z] [INFO] Fetched 0 pending job(s)
[2025-12-24T21:16:28.221Z] [DEBUG] No pending jobs found
[2025-12-24T21:16:29.914Z] [DEBUG] Starting poll for pending jobs...
[2025-12-24T21:16:29.916Z] [DEBUG] Fetching pending jobs from API...
[2025-12-24T21:16:30.223Z] [INFO] Fetched 0 pending job(s)
[2025-12-24T21:16:30.224Z] [DEBUG] No pending jobs found
[2025-12-24T21:16:31.918Z] [DEBUG] Starting poll for pending jobs...
[2025-12-24T21:16:31.919Z] [DEBUG] Fetching pending jobs from API...
[2025-12-24T21:16:32.227Z] [INFO] Fetched 0 pending job(s)
[2025-12-24T21:16:32.228Z] [DEBUG] No pending jobs found
[2025-12-24T21:16:33.923Z] [DEBUG] Starting poll for pending jobs...
[2025-12-24T21:16:33.924Z] [DEBUG] Fetching pending jobs from API...
[2025-12-24T21:16:34.273Z] [INFO] Fetched 0 pending job(s)
[2025-12-24T21:16:34.274Z] [DEBUG] No pending jobs found
[2025-12-24T21:16:35.924Z] [DEBUG] Starting poll for pending jobs...
[2025-12-24T21:16:35.925Z] [DEBUG] Fetching pending jobs from API...
[2025-12-24T21:16:36.228Z] [INFO] Fetched 0 pending job(s)
[2025-12-24T21:16:36.229Z] [DEBUG] No pending jobs found
[2025-12-24T21:16:37.925Z] [DEBUG] Starting poll for pending jobs...
[2025-12-24T21:16:37.925Z] [DEBUG] Fetching pending jobs from API...
[2025-12-24T21:16:38.232Z] [INFO] Fetched 0 pending job(s)
[2025-12-24T21:16:38.233Z] [DEBUG] No pending jobs found
[2025-12-24T21:16:38.816Z] [DEBUG] Checking for failed jobs to retry...
[2025-12-24T21:16:38.818Z] [DEBUG] No failed jobs retry logic implemented yet
[2025-12-24T21:16:39.925Z] [DEBUG] Starting poll for pending jobs...
[2025-12-24T21:16:39.926Z] [DEBUG] Fetching pending jobs from API...
[2025-12-24T21:16:40.233Z] [INFO] Fetched 0 pending job(s)
[2025-12-24T21:16:40.234Z] [DEBUG] No pending jobs found
[2025-12-24T21:16:41.930Z] [DEBUG] Starting poll for pending jobs...
[2025-12-24T21:16:41.931Z] [DEBUG] Fetching pending jobs from API...
[2025-12-24T21:16:42.251Z] [INFO] Fetched 0 pending job(s)
[2025-12-24T21:16:42.252Z] [DEBUG] No pending jobs found
[2025-12-24T21:16:43.931Z] [DEBUG] Starting poll for pending jobs...
[2025-12-24T21:16:43.931Z] [DEBUG] Fetching pending jobs from API...
[2025-12-24T21:16:44.249Z] [INFO] Fetched 0 pending job(s)
[2025-12-24T21:16:44.250Z] [DEBUG] No pending jobs found
[2025-12-24T21:16:45.944Z] [DEBUG] Starting poll for pending jobs...
[2025-12-24T21:16:45.946Z] [DEBUG] Fetching pending jobs from API...
[2025-12-24T21:16:46.263Z] [INFO] Fetched 0 pending job(s)
[2025-12-24T21:16:46.264Z] [DEBUG] No pending jobs found
[2025-12-24T21:16:47.948Z] [DEBUG] Starting poll for pending jobs...
[2025-12-24T21:16:47.949Z] [DEBUG] Fetching pending jobs from API...
[2025-12-24T21:16:48.288Z] [INFO] Fetched 0 pending job(s)
[2025-12-24T21:16:48.289Z] [DEBUG] No pending jobs found
[2025-12-24T21:16:49.955Z] [DEBUG] Starting poll for pending jobs...
[2025-12-24T21:16:49.956Z] [DEBUG] Fetching pending jobs from API...
[2025-12-24T21:16:50.275Z] [INFO] Fetched 0 pending job(s)
[2025-12-24T21:16:50.276Z] [DEBUG] No pending jobs found
[2025-12-24T21:16:51.957Z] [DEBUG] Starting poll for pending jobs...
[2025-12-24T21:16:51.957Z] [DEBUG] Fetching pending jobs from API...
[2025-12-24T21:16:52.258Z] [INFO] Fetched 0 pending job(s)
[2025-12-24T21:16:52.258Z] [DEBUG] No pending jobs found
[2025-12-24T21:16:53.960Z] [DEBUG] Starting poll for pending jobs...
[2025-12-24T21:16:53.961Z] [DEBUG] Fetching pending jobs from API...
[2025-12-24T21:16:54.265Z] [INFO] Fetched 0 pending job(s)
[2025-12-24T21:16:54.266Z] [DEBUG] No pending jobs found
[2025-12-24T21:16:55.960Z] [DEBUG] Starting poll for pending jobs...
[2025-12-24T21:16:55.961Z] [DEBUG] Fetching pending jobs from API...
[2025-12-24T21:16:56.267Z] [INFO] Fetched 0 pending job(s)
[2025-12-24T21:16:56.268Z] [DEBUG] No pending jobs found
[2025-12-24T21:16:57.966Z] [DEBUG] Starting poll for pending jobs...
[2025-12-24T21:16:57.967Z] [DEBUG] Fetching pending jobs from API...
[2025-12-24T21:16:58.281Z] [INFO] Fetched 0 pending job(s)
[2025-12-24T21:16:58.282Z] [DEBUG] No pending jobs found
[2025-12-24T21:16:59.980Z] [DEBUG] Starting poll for pending jobs...
[2025-12-24T21:16:59.981Z] [DEBUG] Fetching pending jobs from API...
[2025-12-24T21:17:00.280Z] [INFO] Fetched 0 pending job(s)
[2025-12-24T21:17:00.281Z] [DEBUG] No pending jobs found
[2025-12-24T21:17:01.986Z] [DEBUG] Starting poll for pending jobs...
[2025-12-24T21:17:01.987Z] [DEBUG] Fetching pending jobs from API...
[2025-12-24T21:17:02.302Z] [INFO] Fetched 0 pending job(s)
[2025-12-24T21:17:02.303Z] [DEBUG] No pending jobs found
[2025-12-24T21:17:03.992Z] [DEBUG] Starting poll for pending jobs...
[2025-12-24T21:17:03.993Z] [DEBUG] Fetching pending jobs from API...
[2025-12-24T21:17:04.313Z] [INFO] Fetched 0 pending job(s)
[2025-12-24T21:17:04.313Z] [DEBUG] No pending jobs found
[2025-12-24T21:17:06.003Z] [DEBUG] Starting poll for pending jobs...
[2025-12-24T21:17:06.004Z] [DEBUG] Fetching pending jobs from API...
[2025-12-24T21:17:06.311Z] [INFO] Fetched 0 pending job(s)
[2025-12-24T21:17:06.311Z] [DEBUG] No pending jobs found
[2025-12-24T21:17:08.004Z] [DEBUG] Starting poll for pending jobs...
[2025-12-24T21:17:08.005Z] [DEBUG] Fetching pending jobs from API...
[2025-12-24T21:17:08.301Z] [INFO] Fetched 0 pending job(s)
[2025-12-24T21:17:08.303Z] [DEBUG] No pending jobs found
[2025-12-24T21:17:08.819Z] [DEBUG] Checking for failed jobs to retry...
[2025-12-24T21:17:08.820Z] [DEBUG] No failed jobs retry logic implemented yet
[2025-12-24T21:17:10.009Z] [DEBUG] Starting poll for pending jobs...
[2025-12-24T21:17:10.010Z] [DEBUG] Fetching pending jobs from API...
[2025-12-24T21:17:10.353Z] [INFO] Fetched 0 pending job(s)
[2025-12-24T21:17:10.354Z] [DEBUG] No pending jobs found
[2025-12-24T21:17:12.012Z] [DEBUG] Starting poll for pending jobs...
[2025-12-24T21:17:12.013Z] [DEBUG] Fetching pending jobs from API...
[2025-12-24T21:17:12.327Z] [INFO] Fetched 0 pending job(s)
[2025-12-24T21:17:12.327Z] [DEBUG] No pending jobs found
[2025-12-24T21:17:14.015Z] [DEBUG] Starting poll for pending jobs...
[2025-12-24T21:17:14.016Z] [DEBUG] Fetching pending jobs from API...
[2025-12-24T21:17:14.326Z] [INFO] Fetched 0 pending job(s)
[2025-12-24T21:17:14.327Z] [DEBUG] No pending jobs found
[2025-12-24T21:17:16.016Z] [DEBUG] Starting poll for pending jobs...
[2025-12-24T21:17:16.017Z] [DEBUG] Fetching pending jobs from API...
[2025-12-24T21:17:16.326Z] [INFO] Fetched 0 pending job(s)
[2025-12-24T21:17:16.326Z] [DEBUG] No pending jobs found
[2025-12-24T21:17:18.022Z] [DEBUG] Starting poll for pending jobs...
[2025-12-24T21:17:18.023Z] [DEBUG] Fetching pending jobs from API...
[2025-12-24T21:17:18.333Z] [INFO] Fetched 0 pending job(s)
[2025-12-24T21:17:18.334Z] [DEBUG] No pending jobs found
[2025-12-24T21:17:20.035Z] [DEBUG] Starting poll for pending jobs...
[2025-12-24T21:17:20.036Z] [DEBUG] Fetching pending jobs from API...
[2025-12-24T21:17:20.350Z] [INFO] Fetched 0 pending job(s)
[2025-12-24T21:17:20.351Z] [DEBUG] No pending jobs found
[2025-12-24T21:17:22.036Z] [DEBUG] Starting poll for pending jobs...
[2025-12-24T21:17:22.038Z] [DEBUG] Fetching pending jobs from API...
[2025-12-24T21:17:22.345Z] [INFO] Fetched 0 pending job(s)
[2025-12-24T21:17:22.346Z] [DEBUG] No pending jobs found
[2025-12-24T21:17:24.039Z] [DEBUG] Starting poll for pending jobs...
[2025-12-24T21:17:24.040Z] [DEBUG] Fetching pending jobs from API...
[2025-12-24T21:17:24.412Z] [INFO] Fetched 0 pending job(s)
[2025-12-24T21:17:24.413Z] [DEBUG] No pending jobs found
[2025-12-24T21:17:26.054Z] [DEBUG] Starting poll for pending jobs...
[2025-12-24T21:17:26.055Z] [DEBUG] Fetching pending jobs from API...
[2025-12-24T21:17:26.370Z] [INFO] Fetched 0 pending job(s)
[2025-12-24T21:17:26.370Z] [DEBUG] No pending jobs found
[2025-12-24T21:17:28.055Z] [DEBUG] Starting poll for pending jobs...
[2025-12-24T21:17:28.056Z] [DEBUG] Fetching pending jobs from API...
[2025-12-24T21:17:28.378Z] [INFO] Fetched 0 pending job(s)
[2025-12-24T21:17:28.379Z] [DEBUG] No pending jobs found
[2025-12-24T21:17:30.058Z] [DEBUG] Starting poll for pending jobs...
[2025-12-24T21:17:30.060Z] [DEBUG] Fetching pending jobs from API...
[2025-12-24T21:17:30.369Z] [INFO] Fetched 0 pending job(s)
[2025-12-24T21:17:30.370Z] [DEBUG] No pending jobs found
[2025-12-24T21:17:32.063Z] [DEBUG] Starting poll for pending jobs...
[2025-12-24T21:17:32.064Z] [DEBUG] Fetching pending jobs from API...
[2025-12-24T21:17:32.359Z] [INFO] Fetched 0 pending job(s)
[2025-12-24T21:17:32.360Z] [DEBUG] No pending jobs found
[2025-12-24T21:17:34.068Z] [DEBUG] Starting poll for pending jobs...
[2025-12-24T21:17:34.069Z] [DEBUG] Fetching pending jobs from API...
[2025-12-24T21:17:34.387Z] [INFO] Fetched 0 pending job(s)
[2025-12-24T21:17:34.388Z] [DEBUG] No pending jobs found
[2025-12-24T21:17:36.083Z] [DEBUG] Starting poll for pending jobs...
[2025-12-24T21:17:36.085Z] [DEBUG] Fetching pending jobs from API...
[2025-12-24T21:17:36.394Z] [INFO] Fetched 0 pending job(s)
[2025-12-24T21:17:36.395Z] [DEBUG] No pending jobs found
[2025-12-24T21:17:38.084Z] [DEBUG] Starting poll for pending jobs...
[2025-12-24T21:17:38.085Z] [DEBUG] Fetching pending jobs from API...
[2025-12-24T21:17:38.386Z] [INFO] Fetched 0 pending job(s)
[2025-12-24T21:17:38.387Z] [DEBUG] No pending jobs found
[2025-12-24T21:17:38.820Z] [DEBUG] Checking for failed jobs to retry...
[2025-12-24T21:17:38.820Z] [DEBUG] No failed jobs retry logic implemented yet
[2025-12-24T21:17:40.098Z] [DEBUG] Starting poll for pending jobs...
[2025-12-24T21:17:40.100Z] [DEBUG] Fetching pending jobs from API...
[2025-12-24T21:17:40.418Z] [INFO] Fetched 0 pending job(s)
[2025-12-24T21:17:40.419Z] [DEBUG] No pending jobs found
[2025-12-24T21:17:42.100Z] [DEBUG] Starting poll for pending jobs...
[2025-12-24T21:17:42.101Z] [DEBUG] Fetching pending jobs from API...
[2025-12-24T21:17:42.400Z] [INFO] Fetched 0 pending job(s)
[2025-12-24T21:17:42.401Z] [DEBUG] No pending jobs found
[2025-12-24T21:17:44.100Z] [DEBUG] Starting poll for pending jobs...
[2025-12-24T21:17:44.101Z] [DEBUG] Fetching pending jobs from API...
[2025-12-24T21:17:44.445Z] [INFO] Fetched 0 pending job(s)
[2025-12-24T21:17:44.446Z] [DEBUG] No pending jobs found
[2025-12-24T21:17:46.102Z] [DEBUG] Starting poll for pending jobs...
[2025-12-24T21:17:46.103Z] [DEBUG] Fetching pending jobs from API...
[2025-12-24T21:17:46.404Z] [INFO] Fetched 0 pending job(s)
[2025-12-24T21:17:46.404Z] [DEBUG] No pending jobs found
[2025-12-24T21:17:48.106Z] [DEBUG] Starting poll for pending jobs...
[2025-12-24T21:17:48.107Z] [DEBUG] Fetching pending jobs from API...
[2025-12-24T21:17:48.422Z] [INFO] Fetched 0 pending job(s)
[2025-12-24T21:17:48.423Z] [DEBUG] No pending jobs found
[2025-12-24T21:17:50.107Z] [DEBUG] Starting poll for pending jobs...
[2025-12-24T21:17:50.108Z] [DEBUG] Fetching pending jobs from API...
[2025-12-24T21:17:50.490Z] [INFO] Fetched 0 pending job(s)
[2025-12-24T21:17:50.490Z] [DEBUG] No pending jobs found
[2025-12-24T21:17:52.123Z] [DEBUG] Starting poll for pending jobs...
[2025-12-24T21:17:52.124Z] [DEBUG] Fetching pending jobs from API...
[2025-12-24T21:17:52.548Z] [INFO] Fetched 0 pending job(s)
[2025-12-24T21:17:52.549Z] [DEBUG] No pending jobs found
[2025-12-24T21:17:54.129Z] [DEBUG] Starting poll for pending jobs...
[2025-12-24T21:17:54.131Z] [DEBUG] Fetching pending jobs from API...
[2025-12-24T21:17:54.448Z] [INFO] Fetched 0 pending job(s)
[2025-12-24T21:17:54.448Z] [DEBUG] No pending jobs found
[2025-12-24T21:17:56.132Z] [DEBUG] Starting poll for pending jobs...
[2025-12-24T21:17:56.133Z] [DEBUG] Fetching pending jobs from API...
[2025-12-24T21:17:56.437Z] [INFO] Fetched 0 pending job(s)
[2025-12-24T21:17:56.438Z] [DEBUG] No pending jobs found
[2025-12-24T21:17:58.134Z] [DEBUG] Starting poll for pending jobs...
[2025-12-24T21:17:58.134Z] [DEBUG] Fetching pending jobs from API...
[2025-12-24T21:17:58.436Z] [INFO] Fetched 0 pending job(s)
[2025-12-24T21:17:58.437Z] [DEBUG] No pending jobs found
[2025-12-24T21:18:00.137Z] [DEBUG] Starting poll for pending jobs...
[2025-12-24T21:18:00.138Z] [DEBUG] Fetching pending jobs from API...
[2025-12-24T21:18:00.447Z] [INFO] Fetched 0 pending job(s)
[2025-12-24T21:18:00.448Z] [DEBUG] No pending jobs found
[2025-12-24T21:18:02.143Z] [DEBUG] Starting poll for pending jobs...
[2025-12-24T21:18:02.145Z] [DEBUG] Fetching pending jobs from API...
[2025-12-24T21:18:02.440Z] [INFO] Fetched 0 pending job(s)
[2025-12-24T21:18:02.441Z] [DEBUG] No pending jobs found
[2025-12-24T21:18:04.143Z] [DEBUG] Starting poll for pending jobs...
[2025-12-24T21:18:04.145Z] [DEBUG] Fetching pending jobs from API...
[2025-12-24T21:18:04.472Z] [INFO] Fetched 0 pending job(s)
[2025-12-24T21:18:04.472Z] [DEBUG] No pending jobs found
[2025-12-24T21:18:06.148Z] [DEBUG] Starting poll for pending jobs...
[2025-12-24T21:18:06.149Z] [DEBUG] Fetching pending jobs from API...
[2025-12-24T21:18:06.471Z] [INFO] Fetched 0 pending job(s)
[2025-12-24T21:18:06.472Z] [DEBUG] No pending jobs found
[2025-12-24T21:18:08.152Z] [DEBUG] Starting poll for pending jobs...
[2025-12-24T21:18:08.153Z] [DEBUG] Fetching pending jobs from API...
[2025-12-24T21:18:08.473Z] [INFO] Fetched 0 pending job(s)
[2025-12-24T21:18:08.474Z] [DEBUG] No pending jobs found
[2025-12-24T21:18:08.824Z] [DEBUG] Checking for failed jobs to retry...
[2025-12-24T21:18:08.825Z] [DEBUG] No failed jobs retry logic implemented yet
[2025-12-24T21:18:10.167Z] [DEBUG] Starting poll for pending jobs...
[2025-12-24T21:18:10.168Z] [DEBUG] Fetching pending jobs from API...
[2025-12-24T21:18:10.489Z] [INFO] Fetched 0 pending job(s)
[2025-12-24T21:18:10.490Z] [DEBUG] No pending jobs found
[2025-12-24T21:18:12.167Z] [DEBUG] Starting poll for pending jobs...
[2025-12-24T21:18:12.168Z] [DEBUG] Fetching pending jobs from API...
[2025-12-24T21:18:12.483Z] [INFO] Fetched 0 pending job(s)
[2025-12-24T21:18:12.484Z] [DEBUG] No pending jobs found
[2025-12-24T21:18:14.168Z] [DEBUG] Starting poll for pending jobs...
[2025-12-24T21:18:14.168Z] [DEBUG] Fetching pending jobs from API...
[2025-12-24T21:18:14.481Z] [INFO] Fetched 0 pending job(s)
[2025-12-24T21:18:14.482Z] [DEBUG] No pending jobs found
[2025-12-24T21:18:16.168Z] [DEBUG] Starting poll for pending jobs...
[2025-12-24T21:18:16.169Z] [DEBUG] Fetching pending jobs from API...
[2025-12-24T21:18:16.477Z] [INFO] Fetched 0 pending job(s)
[2025-12-24T21:18:16.478Z] [DEBUG] No pending jobs found
[2025-12-24T21:18:18.171Z] [DEBUG] Starting poll for pending jobs...
[2025-12-24T21:18:18.172Z] [DEBUG] Fetching pending jobs from API...
[2025-12-24T21:18:18.479Z] [INFO] Fetched 0 pending job(s)
[2025-12-24T21:18:18.480Z] [DEBUG] No pending jobs found
[2025-12-24T21:18:20.175Z] [DEBUG] Starting poll for pending jobs...
[2025-12-24T21:18:20.176Z] [DEBUG] Fetching pending jobs from API...
[2025-12-24T21:18:20.482Z] [INFO] Fetched 0 pending job(s)
[2025-12-24T21:18:20.483Z] [DEBUG] No pending jobs found
[2025-12-24T21:18:22.177Z] [DEBUG] Starting poll for pending jobs...
[2025-12-24T21:18:22.178Z] [DEBUG] Fetching pending jobs from API...
[2025-12-24T21:18:22.483Z] [INFO] Fetched 0 pending job(s)
[2025-12-24T21:18:22.483Z] [DEBUG] No pending jobs found
[2025-12-24T21:18:24.183Z] [DEBUG] Starting poll for pending jobs...
[2025-12-24T21:18:24.184Z] [DEBUG] Fetching pending jobs from API...
[2025-12-24T21:18:24.487Z] [INFO] Fetched 0 pending job(s)
[2025-12-24T21:18:24.487Z] [DEBUG] No pending jobs found
[2025-12-24T21:18:26.197Z] [DEBUG] Starting poll for pending jobs...
[2025-12-24T21:18:26.198Z] [DEBUG] Fetching pending jobs from API...
[2025-12-24T21:18:26.486Z] [INFO] Fetched 0 pending job(s)
[2025-12-24T21:18:26.487Z] [DEBUG] No pending jobs found
[2025-12-24T21:18:28.199Z] [DEBUG] Starting poll for pending jobs...
[2025-12-24T21:18:28.199Z] [DEBUG] Fetching pending jobs from API...
[2025-12-24T21:18:28.502Z] [INFO] Fetched 0 pending job(s)
[2025-12-24T21:18:28.503Z] [DEBUG] No pending jobs found
[2025-12-24T21:18:30.199Z] [DEBUG] Starting poll for pending jobs...
[2025-12-24T21:18:30.200Z] [DEBUG] Fetching pending jobs from API...
[2025-12-24T21:18:30.522Z] [INFO] Fetched 0 pending job(s)
[2025-12-24T21:18:30.523Z] [DEBUG] No pending jobs found
[2025-12-24T21:18:32.203Z] [DEBUG] Starting poll for pending jobs...
[2025-12-24T21:18:32.205Z] [DEBUG] Fetching pending jobs from API...
[2025-12-24T21:18:32.527Z] [INFO] Fetched 0 pending job(s)
[2025-12-24T21:18:32.527Z] [DEBUG] No pending jobs found
[2025-12-24T21:18:34.217Z] [DEBUG] Starting poll for pending jobs...
[2025-12-24T21:18:34.218Z] [DEBUG] Fetching pending jobs from API...
[2025-12-24T21:18:34.521Z] [INFO] Fetched 0 pending job(s)
[2025-12-24T21:18:34.522Z] [DEBUG] No pending jobs found
[2025-12-24T21:18:36.230Z] [DEBUG] Starting poll for pending jobs...
[2025-12-24T21:18:36.231Z] [DEBUG] Fetching pending jobs from API...
[2025-12-24T21:18:36.538Z] [INFO] Fetched 0 pending job(s)
[2025-12-24T21:18:36.538Z] [DEBUG] No pending jobs found
[2025-12-24T21:18:38.233Z] [DEBUG] Starting poll for pending jobs...
[2025-12-24T21:18:38.234Z] [DEBUG] Fetching pending jobs from API...
[2025-12-24T21:18:38.547Z] [INFO] Fetched 0 pending job(s)
[2025-12-24T21:18:38.548Z] [DEBUG] No pending jobs found
[2025-12-24T21:18:38.828Z] [DEBUG] Checking for failed jobs to retry...
[2025-12-24T21:18:38.829Z] [DEBUG] No failed jobs retry logic implemented yet
[2025-12-24T21:18:40.235Z] [DEBUG] Starting poll for pending jobs...
[2025-12-24T21:18:40.236Z] [DEBUG] Fetching pending jobs from API...
[2025-12-24T21:18:40.532Z] [INFO] Fetched 0 pending job(s)
[2025-12-24T21:18:40.532Z] [DEBUG] No pending jobs found
[2025-12-24T21:18:42.250Z] [DEBUG] Starting poll for pending jobs...
[2025-12-24T21:18:42.252Z] [DEBUG] Fetching pending jobs from API...
[2025-12-24T21:18:42.579Z] [INFO] Fetched 0 pending job(s)
[2025-12-24T21:18:42.580Z] [DEBUG] No pending jobs found
[2025-12-24T21:18:44.251Z] [DEBUG] Starting poll for pending jobs...
[2025-12-24T21:18:44.254Z] [DEBUG] Fetching pending jobs from API...
[2025-12-24T21:18:44.545Z] [INFO] Fetched 0 pending job(s)
[2025-12-24T21:18:44.546Z] [DEBUG] No pending jobs found
[2025-12-24T21:18:46.259Z] [DEBUG] Starting poll for pending jobs...
[2025-12-24T21:18:46.260Z] [DEBUG] Fetching pending jobs from API...
[2025-12-24T21:18:46.561Z] [INFO] Fetched 0 pending job(s)
[2025-12-24T21:18:46.561Z] [DEBUG] No pending jobs found
[2025-12-24T21:18:48.260Z] [DEBUG] Starting poll for pending jobs...
[2025-12-24T21:18:48.261Z] [DEBUG] Fetching pending jobs from API...
[2025-12-24T21:18:48.548Z] [INFO] Fetched 0 pending job(s)
[2025-12-24T21:18:48.548Z] [DEBUG] No pending jobs found
[2025-12-24T21:18:50.274Z] [DEBUG] Starting poll for pending jobs...
[2025-12-24T21:18:50.275Z] [DEBUG] Fetching pending jobs from API...
[2025-12-24T21:18:50.593Z] [INFO] Fetched 0 pending job(s)
[2025-12-24T21:18:50.594Z] [DEBUG] No pending jobs found
[2025-12-24T21:18:52.281Z] [DEBUG] Starting poll for pending jobs...
[2025-12-24T21:18:52.282Z] [DEBUG] Fetching pending jobs from API...
[2025-12-24T21:18:52.576Z] [INFO] Fetched 0 pending job(s)
[2025-12-24T21:18:52.577Z] [DEBUG] No pending jobs found
[2025-12-24T21:18:54.295Z] [DEBUG] Starting poll for pending jobs...
[2025-12-24T21:18:54.296Z] [DEBUG] Fetching pending jobs from API...
[2025-12-24T21:18:54.642Z] [INFO] Fetched 0 pending job(s)
[2025-12-24T21:18:54.643Z] [DEBUG] No pending jobs found
[2025-12-24T21:18:56.297Z] [DEBUG] Starting poll for pending jobs...
[2025-12-24T21:18:56.298Z] [DEBUG] Fetching pending jobs from API...
[2025-12-24T21:18:56.585Z] [INFO] Fetched 0 pending job(s)
[2025-12-24T21:18:56.585Z] [DEBUG] No pending jobs found
[2025-12-24T21:18:57.646Z] [INFO] Found 1 pending job(s)
[2025-12-24T21:18:57.647Z] [INFO] Processing job 7 (kot) for Kitchen Printer
[2025-12-24T21:18:58.312Z] [DEBUG] Starting poll for pending jobs...
[2025-12-24T21:18:58.314Z] [DEBUG] Fetching pending jobs from API...
[2025-12-24T21:18:58.349Z] [INFO] ✓ Job 7 printed successfully
[2025-12-24T21:18:58.614Z] [INFO] Fetched 0 pending job(s)
[2025-12-24T21:18:58.615Z] [DEBUG] No pending jobs found
[2025-12-24T21:19:00.314Z] [DEBUG] Starting poll for pending jobs...
[2025-12-24T21:19:00.315Z] [DEBUG] Fetching pending jobs from API...
[2025-12-24T21:19:00.606Z] [INFO] Fetched 0 pending job(s)
[2025-12-24T21:19:00.607Z] [DEBUG] No pending jobs found
[2025-12-24T21:19:02.318Z] [DEBUG] Starting poll for pending jobs...
[2025-12-24T21:19:02.319Z] [DEBUG] Fetching pending jobs from API...
[2025-12-24T21:19:02.623Z] [INFO] Fetched 0 pending job(s)
[2025-12-24T21:19:02.623Z] [DEBUG] No pending jobs found
[2025-12-24T21:19:04.330Z] [DEBUG] Starting poll for pending jobs...
[2025-12-24T21:19:04.331Z] [DEBUG] Fetching pending jobs from API...
[2025-12-24T21:19:04.660Z] [INFO] Fetched 0 pending job(s)
[2025-12-24T21:19:04.661Z] [DEBUG] No pending jobs found
[2025-12-24T21:19:06.340Z] [DEBUG] Starting poll for pending jobs...
[2025-12-24T21:19:06.341Z] [DEBUG] Fetching pending jobs from API...
[2025-12-24T21:19:06.640Z] [INFO] Fetched 0 pending job(s)
[2025-12-24T21:19:06.641Z] [DEBUG] No pending jobs found
[2025-12-24T21:19:08.346Z] [DEBUG] Starting poll for pending jobs...
[2025-12-24T21:19:08.346Z] [DEBUG] Fetching pending jobs from API...
[2025-12-24T21:19:08.643Z] [INFO] Fetched 0 pending job(s)
[2025-12-24T21:19:08.644Z] [DEBUG] No pending jobs found
[2025-12-24T21:19:08.836Z] [DEBUG] Checking for failed jobs to retry...
[2025-12-24T21:19:08.837Z] [DEBUG] No failed jobs retry logic implemented yet
[2025-12-24T21:19:10.360Z] [DEBUG] Starting poll for pending jobs...
[2025-12-24T21:19:10.361Z] [DEBUG] Fetching pending jobs from API...
[2025-12-24T21:19:10.665Z] [INFO] Fetched 0 pending job(s)
[2025-12-24T21:19:10.666Z] [DEBUG] No pending jobs found
[2025-12-24T21:19:12.375Z] [DEBUG] Starting poll for pending jobs...
[2025-12-24T21:19:12.376Z] [DEBUG] Fetching pending jobs from API...
[2025-12-24T21:19:12.693Z] [INFO] Fetched 0 pending job(s)
[2025-12-24T21:19:12.694Z] [DEBUG] No pending jobs found
[2025-12-24T21:19:14.380Z] [DEBUG] Starting poll for pending jobs...
[2025-12-24T21:19:14.381Z] [DEBUG] Fetching pending jobs from API...
[2025-12-24T21:19:14.683Z] [INFO] Fetched 0 pending job(s)
[2025-12-24T21:19:14.684Z] [DEBUG] No pending jobs found
[2025-12-24T21:19:16.388Z] [DEBUG] Starting poll for pending jobs...
[2025-12-24T21:19:16.389Z] [DEBUG] Fetching pending jobs from API...
[2025-12-24T21:19:16.694Z] [INFO] Fetched 0 pending job(s)
[2025-12-24T21:19:16.695Z] [DEBUG] No pending jobs found
[2025-12-24T21:19:18.390Z] [DEBUG] Starting poll for pending jobs...
[2025-12-24T21:19:18.391Z] [DEBUG] Fetching pending jobs from API...
[2025-12-24T21:19:18.725Z] [INFO] Fetched 0 pending job(s)
[2025-12-24T21:19:18.726Z] [DEBUG] No pending jobs found
[2025-12-24T21:19:20.399Z] [DEBUG] Starting poll for pending jobs...
[2025-12-24T21:19:20.400Z] [DEBUG] Fetching pending jobs from API...
[2025-12-24T21:19:20.699Z] [INFO] Fetched 0 pending job(s)
[2025-12-24T21:19:20.699Z] [DEBUG] No pending jobs found
[2025-12-24T21:19:22.405Z] [DEBUG] Starting poll for pending jobs...
[2025-12-24T21:19:22.406Z] [DEBUG] Fetching pending jobs from API...
[2025-12-24T21:19:22.704Z] [INFO] Fetched 0 pending job(s)
[2025-12-24T21:19:22.704Z] [DEBUG] No pending jobs found
[2025-12-24T21:19:24.416Z] [DEBUG] Starting poll for pending jobs...
[2025-12-24T21:19:24.416Z] [DEBUG] Fetching pending jobs from API...
[2025-12-24T21:19:24.706Z] [INFO] Fetched 0 pending job(s)
[2025-12-24T21:19:24.707Z] [DEBUG] No pending jobs found
[2025-12-24T21:19:26.421Z] [DEBUG] Starting poll for pending jobs...
[2025-12-24T21:19:26.422Z] [DEBUG] Fetching pending jobs from API...
[2025-12-24T21:19:26.719Z] [INFO] Fetched 0 pending job(s)
[2025-12-24T21:19:26.720Z] [DEBUG] No pending jobs found
[2025-12-24T21:19:27.744Z] [INFO] Found 1 pending job(s)
[2025-12-24T21:19:27.744Z] [INFO] Processing job 12 (bar_ticket) for Bar Printer
[2025-12-24T21:19:28.374Z] [INFO] ✓ Job 12 printed successfully
[2025-12-24T21:19:28.424Z] [DEBUG] Starting poll for pending jobs...
[2025-12-24T21:19:28.425Z] [DEBUG] Fetching pending jobs from API...
[2025-12-24T21:19:28.730Z] [INFO] Fetched 0 pending job(s)
[2025-12-24T21:19:28.731Z] [DEBUG] No pending jobs found
[2025-12-24T21:19:30.439Z] [DEBUG] Starting poll for pending jobs...
[2025-12-24T21:19:30.440Z] [DEBUG] Fetching pending jobs from API...
[2025-12-24T21:19:30.754Z] [INFO] Fetched 0 pending job(s)
[2025-12-24T21:19:30.754Z] [DEBUG] No pending jobs found
[2025-12-24T21:19:32.452Z] [DEBUG] Starting poll for pending jobs...
[2025-12-24T21:19:32.453Z] [DEBUG] Fetching pending jobs from API...
[2025-12-24T21:19:32.779Z] [INFO] Fetched 0 pending job(s)
[2025-12-24T21:19:32.780Z] [DEBUG] No pending jobs found
[2025-12-24T21:19:34.459Z] [DEBUG] Starting poll for pending jobs...
[2025-12-24T21:19:34.460Z] [DEBUG] Fetching pending jobs from API...
[2025-12-24T21:19:34.782Z] [INFO] Fetched 0 pending job(s)
[2025-12-24T21:19:34.783Z] [DEBUG] No pending jobs found
[2025-12-24T21:19:36.471Z] [DEBUG] Starting poll for pending jobs...
[2025-12-24T21:19:36.472Z] [DEBUG] Fetching pending jobs from API...
[2025-12-24T21:19:36.820Z] [INFO] Fetched 0 pending job(s)
[2025-12-24T21:19:36.821Z] [DEBUG] No pending jobs found
[2025-12-24T21:19:38.487Z] [DEBUG] Starting poll for pending jobs...
[2025-12-24T21:19:38.488Z] [DEBUG] Fetching pending jobs from API...
[2025-12-24T21:19:38.802Z] [INFO] Fetched 0 pending job(s)
[2025-12-24T21:19:38.803Z] [DEBUG] No pending jobs found
[2025-12-24T21:19:38.838Z] [DEBUG] Checking for failed jobs to retry...
[2025-12-24T21:19:38.839Z] [DEBUG] No failed jobs retry logic implemented yet
[2025-12-24T21:19:40.489Z] [DEBUG] Starting poll for pending jobs...
[2025-12-24T21:19:40.490Z] [DEBUG] Fetching pending jobs from API...
[2025-12-24T21:19:40.804Z] [INFO] Fetched 0 pending job(s)
[2025-12-24T21:19:40.805Z] [DEBUG] No pending jobs found
[2025-12-24T21:19:42.502Z] [DEBUG] Starting poll for pending jobs...
[2025-12-24T21:19:42.504Z] [DEBUG] Fetching pending jobs from API...
[2025-12-24T21:19:42.805Z] [INFO] Fetched 0 pending job(s)
[2025-12-24T21:19:42.806Z] [DEBUG] No pending jobs found
[2025-12-24T21:19:44.513Z] [DEBUG] Starting poll for pending jobs...
[2025-12-24T21:19:44.514Z] [DEBUG] Fetching pending jobs from API...
[2025-12-24T21:19:44.804Z] [INFO] Fetched 0 pending job(s)
[2025-12-24T21:19:44.805Z] [DEBUG] No pending jobs found
[2025-12-24T21:19:46.521Z] [DEBUG] Starting poll for pending jobs...
[2025-12-24T21:19:46.522Z] [DEBUG] Fetching pending jobs from API...
[2025-12-24T21:19:46.863Z] [INFO] Fetched 0 pending job(s)
[2025-12-24T21:19:46.864Z] [DEBUG] No pending jobs found
[2025-12-24T21:19:48.530Z] [DEBUG] Starting poll for pending jobs...
[2025-12-24T21:19:48.531Z] [DEBUG] Fetching pending jobs from API...
[2025-12-24T21:19:48.852Z] [INFO] Fetched 0 pending job(s)
[2025-12-24T21:19:48.853Z] [DEBUG] No pending jobs found
[2025-12-24T21:19:50.536Z] [DEBUG] Starting poll for pending jobs...
[2025-12-24T21:19:50.536Z] [DEBUG] Fetching pending jobs from API...
[2025-12-24T21:19:50.844Z] [INFO] Fetched 0 pending job(s)
[2025-12-24T21:19:50.845Z] [DEBUG] No pending jobs found
[2025-12-24T21:19:52.538Z] [DEBUG] Starting poll for pending jobs...
[2025-12-24T21:19:52.539Z] [DEBUG] Fetching pending jobs from API...
[2025-12-24T21:19:52.868Z] [INFO] Fetched 0 pending job(s)
[2025-12-24T21:19:52.869Z] [DEBUG] No pending jobs found
[2025-12-24T21:19:54.545Z] [DEBUG] Starting poll for pending jobs...
[2025-12-24T21:19:54.546Z] [DEBUG] Fetching pending jobs from API...
[2025-12-24T21:19:54.876Z] [INFO] Fetched 0 pending job(s)
[2025-12-24T21:19:54.876Z] [DEBUG] No pending jobs found
[2025-12-24T21:19:56.553Z] [DEBUG] Starting poll for pending jobs...
[2025-12-24T21:19:56.554Z] [DEBUG] Fetching pending jobs from API...
[2025-12-24T21:19:56.870Z] [INFO] Fetched 0 pending job(s)
[2025-12-24T21:19:56.870Z] [DEBUG] No pending jobs found
[2025-12-24T21:19:58.560Z] [DEBUG] Starting poll for pending jobs...
[2025-12-24T21:19:58.561Z] [DEBUG] Fetching pending jobs from API...
[2025-12-24T21:19:58.861Z] [INFO] Fetched 0 pending job(s)
[2025-12-24T21:19:58.862Z] [DEBUG] No pending jobs found
[2025-12-24T21:20:00.565Z] [DEBUG] Starting poll for pending jobs...
[2025-12-24T21:20:00.566Z] [DEBUG] Fetching pending jobs from API...
[2025-12-24T21:20:00.867Z] [INFO] Fetched 0 pending job(s)
[2025-12-24T21:20:00.868Z] [DEBUG] No pending jobs found
[2025-12-24T21:20:02.569Z] [DEBUG] Starting poll for pending jobs...
[2025-12-24T21:20:02.569Z] [DEBUG] Fetching pending jobs from API...
[2025-12-24T21:20:02.868Z] [INFO] Fetched 0 pending job(s)
[2025-12-24T21:20:02.868Z] [DEBUG] No pending jobs found
[2025-12-24T21:20:04.574Z] [DEBUG] Starting poll for pending jobs...
[2025-12-24T21:20:04.575Z] [DEBUG] Fetching pending jobs from API...
[2025-12-24T21:20:04.888Z] [INFO] Fetched 0 pending job(s)
[2025-12-24T21:20:04.889Z] [DEBUG] No pending jobs found
[2025-12-24T21:29:20.036Z] [INFO] Found 1 pending job(s)
[2025-12-24T21:29:20.037Z] [INFO] Processing job 13 (kot) for Kitchen Printer
[2025-12-24T21:29:30.364Z] [WARN] Print attempt 1 failed for job 13, retrying...
{
  "error": "Print timeout"
}
[2025-12-24T21:29:43.389Z] [WARN] Print attempt 2 failed for job 13, retrying...
{
  "error": "Print timeout"
}
[2025-12-24T21:29:57.387Z] [ERROR] ✗ Job 13 failed
{
  "error": "Print timeout"
}
[2025-12-24T21:47:29.588Z] [ERROR] Failed to fetch pending jobs
{
  "error": "request to https://kamikuralk.online/api/get_pending_jobs.php failed, reason: socket hang up"
}
[2025-12-24T22:09:50.126Z] [ERROR] Failed to fetch pending jobs
{
  "error": "request to https://kamikuralk.online/api/get_pending_jobs.php failed, reason: socket hang up"
}
[2025-12-24T22:16:20.282Z] [ERROR] Failed to fetch pending jobs
{
  "error": "fetch failed"
}
[2025-12-24T22:27:40.557Z] [ERROR] Failed to fetch pending jobs
{
  "error": "fetch failed"
}
[2025-12-24T22:33:10.696Z] [ERROR] Failed to fetch pending jobs
{
  "error": "request to https://kamikuralk.online/api/get_pending_jobs.php failed, reason: socket hang up"
}
[2025-12-24T23:01:41.731Z] [ERROR] Failed to fetch pending jobs
{
  "error": "request to https://kamikuralk.online/api/get_pending_jobs.php failed, reason: read ECONNRESET"
}
[2025-12-24T23:01:43.618Z] [ERROR] Failed to fetch pending jobs
{
  "error": "fetch failed"
}
[2025-12-24T23:01:44.663Z] [ERROR] Failed to fetch pending jobs
{
  "error": "request to https://kamikuralk.online/api/get_pending_jobs.php failed, reason: getaddrinfo ENOENT kamikuralk.online"
}
[2025-12-24T23:01:44.664Z] [ERROR] Failed to fetch pending jobs
{
  "error": "fetch failed"
}
[2025-12-24T23:01:44.665Z] [ERROR] Failed to fetch pending jobs
{
  "error": "fetch failed"
}
[2025-12-24T23:01:44.666Z] [ERROR] Failed to fetch pending jobs
{
  "error": "fetch failed"
}
[2025-12-24T23:01:44.665Z] [ERROR] Failed to fetch pending jobs
{
  "error": "request to https://kamikuralk.online/api/get_pending_jobs.php failed, reason: getaddrinfo ENOTFOUND kamikuralk.online"
}
[2025-12-24T23:01:44.668Z] [ERROR] Failed to fetch pending jobs
{
  "error": "fetch failed"
}
[2025-12-24T23:01:44.669Z] [ERROR] Failed to fetch pending jobs
{
  "error": "fetch failed"
}
[2025-12-24T23:01:44.667Z] [ERROR] Failed to fetch pending jobs
{
  "error": "request to https://kamikuralk.online/api/get_pending_jobs.php failed, reason: getaddrinfo ENOENT kamikuralk.online"
}
[2025-12-24T23:01:44.672Z] [ERROR] Failed to fetch pending jobs
{
  "error": "request to https://kamikuralk.online/api/get_pending_jobs.php failed, reason: getaddrinfo ENOTFOUND kamikuralk.online"
}
[2025-12-24T23:01:44.674Z] [ERROR] Failed to fetch pending jobs
{
  "error": "request to https://kamikuralk.online/api/get_pending_jobs.php failed, reason: getaddrinfo ENOTFOUND kamikuralk.online"
}
[2025-12-24T23:01:44.676Z] [ERROR] Failed to fetch pending jobs
{
  "error": "request to https://kamikuralk.online/api/get_pending_jobs.php failed, reason: getaddrinfo ENOTFOUND kamikuralk.online"
}
[2025-12-24T23:01:45.639Z] [ERROR] Failed to fetch pending jobs
{
  "error": "fetch failed"
}
[2025-12-24T23:01:46.365Z] [ERROR] Failed to fetch pending jobs
{
  "error": "request to https://kamikuralk.online/api/get_pending_jobs.php failed, reason: getaddrinfo ENOTFOUND kamikuralk.online"
}
[2025-12-24T23:01:47.645Z] [ERROR] Failed to fetch pending jobs
{
  "error": "fetch failed"
}
[2025-12-24T23:01:48.371Z] [ERROR] Failed to fetch pending jobs
{
  "error": "request to https://kamikuralk.online/api/get_pending_jobs.php failed, reason: getaddrinfo ENOTFOUND kamikuralk.online"
}
[2025-12-24T23:01:49.659Z] [ERROR] Failed to fetch pending jobs
{
  "error": "fetch failed"
}
[2025-12-24T23:01:50.375Z] [ERROR] Failed to fetch pending jobs
{
  "error": "request to https://kamikuralk.online/api/get_pending_jobs.php failed, reason: getaddrinfo ENOTFOUND kamikuralk.online"
}
[2025-12-24T23:01:51.667Z] [ERROR] Failed to fetch pending jobs
{
  "error": "fetch failed"
}
[2025-12-24T23:01:52.381Z] [ERROR] Failed to fetch pending jobs
{
  "error": "request to https://kamikuralk.online/api/get_pending_jobs.php failed, reason: getaddrinfo ENOTFOUND kamikuralk.online"
}
[2025-12-24T23:01:53.674Z] [ERROR] Failed to fetch pending jobs
{
  "error": "fetch failed"
}
[2025-12-24T23:01:54.385Z] [ERROR] Failed to fetch pending jobs
{
  "error": "request to https://kamikuralk.online/api/get_pending_jobs.php failed, reason: getaddrinfo ENOTFOUND kamikuralk.online"
}
[2025-12-24T23:01:55.205Z] [ERROR] Failed to fetch pending jobs
{
  "error": "fetch failed"
}
[2025-12-24T23:01:55.684Z] [ERROR] Failed to fetch pending jobs
{
  "error": "fetch failed"
}
[2025-12-24T23:01:56.393Z] [ERROR] Failed to fetch pending jobs
{
  "error": "request to https://kamikuralk.online/api/get_pending_jobs.php failed, reason: getaddrinfo ENOTFOUND kamikuralk.online"
}
[2025-12-24T23:01:57.689Z] [ERROR] Failed to fetch pending jobs
{
  "error": "fetch failed"
}
[2025-12-24T23:01:58.399Z] [ERROR] Failed to fetch pending jobs
{
  "error": "request to https://kamikuralk.online/api/get_pending_jobs.php failed, reason: getaddrinfo ENOTFOUND kamikuralk.online"
}
[2025-12-24T23:01:59.695Z] [ERROR] Failed to fetch pending jobs
{
  "error": "fetch failed"
}
[2025-12-24T23:02:00.408Z] [ERROR] Failed to fetch pending jobs
{
  "error": "request to https://kamikuralk.online/api/get_pending_jobs.php failed, reason: getaddrinfo ENOTFOUND kamikuralk.online"
}
[2025-12-24T23:02:01.699Z] [ERROR] Failed to fetch pending jobs
{
  "error": "fetch failed"
}
[2025-12-24T23:02:02.409Z] [ERROR] Failed to fetch pending jobs
{
  "error": "request to https://kamikuralk.online/api/get_pending_jobs.php failed, reason: getaddrinfo ENOTFOUND kamikuralk.online"
}
[2025-12-24T23:02:03.700Z] [ERROR] Failed to fetch pending jobs
{
  "error": "fetch failed"
}
[2025-12-24T23:02:04.410Z] [ERROR] Failed to fetch pending jobs
{
  "error": "request to https://kamikuralk.online/api/get_pending_jobs.php failed, reason: getaddrinfo ENOTFOUND kamikuralk.online"
}
[2025-12-24T23:02:05.701Z] [ERROR] Failed to fetch pending jobs
{
  "error": "fetch failed"
}
[2025-12-24T23:02:06.422Z] [ERROR] Failed to fetch pending jobs
{
  "error": "request to https://kamikuralk.online/api/get_pending_jobs.php failed, reason: getaddrinfo ENOTFOUND kamikuralk.online"
}
[2025-12-24T23:02:07.702Z] [ERROR] Failed to fetch pending jobs
{
  "error": "fetch failed"
}
[2025-12-24T23:02:08.436Z] [ERROR] Failed to fetch pending jobs
{
  "error": "request to https://kamikuralk.online/api/get_pending_jobs.php failed, reason: getaddrinfo ENOTFOUND kamikuralk.online"
}
[2025-12-24T23:02:09.715Z] [ERROR] Failed to fetch pending jobs
{
  "error": "fetch failed"
}
[2025-12-24T23:02:10.442Z] [ERROR] Failed to fetch pending jobs
{
  "error": "request to https://kamikuralk.online/api/get_pending_jobs.php failed, reason: getaddrinfo ENOTFOUND kamikuralk.online"
}
[2025-12-24T23:02:11.720Z] [ERROR] Failed to fetch pending jobs
{
  "error": "fetch failed"
}
[2025-12-24T23:02:12.447Z] [ERROR] Failed to fetch pending jobs
{
  "error": "request to https://kamikuralk.online/api/get_pending_jobs.php failed, reason: getaddrinfo ENOTFOUND kamikuralk.online"
}
[2025-12-24T23:02:13.723Z] [ERROR] Failed to fetch pending jobs
{
  "error": "fetch failed"
}
[2025-12-24T23:02:14.447Z] [ERROR] Failed to fetch pending jobs
{
  "error": "request to https://kamikuralk.online/api/get_pending_jobs.php failed, reason: getaddrinfo ENOTFOUND kamikuralk.online"
}
[2025-12-24T23:02:15.728Z] [ERROR] Failed to fetch pending jobs
{
  "error": "fetch failed"
}
[2025-12-24T23:02:16.452Z] [ERROR] Failed to fetch pending jobs
{
  "error": "request to https://kamikuralk.online/api/get_pending_jobs.php failed, reason: getaddrinfo ENOTFOUND kamikuralk.online"
}
[2025-12-24T23:02:17.739Z] [ERROR] Failed to fetch pending jobs
{
  "error": "fetch failed"
}
[2025-12-24T23:02:18.457Z] [ERROR] Failed to fetch pending jobs
{
  "error": "request to https://kamikuralk.online/api/get_pending_jobs.php failed, reason: getaddrinfo ENOTFOUND kamikuralk.online"
}
[2025-12-24T23:02:19.751Z] [ERROR] Failed to fetch pending jobs
{
  "error": "fetch failed"
}
[2025-12-24T23:02:20.461Z] [ERROR] Failed to fetch pending jobs
{
  "error": "request to https://kamikuralk.online/api/get_pending_jobs.php failed, reason: getaddrinfo ENOTFOUND kamikuralk.online"
}
[2025-12-24T23:02:21.760Z] [ERROR] Failed to fetch pending jobs
{
  "error": "fetch failed"
}
[2025-12-24T23:02:22.471Z] [ERROR] Failed to fetch pending jobs
{
  "error": "request to https://kamikuralk.online/api/get_pending_jobs.php failed, reason: getaddrinfo ENOTFOUND kamikuralk.online"
}
[2025-12-24T23:02:23.762Z] [ERROR] Failed to fetch pending jobs
{
  "error": "fetch failed"
}
[2025-12-24T23:02:24.486Z] [ERROR] Failed to fetch pending jobs
{
  "error": "request to https://kamikuralk.online/api/get_pending_jobs.php failed, reason: getaddrinfo ENOTFOUND kamikuralk.online"
}
[2025-12-24T23:02:25.765Z] [ERROR] Failed to fetch pending jobs
{
  "error": "fetch failed"
}
[2025-12-24T23:02:26.491Z] [ERROR] Failed to fetch pending jobs
{
  "error": "request to https://kamikuralk.online/api/get_pending_jobs.php failed, reason: getaddrinfo ENOTFOUND kamikuralk.online"
}
[2025-12-24T23:02:27.766Z] [ERROR] Failed to fetch pending jobs
{
  "error": "fetch failed"
}
[2025-12-24T23:02:28.498Z] [ERROR] Failed to fetch pending jobs
{
  "error": "request to https://kamikuralk.online/api/get_pending_jobs.php failed, reason: getaddrinfo ENOTFOUND kamikuralk.online"
}
[2025-12-24T23:02:29.780Z] [ERROR] Failed to fetch pending jobs
{
  "error": "fetch failed"
}
[2025-12-24T23:02:30.509Z] [ERROR] Failed to fetch pending jobs
{
  "error": "request to https://kamikuralk.online/api/get_pending_jobs.php failed, reason: getaddrinfo ENOTFOUND kamikuralk.online"
}
[2025-12-24T23:02:31.786Z] [ERROR] Failed to fetch pending jobs
{
  "error": "fetch failed"
}
[2025-12-24T23:02:32.516Z] [ERROR] Failed to fetch pending jobs
{
  "error": "request to https://kamikuralk.online/api/get_pending_jobs.php failed, reason: getaddrinfo ENOTFOUND kamikuralk.online"
}
[2025-12-24T23:02:33.799Z] [ERROR] Failed to fetch pending jobs
{
  "error": "fetch failed"
}
[2025-12-24T23:02:34.527Z] [ERROR] Failed to fetch pending jobs
{
  "error": "request to https://kamikuralk.online/api/get_pending_jobs.php failed, reason: getaddrinfo ENOTFOUND kamikuralk.online"
}
[2025-12-24T23:02:35.806Z] [ERROR] Failed to fetch pending jobs
{
  "error": "fetch failed"
}
[2025-12-24T23:02:36.535Z] [ERROR] Failed to fetch pending jobs
{
  "error": "request to https://kamikuralk.online/api/get_pending_jobs.php failed, reason: getaddrinfo ENOTFOUND kamikuralk.online"
}
[2025-12-24T23:02:37.817Z] [ERROR] Failed to fetch pending jobs
{
  "error": "fetch failed"
}
[2025-12-24T23:02:38.550Z] [ERROR] Failed to fetch pending jobs
{
  "error": "request to https://kamikuralk.online/api/get_pending_jobs.php failed, reason: getaddrinfo ENOTFOUND kamikuralk.online"
}
[2025-12-24T23:02:39.819Z] [ERROR] Failed to fetch pending jobs
{
  "error": "fetch failed"
}
[2025-12-24T23:02:40.563Z] [ERROR] Failed to fetch pending jobs
{
  "error": "request to https://kamikuralk.online/api/get_pending_jobs.php failed, reason: getaddrinfo ENOTFOUND kamikuralk.online"
}
[2025-12-24T23:02:41.826Z] [ERROR] Failed to fetch pending jobs
{
  "error": "fetch failed"
}
[2025-12-24T23:02:42.572Z] [ERROR] Failed to fetch pending jobs
{
  "error": "request to https://kamikuralk.online/api/get_pending_jobs.php failed, reason: getaddrinfo ENOTFOUND kamikuralk.online"
}
[2025-12-24T23:02:43.826Z] [ERROR] Failed to fetch pending jobs
{
  "error": "fetch failed"
}
[2025-12-24T23:02:44.572Z] [ERROR] Failed to fetch pending jobs
{
  "error": "request to https://kamikuralk.online/api/get_pending_jobs.php failed, reason: getaddrinfo ENOTFOUND kamikuralk.online"
}
[2025-12-24T23:02:45.829Z] [ERROR] Failed to fetch pending jobs
{
  "error": "fetch failed"
}
[2025-12-24T23:02:46.585Z] [ERROR] Failed to fetch pending jobs
{
  "error": "request to https://kamikuralk.online/api/get_pending_jobs.php failed, reason: getaddrinfo ENOTFOUND kamikuralk.online"
}
[2025-12-24T23:02:47.837Z] [ERROR] Failed to fetch pending jobs
{
  "error": "fetch failed"
}
[2025-12-24T23:02:48.585Z] [ERROR] Failed to fetch pending jobs
{
  "error": "request to https://kamikuralk.online/api/get_pending_jobs.php failed, reason: getaddrinfo ENOTFOUND kamikuralk.online"
}
[2025-12-24T23:02:49.848Z] [ERROR] Failed to fetch pending jobs
{
  "error": "fetch failed"
}
[2025-12-24T23:02:50.587Z] [ERROR] Failed to fetch pending jobs
{
  "error": "request to https://kamikuralk.online/api/get_pending_jobs.php failed, reason: getaddrinfo ENOTFOUND kamikuralk.online"
}
[2025-12-24T23:02:51.859Z] [ERROR] Failed to fetch pending jobs
{
  "error": "fetch failed"
}
[2025-12-24T23:02:52.597Z] [ERROR] Failed to fetch pending jobs
{
  "error": "request to https://kamikuralk.online/api/get_pending_jobs.php failed, reason: getaddrinfo ENOTFOUND kamikuralk.online"
}
[2025-12-24T23:02:53.863Z] [ERROR] Failed to fetch pending jobs
{
  "error": "fetch failed"
}
[2025-12-24T23:02:54.602Z] [ERROR] Failed to fetch pending jobs
{
  "error": "request to https://kamikuralk.online/api/get_pending_jobs.php failed, reason: getaddrinfo ENOTFOUND kamikuralk.online"
}
[2025-12-24T23:02:55.864Z] [ERROR] Failed to fetch pending jobs
{
  "error": "fetch failed"
}
[2025-12-24T23:02:56.603Z] [ERROR] Failed to fetch pending jobs
{
  "error": "request to https://kamikuralk.online/api/get_pending_jobs.php failed, reason: getaddrinfo ENOTFOUND kamikuralk.online"
}
[2025-12-24T23:02:57.870Z] [ERROR] Failed to fetch pending jobs
{
  "error": "fetch failed"
}
[2025-12-24T23:02:58.613Z] [ERROR] Failed to fetch pending jobs
{
  "error": "request to https://kamikuralk.online/api/get_pending_jobs.php failed, reason: getaddrinfo ENOTFOUND kamikuralk.online"
}
[2025-12-24T23:02:59.875Z] [ERROR] Failed to fetch pending jobs
{
  "error": "fetch failed"
}
[2025-12-24T23:03:00.622Z] [ERROR] Failed to fetch pending jobs
{
  "error": "request to https://kamikuralk.online/api/get_pending_jobs.php failed, reason: getaddrinfo ENOTFOUND kamikuralk.online"
}
[2025-12-24T23:03:01.887Z] [ERROR] Failed to fetch pending jobs
{
  "error": "fetch failed"
}
[2025-12-24T23:03:02.625Z] [ERROR] Failed to fetch pending jobs
{
  "error": "request to https://kamikuralk.online/api/get_pending_jobs.php failed, reason: getaddrinfo ENOTFOUND kamikuralk.online"
}
[2025-12-24T23:03:03.902Z] [ERROR] Failed to fetch pending jobs
{
  "error": "fetch failed"
}
[2025-12-24T23:03:04.637Z] [ERROR] Failed to fetch pending jobs
{
  "error": "request to https://kamikuralk.online/api/get_pending_jobs.php failed, reason: getaddrinfo ENOTFOUND kamikuralk.online"
}
[2025-12-24T23:03:05.914Z] [ERROR] Failed to fetch pending jobs
{
  "error": "fetch failed"
}
[2025-12-25T02:10:16.732Z] [ERROR] Failed to fetch pending jobs
{
  "error": "fetch failed"
}
[2025-12-25T02:10:16.961Z] [ERROR] Failed to fetch pending jobs
{
  "error": "request to https://kamikuralk.online/api/get_pending_jobs.php failed, reason: getaddrinfo ENOTFOUND kamikuralk.online"
}
[2025-12-25T02:10:25.541Z] [ERROR] Failed to fetch pending jobs
{
  "error": "fetch failed"
}
[2025-12-25T05:35:21.939Z] [ERROR] Failed to fetch pending jobs
{
  "error": "fetch failed"
}
[2025-12-25T05:35:22.424Z] [ERROR] Failed to fetch pending jobs
{
  "error": "request to https://kamikuralk.online/api/get_pending_jobs.php failed, reason: getaddrinfo ENOTFOUND kamikuralk.online"
}
[2025-12-25T05:35:22.620Z] [ERROR] Failed to fetch pending jobs
{
  "error": "fetch failed"
}
[2025-12-25T05:35:23.973Z] [ERROR] Failed to fetch pending jobs
{
  "error": "fetch failed"
}
[2025-12-25T05:35:23.997Z] [ERROR] Failed to fetch pending jobs
{
  "error": "request to https://kamikuralk.online/api/get_pending_jobs.php failed, reason: getaddrinfo ENOTFOUND kamikuralk.online"
}
[2025-12-25T05:35:25.979Z] [ERROR] Failed to fetch pending jobs
{
  "error": "fetch failed"
}
[2025-12-25T05:35:26.007Z] [ERROR] Failed to fetch pending jobs
{
  "error": "request to https://kamikuralk.online/api/get_pending_jobs.php failed, reason: getaddrinfo ENOTFOUND kamikuralk.online"
}
[2025-12-25T05:35:27.210Z] [ERROR] Failed to fetch pending jobs
{
  "error": "request to https://kamikuralk.online/api/get_pending_jobs.php failed, reason: read ECONNRESET"
}
[2025-12-25T05:35:27.233Z] [ERROR] Failed to fetch pending jobs
{
  "error": "request to https://kamikuralk.online/api/get_pending_jobs.php failed, reason: read ECONNRESET"
}
[2025-12-25T05:36:49.553Z] [INFO] Found 1 pending job(s)
[2025-12-25T05:36:49.554Z] [INFO] Processing job 14 (kot) for Kitchen Printer
[2025-12-25T05:36:49.558Z] [INFO] Found 1 pending job(s)
[2025-12-25T05:36:49.562Z] [INFO] Processing job 14 (kot) for Kitchen Printer
[2025-12-25T05:36:51.073Z] [INFO] ✓ Job 14 printed successfully
[2025-12-25T05:36:52.921Z] [INFO] ✓ Job 14 printed successfully
[2025-12-25T05:41:18.691Z] [INFO] Found 1 pending job(s)
[2025-12-25T05:41:18.692Z] [INFO] Processing job 15 (kot) for Kitchen Printer
[2025-12-25T05:41:19.258Z] [INFO] ✓ Job 15 printed successfully
[2025-12-25T05:43:21.171Z] [INFO] Found 1 pending job(s)
[2025-12-25T05:43:21.172Z] [INFO] Processing job 16 (kot) for Kitchen Printer
[2025-12-25T05:43:21.746Z] [INFO] ✓ Job 16 printed successfully
[2025-12-25T05:51:59.425Z] [INFO] Found 1 pending job(s)
[2025-12-25T05:51:59.427Z] [INFO] Processing job 17 (kot) for Kitchen Printer
[2025-12-25T05:52:00.021Z] [INFO] ✓ Job 17 printed successfully
[2025-12-25T05:57:32.689Z] [ERROR] Failed to fetch pending jobs
{
  "error": "request to https://kamikuralk.online/api/get_pending_jobs.php failed, reason: socket hang up"
}
[2025-12-25T06:28:31.861Z] [ERROR] Failed to fetch pending jobs
{
  "error": "request to https://kamikuralk.online/api/get_pending_jobs.php failed, reason: getaddrinfo ENOTFOUND kamikuralk.online"
}
[2025-12-25T06:28:33.865Z] [ERROR] Failed to fetch pending jobs
{
  "error": "request to https://kamikuralk.online/api/get_pending_jobs.php failed, reason: getaddrinfo ENOTFOUND kamikuralk.online"
}
[2025-12-25T06:28:48.038Z] [ERROR] Failed to fetch pending jobs
{
  "error": "request to https://kamikuralk.online/api/get_pending_jobs.php failed, reason: read ECONNRESET"
}
[2025-12-25T09:50:08.448Z] [INFO] Print server starting...
[2025-12-25T09:50:08.450Z] [INFO] API: https://kamikuralk.online/api
[2025-12-25T09:50:08.451Z] [INFO] Poll interval: 2000ms
[2025-12-25T09:50:08.452Z] [INFO] Retry interval: 30000ms
[2025-12-25T09:50:08.453Z] [INFO] ✓ Print server running. Press Ctrl+C to stop.
[2025-12-25T09:50:30.802Z] [INFO] Found 1 pending job(s)
[2025-12-25T09:50:30.802Z] [INFO] Found 1 pending job(s)
[2025-12-25T09:50:30.803Z] [INFO] Processing job 20 (receipt) for Customer Receipt
[2025-12-25T09:50:31.909Z] [INFO] Connecting to network printer: 192.168.123.101:9100
[2025-12-25T09:50:32.230Z] [INFO] ✓ Job 20 printed successfully
[2025-12-25T09:50:40.842Z] [INFO] Found 1 pending job(s)
[2025-12-25T09:50:40.843Z] [INFO] Found 1 pending job(s)
[2025-12-25T09:50:40.843Z] [INFO] Processing job 19 (customer_bill) for Customer Receipt
[2025-12-25T09:50:41.660Z] [INFO] 📄 Printing customer bill for Sale #25
[2025-12-25T09:50:41.661Z] [INFO] Connecting to network printer: 192.168.123.101:9100
[2025-12-25T09:50:42.072Z] [INFO] ✓ Job 19 printed successfully
[2025-12-25T09:51:28.697Z] [ERROR] Failed to fetch pending jobs
{
  "error": "fetch failed"
}
[2025-12-25T09:51:29.483Z] [ERROR] Failed to fetch pending jobs
{
  "error": "fetch failed"
}
[2025-12-25T09:51:34.697Z] [ERROR] Failed to fetch pending jobs
{
  "error": "fetch failed"
}
[2025-12-25T09:51:38.724Z] [ERROR] Failed to fetch pending jobs
{
  "error": "fetch failed"
}
[2025-12-25T09:51:38.742Z] [ERROR] Failed to fetch pending jobs
{
  "error": "fetch failed"
}
[2025-12-25T09:51:40.719Z] [ERROR] Failed to fetch pending jobs
{
  "error": "fetch failed"
}
[2025-12-25T09:51:40.752Z] [ERROR] Failed to fetch pending jobs
{
  "error": "fetch failed"
}
[2025-12-25T09:51:42.726Z] [ERROR] Failed to fetch pending jobs
{
  "error": "fetch failed"
}
[2025-12-25T09:51:42.760Z] [ERROR] Failed to fetch pending jobs
{
  "error": "fetch failed"
}
[2025-12-25T09:51:44.733Z] [ERROR] Failed to fetch pending jobs
{
  "error": "fetch failed"
}
[2025-12-25T09:51:46.749Z] [ERROR] Failed to fetch pending jobs
{
  "error": "fetch failed"
}
[2025-12-25T09:51:53.577Z] [ERROR] Failed to fetch pending jobs
{
  "error": "fetch failed"
}
[2025-12-25T09:51:58.044Z] [ERROR] Failed to fetch pending jobs
{
  "error": "fetch failed"
}
[2025-12-25T09:55:13.756Z] [INFO] Found 1 pending job(s)
[2025-12-25T09:55:13.756Z] [INFO] Found 1 pending job(s)
[2025-12-25T09:55:13.757Z] [INFO] Processing job 21 (receipt) for Customer Receipt
[2025-12-25T09:55:14.588Z] [INFO] Connecting to network printer: 192.168.123.101:9100
[2025-12-25T09:55:14.875Z] [INFO] ✓ Job 21 printed successfully
[2025-12-25T10:00:18.573Z] [ERROR] Failed to fetch pending jobs
{
  "error": "fetch failed"
}
[2025-12-25T10:03:01.338Z] [INFO] Found 1 pending job(s)
[2025-12-25T10:03:01.339Z] [INFO] Found 1 pending job(s)
[2025-12-25T10:03:01.340Z] [INFO] Processing job 22 (receipt) for Customer Receipt
[2025-12-25T10:03:02.204Z] [INFO] Connecting to network printer: 192.168.123.101:9100
[2025-12-25T10:03:02.535Z] [INFO] ✓ Job 22 printed successfully
[2025-12-25T10:04:22.258Z] [INFO] Print server shutting down...
[2025-12-25T10:05:20.506Z] [INFO] Print server starting...
[2025-12-25T10:05:20.509Z] [INFO] API: https://kamikuralk.online/api
[2025-12-25T10:05:20.509Z] [INFO] Poll interval: 2000ms
[2025-12-25T10:05:20.511Z] [INFO] Retry interval: 30000ms
[2025-12-25T10:05:20.513Z] [INFO] ✓ Print server running. Press Ctrl+C to stop.
[2025-12-25T10:05:58.950Z] [INFO] Found 1 pending job(s)
[2025-12-25T10:05:58.951Z] [INFO] Found 1 pending job(s)
[2025-12-25T10:05:58.952Z] [INFO] Processing job 23 (receipt) for Customer Receipt
[2025-12-25T10:06:00.137Z] [INFO] Connecting to network printer: 192.168.123.101:9100
[2025-12-25T10:06:00.456Z] [INFO] ✓ Job 23 printed successfully
[2025-12-25T10:11:13.993Z] [INFO] Print server shutting down...
[2025-12-25T10:11:21.575Z] [INFO] Print server starting...
[2025-12-25T10:11:21.578Z] [INFO] API: https://kamikuralk.online/api
[2025-12-25T10:11:21.580Z] [INFO] Poll interval: 2000ms
[2025-12-25T10:11:21.583Z] [INFO] Retry interval: 30000ms
[2025-12-25T10:11:21.585Z] [INFO] ✓ Print server running. Press Ctrl+C to stop.
[2025-12-25T10:11:51.976Z] [INFO] Found 1 pending job(s)
[2025-12-25T10:11:51.977Z] [INFO] Found 1 pending job(s)
[2025-12-25T10:11:51.978Z] [INFO] Processing job 24 (receipt) for Customer Receipt
[2025-12-25T10:11:53.112Z] [INFO] Connecting to network printer: 192.168.123.101:9100
[2025-12-25T10:11:53.433Z] [INFO] ✓ Job 24 printed successfully
[2025-12-26T06:09:53.780Z] [INFO] Print server starting...
[2025-12-26T06:09:53.784Z] [INFO] API: https://kamikuralk.online/api
[2025-12-26T06:09:53.786Z] [INFO] Poll interval: 2000ms
[2025-12-26T06:09:53.788Z] [INFO] Retry interval: 30000ms
[2025-12-26T06:09:53.789Z] [INFO] ✓ Print server running. Press Ctrl+C to stop.
[2025-12-26T06:11:16.704Z] [INFO] Print server starting...
[2025-12-26T06:11:16.706Z] [INFO] API: https://kamikuralk.online/api
[2025-12-26T06:11:16.707Z] [INFO] Poll interval: 2000ms
[2025-12-26T06:11:16.708Z] [INFO] Retry interval: 30000ms
[2025-12-26T06:11:16.709Z] [INFO] ✓ Print server running. Press Ctrl+C to stop.
[2025-12-26T06:11:29.005Z] [INFO] Print server shutting down...
[2025-12-26T06:13:27.593Z] [INFO] Print server starting...
[2025-12-26T06:13:27.596Z] [INFO] API: https://kamikuralk.online/api
[2025-12-26T06:13:27.596Z] [INFO] Poll interval: 2000ms
[2025-12-26T06:13:27.597Z] [INFO] Retry interval: 30000ms
[2025-12-26T06:13:27.601Z] [INFO] ✓ Print server running. Press Ctrl+C to stop.
[2025-12-26T06:13:28.541Z] [INFO] Found 1 pending job(s)
[2025-12-26T06:13:28.541Z] [INFO] Found 1 pending job(s)
[2025-12-26T06:13:28.542Z] [INFO] Processing job 25 (receipt) for Customer Receipt
[2025-12-26T06:13:29.870Z] [INFO] Connecting to network printer: 192.168.1.10:9100
[2025-12-26T06:13:39.885Z] [WARN] Print attempt 1 failed for job 25, retrying...
{
  "error": "Print timeout"
}
[2025-12-26T06:13:42.899Z] [INFO] Connecting to network printer: 192.168.1.10:9100
[2025-12-26T06:13:52.905Z] [WARN] Print attempt 2 failed for job 25, retrying...
{
  "error": "Print timeout"
}
[2025-12-26T06:13:55.910Z] [INFO] Connecting to network printer: 192.168.1.10:9100
[2025-12-26T06:14:06.190Z] [ERROR] ✗ Job 25 failed
{
  "error": "Print timeout"
}
[2025-12-26T06:15:38.268Z] [ERROR] Failed to fetch pending jobs
{
  "error": "fetch failed"
}
[2025-12-26T06:15:40.270Z] [ERROR] Failed to fetch pending jobs
{
  "error": "fetch failed"
}
[2025-12-26T06:15:42.271Z] [ERROR] Failed to fetch pending jobs
{
  "error": "fetch failed"
}
[2025-12-26T06:15:44.273Z] [ERROR] Failed to fetch pending jobs
{
  "error": "fetch failed"
}
[2025-12-26T06:15:46.274Z] [ERROR] Failed to fetch pending jobs
{
  "error": "fetch failed"
}
[2025-12-26T06:15:48.278Z] [ERROR] Failed to fetch pending jobs
{
  "error": "fetch failed"
}
[2025-12-26T06:15:50.281Z] [ERROR] Failed to fetch pending jobs
{
  "error": "fetch failed"
}
[2025-12-26T06:15:52.281Z] [ERROR] Failed to fetch pending jobs
{
  "error": "fetch failed"
}
[2025-12-26T06:15:54.282Z] [ERROR] Failed to fetch pending jobs
{
  "error": "fetch failed"
}
[2025-12-26T06:15:56.286Z] [ERROR] Failed to fetch pending jobs
{
  "error": "fetch failed"
}
[2025-12-26T06:15:58.286Z] [ERROR] Failed to fetch pending jobs
{
  "error": "fetch failed"
}
[2025-12-26T06:16:00.300Z] [ERROR] Failed to fetch pending jobs
{
  "error": "fetch failed"
}
[2025-12-26T06:16:02.320Z] [ERROR] Failed to fetch pending jobs
{
  "error": "fetch failed"
}
[2025-12-26T06:16:04.317Z] [ERROR] Failed to fetch pending jobs
{
  "error": "fetch failed"
}
[2025-12-26T06:16:06.321Z] [ERROR] Failed to fetch pending jobs
{
  "error": "fetch failed"
}
[2025-12-26T06:16:08.325Z] [ERROR] Failed to fetch pending jobs
{
  "error": "fetch failed"
}
[2025-12-26T06:16:10.333Z] [ERROR] Failed to fetch pending jobs
{
  "error": "fetch failed"
}
[2025-12-26T06:16:12.347Z] [ERROR] Failed to fetch pending jobs
{
  "error": "fetch failed"
}
[2025-12-26T06:16:14.346Z] [ERROR] Failed to fetch pending jobs
{
  "error": "fetch failed"
}
[2025-12-26T06:16:16.347Z] [ERROR] Failed to fetch pending jobs
{
  "error": "fetch failed"
}
[2025-12-26T06:16:18.352Z] [ERROR] Failed to fetch pending jobs
{
  "error": "fetch failed"
}
[2025-12-26T06:16:20.351Z] [ERROR] Failed to fetch pending jobs
{
  "error": "fetch failed"
}
[2025-12-26T06:16:22.363Z] [ERROR] Failed to fetch pending jobs
{
  "error": "fetch failed"
}
[2025-12-26T06:16:24.366Z] [ERROR] Failed to fetch pending jobs
{
  "error": "fetch failed"
}
[2025-12-26T06:16:26.369Z] [ERROR] Failed to fetch pending jobs
{
  "error": "fetch failed"
}
[2025-12-26T06:16:28.381Z] [ERROR] Failed to fetch pending jobs
{
  "error": "fetch failed"
}
[2025-12-26T06:16:30.383Z] [ERROR] Failed to fetch pending jobs
{
  "error": "fetch failed"
}
[2025-12-26T06:16:32.383Z] [ERROR] Failed to fetch pending jobs
{
  "error": "fetch failed"
}
[2025-12-26T06:16:34.393Z] [ERROR] Failed to fetch pending jobs
{
  "error": "fetch failed"
}
[2025-12-26T06:16:36.390Z] [ERROR] Failed to fetch pending jobs
{
  "error": "fetch failed"
}
[2025-12-26T06:16:38.404Z] [ERROR] Failed to fetch pending jobs
{
  "error": "fetch failed"
}
[2025-12-26T06:16:40.415Z] [ERROR] Failed to fetch pending jobs
{
  "error": "fetch failed"
}
[2025-12-26T06:16:42.419Z] [ERROR] Failed to fetch pending jobs
{
  "error": "fetch failed"
}
[2025-12-26T06:16:44.420Z] [ERROR] Failed to fetch pending jobs
{
  "error": "fetch failed"
}
[2025-12-26T06:16:46.422Z] [ERROR] Failed to fetch pending jobs
{
  "error": "fetch failed"
}
[2025-12-26T06:16:48.425Z] [ERROR] Failed to fetch pending jobs
{
  "error": "fetch failed"
}
[2025-12-26T06:16:50.427Z] [ERROR] Failed to fetch pending jobs
{
  "error": "fetch failed"
}
[2025-12-26T06:16:52.440Z] [ERROR] Failed to fetch pending jobs
{
  "error": "fetch failed"
}
[2025-12-26T06:16:54.444Z] [ERROR] Failed to fetch pending jobs
{
  "error": "fetch failed"
}
[2025-12-26T06:16:56.447Z] [ERROR] Failed to fetch pending jobs
{
  "error": "fetch failed"
}
[2025-12-26T06:16:58.459Z] [ERROR] Failed to fetch pending jobs
{
  "error": "fetch failed"
}
[2025-12-26T06:17:00.459Z] [ERROR] Failed to fetch pending jobs
{
  "error": "fetch failed"
}
[2025-12-26T06:17:02.463Z] [ERROR] Failed to fetch pending jobs
{
  "error": "fetch failed"
}
[2025-12-26T06:17:04.466Z] [ERROR] Failed to fetch pending jobs
{
  "error": "fetch failed"
}
[2025-12-26T06:17:06.468Z] [ERROR] Failed to fetch pending jobs
{
  "error": "fetch failed"
}
[2025-12-26T06:17:08.486Z] [ERROR] Failed to fetch pending jobs
{
  "error": "fetch failed"
}
[2025-12-26T06:17:10.487Z] [ERROR] Failed to fetch pending jobs
{
  "error": "fetch failed"
}
[2025-12-26T06:17:12.492Z] [ERROR] Failed to fetch pending jobs
{
  "error": "fetch failed"
}
[2025-12-26T06:17:14.494Z] [ERROR] Failed to fetch pending jobs
{
  "error": "fetch failed"
}
[2025-12-26T06:17:16.498Z] [ERROR] Failed to fetch pending jobs
{
  "error": "fetch failed"
}
[2025-12-26T06:17:18.505Z] [ERROR] Failed to fetch pending jobs
{
  "error": "fetch failed"
}
[2025-12-26T06:17:20.517Z] [ERROR] Failed to fetch pending jobs
{
  "error": "fetch failed"
}
[2025-12-26T06:17:22.530Z] [ERROR] Failed to fetch pending jobs
{
  "error": "fetch failed"
}
[2025-12-26T06:17:24.532Z] [ERROR] Failed to fetch pending jobs
{
  "error": "fetch failed"
}
[2025-12-26T06:17:26.535Z] [ERROR] Failed to fetch pending jobs
{
  "error": "fetch failed"
}
[2025-12-26T06:17:28.549Z] [ERROR] Failed to fetch pending jobs
{
  "error": "fetch failed"
}
[2025-12-26T06:17:30.550Z] [ERROR] Failed to fetch pending jobs
{
  "error": "fetch failed"
}
[2025-12-26T06:17:32.552Z] [ERROR] Failed to fetch pending jobs
{
  "error": "fetch failed"
}
[2025-12-26T06:17:34.565Z] [ERROR] Failed to fetch pending jobs
{
  "error": "fetch failed"
}
[2025-12-26T06:17:36.562Z] [ERROR] Failed to fetch pending jobs
{
  "error": "fetch failed"
}
[2025-12-26T06:17:38.563Z] [ERROR] Failed to fetch pending jobs
{
  "error": "fetch failed"
}
[2025-12-26T06:17:40.566Z] [ERROR] Failed to fetch pending jobs
{
  "error": "fetch failed"
}
[2025-12-26T06:17:42.580Z] [ERROR] Failed to fetch pending jobs
{
  "error": "fetch failed"
}
[2025-12-26T06:17:44.579Z] [ERROR] Failed to fetch pending jobs
{
  "error": "fetch failed"
}
[2025-12-26T06:17:46.584Z] [ERROR] Failed to fetch pending jobs
{
  "error": "fetch failed"
}
[2025-12-26T06:17:48.594Z] [ERROR] Failed to fetch pending jobs
{
  "error": "fetch failed"
}
[2025-12-26T06:17:50.595Z] [ERROR] Failed to fetch pending jobs
{
  "error": "fetch failed"
}
[2025-12-26T06:17:52.605Z] [ERROR] Failed to fetch pending jobs
{
  "error": "fetch failed"
}
[2025-12-26T06:17:54.609Z] [ERROR] Failed to fetch pending jobs
{
  "error": "fetch failed"
}
[2025-12-26T06:17:56.610Z] [ERROR] Failed to fetch pending jobs
{
  "error": "fetch failed"
}
[2025-12-26T06:17:58.623Z] [ERROR] Failed to fetch pending jobs
{
  "error": "fetch failed"
}
[2025-12-26T06:18:00.627Z] [ERROR] Failed to fetch pending jobs
{
  "error": "fetch failed"
}
[2025-12-26T06:18:02.631Z] [ERROR] Failed to fetch pending jobs
{
  "error": "fetch failed"
}
[2025-12-26T06:18:04.642Z] [ERROR] Failed to fetch pending jobs
{
  "error": "fetch failed"
}
[2025-12-26T06:18:06.647Z] [ERROR] Failed to fetch pending jobs
{
  "error": "fetch failed"
}
[2025-12-26T06:18:08.669Z] [ERROR] Failed to fetch pending jobs
{
  "error": "fetch failed"
}
[2025-12-26T06:18:10.675Z] [ERROR] Failed to fetch pending jobs
{
  "error": "fetch failed"
}
[2025-12-26T06:18:12.688Z] [ERROR] Failed to fetch pending jobs
{
  "error": "fetch failed"
}
[2025-12-26T06:18:14.690Z] [ERROR] Failed to fetch pending jobs
{
  "error": "fetch failed"
}
[2025-12-26T06:18:16.693Z] [ERROR] Failed to fetch pending jobs
{
  "error": "fetch failed"
}
[2025-12-26T06:18:18.705Z] [ERROR] Failed to fetch pending jobs
{
  "error": "fetch failed"
}
[2025-12-26T06:18:20.707Z] [ERROR] Failed to fetch pending jobs
{
  "error": "fetch failed"
}
[2025-12-26T06:18:22.711Z] [ERROR] Failed to fetch pending jobs
{
  "error": "fetch failed"
}
[2025-12-26T06:18:24.724Z] [ERROR] Failed to fetch pending jobs
{
  "error": "fetch failed"
}
[2025-12-26T06:18:26.729Z] [ERROR] Failed to fetch pending jobs
{
  "error": "fetch failed"
}
[2025-12-26T06:18:28.740Z] [ERROR] Failed to fetch pending jobs
{
  "error": "fetch failed"
}
[2025-12-26T06:18:30.751Z] [ERROR] Failed to fetch pending jobs
{
  "error": "fetch failed"
}
[2025-12-26T06:18:32.752Z] [ERROR] Failed to fetch pending jobs
{
  "error": "fetch failed"
}
[2025-12-26T06:18:34.756Z] [ERROR] Failed to fetch pending jobs
{
  "error": "fetch failed"
}
[2025-12-26T06:18:36.755Z] [ERROR] Failed to fetch pending jobs
{
  "error": "fetch failed"
}
[2025-12-26T06:18:38.764Z] [ERROR] Failed to fetch pending jobs
{
  "error": "fetch failed"
}
[2025-12-26T06:18:40.767Z] [ERROR] Failed to fetch pending jobs
{
  "error": "fetch failed"
}
[2025-12-26T06:18:42.775Z] [ERROR] Failed to fetch pending jobs
{
  "error": "fetch failed"
}
[2025-12-26T06:18:44.776Z] [ERROR] Failed to fetch pending jobs
{
  "error": "fetch failed"
}
[2025-12-26T06:18:46.781Z] [ERROR] Failed to fetch pending jobs
{
  "error": "fetch failed"
}
[2025-12-26T06:18:48.789Z] [ERROR] Failed to fetch pending jobs
{
  "error": "fetch failed"
}
[2025-12-26T06:18:50.789Z] [ERROR] Failed to fetch pending jobs
{
  "error": "fetch failed"
}
[2025-12-26T06:18:52.791Z] [ERROR] Failed to fetch pending jobs
{
  "error": "fetch failed"
}
[2025-12-26T06:18:54.806Z] [ERROR] Failed to fetch pending jobs
{
  "error": "fetch failed"
}
[2025-12-26T06:18:56.800Z] [ERROR] Failed to fetch pending jobs
{
  "error": "fetch failed"
}
[2025-12-26T06:18:58.814Z] [ERROR] Failed to fetch pending jobs
{
  "error": "fetch failed"
}
[2025-12-26T06:19:00.817Z] [ERROR] Failed to fetch pending jobs
{
  "error": "fetch failed"
}
[2025-12-26T06:19:02.819Z] [ERROR] Failed to fetch pending jobs
{
  "error": "fetch failed"
}
[2025-12-26T06:19:04.844Z] [ERROR] Failed to fetch pending jobs
{
  "error": "fetch failed"
}
[2025-12-26T06:19:06.847Z] [ERROR] Failed to fetch pending jobs
{
  "error": "fetch failed"
}
[2025-12-26T06:19:08.866Z] [ERROR] Failed to fetch pending jobs
{
  "error": "fetch failed"
}
[2025-12-26T06:19:10.867Z] [ERROR] Failed to fetch pending jobs
{
  "error": "fetch failed"
}
[2025-12-26T06:19:12.871Z] [ERROR] Failed to fetch pending jobs
{
  "error": "fetch failed"
}
[2025-12-26T06:19:14.875Z] [ERROR] Failed to fetch pending jobs
{
  "error": "fetch failed"
}
[2025-12-26T06:19:16.878Z] [ERROR] Failed to fetch pending jobs
{
  "error": "fetch failed"
}
[2025-12-26T06:19:18.892Z] [ERROR] Failed to fetch pending jobs
{
  "error": "fetch failed"
}
[2025-12-26T06:19:20.894Z] [ERROR] Failed to fetch pending jobs
{
  "error": "fetch failed"
}
[2025-12-26T06:19:22.901Z] [ERROR] Failed to fetch pending jobs
{
  "error": "fetch failed"
}
[2025-12-26T06:19:24.900Z] [ERROR] Failed to fetch pending jobs
{
  "error": "fetch failed"
}
[2025-12-26T06:19:26.906Z] [ERROR] Failed to fetch pending jobs
{
  "error": "fetch failed"
}
[2025-12-26T06:19:28.910Z] [ERROR] Failed to fetch pending jobs
{
  "error": "fetch failed"
}
[2025-12-26T06:19:30.914Z] [ERROR] Failed to fetch pending jobs
{
  "error": "fetch failed"
}
[2025-12-26T06:19:32.927Z] [ERROR] Failed to fetch pending jobs
{
  "error": "fetch failed"
}
[2025-12-26T06:19:34.928Z] [ERROR] Failed to fetch pending jobs
{
  "error": "fetch failed"
}
[2025-12-26T06:19:36.930Z] [ERROR] Failed to fetch pending jobs
{
  "error": "fetch failed"
}
[2025-12-26T06:19:38.936Z] [ERROR] Failed to fetch pending jobs
{
  "error": "fetch failed"
}
[2025-12-26T06:19:40.935Z] [ERROR] Failed to fetch pending jobs
{
  "error": "fetch failed"
}
[2025-12-26T06:19:42.935Z] [ERROR] Failed to fetch pending jobs
{
  "error": "fetch failed"
}
[2025-12-26T06:19:44.939Z] [ERROR] Failed to fetch pending jobs
{
  "error": "fetch failed"
}
[2025-12-26T06:19:46.953Z] [ERROR] Failed to fetch pending jobs
{
  "error": "fetch failed"
}
[2025-12-26T06:19:48.969Z] [ERROR] Failed to fetch pending jobs
{
  "error": "fetch failed"
}
[2025-12-26T06:19:50.971Z] [ERROR] Failed to fetch pending jobs
{
  "error": "fetch failed"
}
[2025-12-26T06:19:52.985Z] [ERROR] Failed to fetch pending jobs
{
  "error": "fetch failed"
}
[2025-12-26T06:19:54.989Z] [ERROR] Failed to fetch pending jobs
{
  "error": "fetch failed"
}
[2025-12-26T06:19:56.985Z] [ERROR] Failed to fetch pending jobs
{
  "error": "fetch failed"
}
[2025-12-26T06:19:58.987Z] [ERROR] Failed to fetch pending jobs
{
  "error": "fetch failed"
}
[2025-12-26T06:20:00.990Z] [ERROR] Failed to fetch pending jobs
{
  "error": "fetch failed"
}
[2025-12-26T06:20:03.005Z] [ERROR] Failed to fetch pending jobs
{
  "error": "fetch failed"
}
[2025-12-26T06:20:05.010Z] [ERROR] Failed to fetch pending jobs
{
  "error": "fetch failed"
}
[2025-12-26T06:20:07.010Z] [ERROR] Failed to fetch pending jobs
{
  "error": "fetch failed"
}
[2025-12-26T06:20:09.025Z] [ERROR] Failed to fetch pending jobs
{
  "error": "fetch failed"
}
[2025-12-26T06:20:11.025Z] [ERROR] Failed to fetch pending jobs
{
  "error": "fetch failed"
}
[2025-12-26T06:20:13.025Z] [ERROR] Failed to fetch pending jobs
{
  "error": "fetch failed"
}
[2025-12-26T06:20:15.029Z] [ERROR] Failed to fetch pending jobs
{
  "error": "fetch failed"
}
[2025-12-26T06:20:17.042Z] [ERROR] Failed to fetch pending jobs
{
  "error": "fetch failed"
}
[2025-12-26T06:20:19.045Z] [ERROR] Failed to fetch pending jobs
{
  "error": "fetch failed"
}
[2025-12-26T06:20:21.049Z] [ERROR] Failed to fetch pending jobs
{
  "error": "fetch failed"
}
[2025-12-26T06:20:23.065Z] [ERROR] Failed to fetch pending jobs
{
  "error": "fetch failed"
}
[2025-12-26T06:20:25.068Z] [ERROR] Failed to fetch pending jobs
{
  "error": "fetch failed"
}
[2025-12-26T06:20:27.071Z] [ERROR] Failed to fetch pending jobs
{
  "error": "fetch failed"
}
[2025-12-26T06:20:29.081Z] [ERROR] Failed to fetch pending jobs
{
  "error": "fetch failed"
}
[2025-12-26T06:20:31.094Z] [ERROR] Failed to fetch pending jobs
{
  "error": "fetch failed"
}
[2025-12-26T06:20:33.102Z] [ERROR] Failed to fetch pending jobs
{
  "error": "fetch failed"
}
[2025-12-26T06:20:35.114Z] [ERROR] Failed to fetch pending jobs
{
  "error": "fetch failed"
}
[2025-12-26T06:20:37.127Z] [ERROR] Failed to fetch pending jobs
{
  "error": "fetch failed"
}
[2025-12-26T06:20:39.133Z] [ERROR] Failed to fetch pending jobs
{
  "error": "fetch failed"
}
[2025-12-26T06:20:41.141Z] [ERROR] Failed to fetch pending jobs
{
  "error": "fetch failed"
}
[2025-12-26T06:20:43.141Z] [ERROR] Failed to fetch pending jobs
{
  "error": "fetch failed"
}
[2025-12-26T06:20:45.140Z] [ERROR] Failed to fetch pending jobs
{
  "error": "fetch failed"
}
[2025-12-26T06:20:47.155Z] [ERROR] Failed to fetch pending jobs
{
  "error": "fetch failed"
}
[2025-12-26T06:20:49.160Z] [ERROR] Failed to fetch pending jobs
{
  "error": "fetch failed"
}
[2025-12-26T06:20:51.169Z] [ERROR] Failed to fetch pending jobs
{
  "error": "fetch failed"
}
[2025-12-26T06:20:53.173Z] [ERROR] Failed to fetch pending jobs
{
  "error": "fetch failed"
}
[2025-12-26T06:20:55.170Z] [ERROR] Failed to fetch pending jobs
{
  "error": "fetch failed"
}
[2025-12-26T06:20:57.171Z] [ERROR] Failed to fetch pending jobs
{
  "error": "fetch failed"
}
[2025-12-26T06:20:59.175Z] [ERROR] Failed to fetch pending jobs
{
  "error": "fetch failed"
}
[2025-12-26T06:21:01.176Z] [ERROR] Failed to fetch pending jobs
{
  "error": "fetch failed"
}
[2025-12-26T06:21:03.189Z] [ERROR] Failed to fetch pending jobs
{
  "error": "fetch failed"
}
[2025-12-26T06:21:05.193Z] [ERROR] Failed to fetch pending jobs
{
  "error": "fetch failed"
}
[2025-12-26T06:21:07.197Z] [ERROR] Failed to fetch pending jobs
{
  "error": "fetch failed"
}
[2025-12-26T06:21:09.211Z] [ERROR] Failed to fetch pending jobs
{
  "error": "fetch failed"
}
[2025-12-26T06:21:11.209Z] [ERROR] Failed to fetch pending jobs
{
  "error": "fetch failed"
}
[2025-12-26T06:21:13.225Z] [ERROR] Failed to fetch pending jobs
{
  "error": "fetch failed"
}
[2025-12-26T06:21:15.226Z] [ERROR] Failed to fetch pending jobs
{
  "error": "fetch failed"
}
[2025-12-26T06:21:17.239Z] [ERROR] Failed to fetch pending jobs
{
  "error": "fetch failed"
}
[2025-12-26T06:21:19.243Z] [ERROR] Failed to fetch pending jobs
{
  "error": "fetch failed"
}
[2025-12-26T06:21:21.256Z] [ERROR] Failed to fetch pending jobs
{
  "error": "fetch failed"
}
[2025-12-26T06:21:23.252Z] [ERROR] Failed to fetch pending jobs
{
  "error": "fetch failed"
}
[2025-12-26T06:21:25.252Z] [ERROR] Failed to fetch pending jobs
{
  "error": "fetch failed"
}
[2025-12-26T06:21:27.270Z] [ERROR] Failed to fetch pending jobs
{
  "error": "fetch failed"
}
[2025-12-26T06:21:29.272Z] [ERROR] Failed to fetch pending jobs
{
  "error": "fetch failed"
}
[2025-12-26T06:21:31.270Z] [ERROR] Failed to fetch pending jobs
{
  "error": "fetch failed"
}
[2025-12-26T06:21:33.283Z] [ERROR] Failed to fetch pending jobs
{
  "error": "fetch failed"
}
[2025-12-26T06:21:35.297Z] [ERROR] Failed to fetch pending jobs
{
  "error": "fetch failed"
}
[2025-12-26T06:21:37.311Z] [ERROR] Failed to fetch pending jobs
{
  "error": "fetch failed"
}
[2025-12-26T06:21:39.312Z] [ERROR] Failed to fetch pending jobs
{
  "error": "fetch failed"
}
[2025-12-26T06:21:41.314Z] [ERROR] Failed to fetch pending jobs
{
  "error": "fetch failed"
}
[2025-12-26T06:21:43.317Z] [ERROR] Failed to fetch pending jobs
{
  "error": "fetch failed"
}
[2025-12-26T06:21:45.315Z] [ERROR] Failed to fetch pending jobs
{
  "error": "fetch failed"
}
[2025-12-26T06:21:47.328Z] [ERROR] Failed to fetch pending jobs
{
  "error": "fetch failed"
}
[2025-12-26T06:21:49.334Z] [ERROR] Failed to fetch pending jobs
{
  "error": "fetch failed"
}
[2025-12-26T06:21:51.339Z] [ERROR] Failed to fetch pending jobs
{
  "error": "fetch failed"
}
[2025-12-26T06:21:53.353Z] [ERROR] Failed to fetch pending jobs
{
  "error": "fetch failed"
}
[2025-12-26T06:21:55.355Z] [ERROR] Failed to fetch pending jobs
{
  "error": "fetch failed"
}
[2025-12-26T06:21:57.355Z] [ERROR] Failed to fetch pending jobs
{
  "error": "fetch failed"
}
[2025-12-26T06:21:59.356Z] [ERROR] Failed to fetch pending jobs
{
  "error": "fetch failed"
}
[2025-12-26T06:22:01.359Z] [ERROR] Failed to fetch pending jobs
{
  "error": "fetch failed"
}
[2025-12-26T06:22:03.361Z] [ERROR] Failed to fetch pending jobs
{
  "error": "fetch failed"
}
[2025-12-26T06:22:05.365Z] [ERROR] Failed to fetch pending jobs
{
  "error": "fetch failed"
}
[2025-12-26T06:22:07.364Z] [ERROR] Failed to fetch pending jobs
{
  "error": "fetch failed"
}
[2025-12-26T06:22:09.373Z] [ERROR] Failed to fetch pending jobs
{
  "error": "fetch failed"
}
[2025-12-26T06:22:11.378Z] [ERROR] Failed to fetch pending jobs
{
  "error": "fetch failed"
}
[2025-12-26T06:22:13.381Z] [ERROR] Failed to fetch pending jobs
{
  "error": "fetch failed"
}
[2025-12-26T06:22:15.381Z] [ERROR] Failed to fetch pending jobs
{
  "error": "fetch failed"
}
[2025-12-26T06:22:17.395Z] [ERROR] Failed to fetch pending jobs
{
  "error": "fetch failed"
}
[2025-12-26T06:22:19.398Z] [ERROR] Failed to fetch pending jobs
{
  "error": "fetch failed"
}
[2025-12-26T06:22:21.399Z] [ERROR] Failed to fetch pending jobs
{
  "error": "fetch failed"
}
[2025-12-26T06:22:23.413Z] [ERROR] Failed to fetch pending jobs
{
  "error": "fetch failed"
}
[2025-12-26T06:22:25.415Z] [ERROR] Failed to fetch pending jobs
{
  "error": "fetch failed"
}
[2025-12-26T06:22:27.430Z] [ERROR] Failed to fetch pending jobs
{
  "error": "fetch failed"
}
[2025-12-26T06:22:29.434Z] [ERROR] Failed to fetch pending jobs
{
  "error": "fetch failed"
}
[2025-12-26T06:22:31.433Z] [ERROR] Failed to fetch pending jobs
{
  "error": "fetch failed"
}
[2025-12-26T06:22:33.433Z] [ERROR] Failed to fetch pending jobs
{
  "error": "fetch failed"
}
[2025-12-26T06:22:35.437Z] [ERROR] Failed to fetch pending jobs
{
  "error": "fetch failed"
}
[2025-12-26T06:22:37.445Z] [ERROR] Failed to fetch pending jobs
{
  "error": "fetch failed"
}
[2025-12-26T06:22:39.458Z] [ERROR] Failed to fetch pending jobs
{
  "error": "fetch failed"
}
[2025-12-26T06:22:41.463Z] [ERROR] Failed to fetch pending jobs
{
  "error": "fetch failed"
}
[2025-12-26T06:22:43.470Z] [ERROR] Failed to fetch pending jobs
{
  "error": "fetch failed"
}
[2025-12-26T06:22:45.475Z] [ERROR] Failed to fetch pending jobs
{
  "error": "fetch failed"
}
[2025-12-26T06:22:45.556Z] [INFO] Print server shutting down...
[2025-12-26T06:42:06.513Z] [INFO] Print server starting...
[2025-12-26T06:42:06.516Z] [INFO] API: https://kamikuralk.online/api
[2025-12-26T06:42:06.517Z] [INFO] Poll interval: 2000ms
[2025-12-26T06:42:06.518Z] [INFO] Retry interval: 30000ms
[2025-12-26T06:42:06.519Z] [INFO] ✓ Print server running. Press Ctrl+C to stop.
[2025-12-26T06:42:07.521Z] [INFO] Found 1 pending job(s)
[2025-12-26T06:42:07.522Z] [INFO] Found 1 pending job(s)
[2025-12-26T06:42:07.523Z] [INFO] Processing job 25 (receipt) for Customer Receipt
[2025-12-26T06:42:08.787Z] [INFO] Connecting to network printer: 192.168.123.100:9100
[2025-12-26T06:42:09.110Z] [INFO] ✓ Job 25 printed successfully
[2025-12-26T06:43:05.271Z] [INFO] Found 1 pending job(s)
[2025-12-26T06:43:05.272Z] [INFO] Found 1 pending job(s)
[2025-12-26T06:43:05.273Z] [INFO] Processing job 26 (receipt) for Customer Receipt
[2025-12-26T06:43:06.096Z] [INFO] Connecting to network printer: 192.168.123.100:9100
[2025-12-26T06:43:06.369Z] [INFO] ✓ Job 26 printed successfully
[2025-12-26T06:43:59.486Z] [INFO] Found 1 pending job(s)
[2025-12-26T06:43:59.486Z] [INFO] Found 1 pending job(s)
[2025-12-26T06:43:59.488Z] [INFO] Processing job 27 (receipt) for Customer Receipt
[2025-12-26T06:44:00.282Z] [INFO] Connecting to network printer: 192.168.123.70:9100
[2025-12-26T06:44:10.287Z] [WARN] Print attempt 1 failed for job 27, retrying...
{
  "error": "Print timeout"
}
[2025-12-26T06:44:13.290Z] [INFO] Connecting to network printer: 192.168.123.70:9100
[2025-12-26T06:44:23.294Z] [WARN] Print attempt 2 failed for job 27, retrying...
{
  "error": "Print timeout"
}
[2025-12-26T06:44:26.309Z] [INFO] Connecting to network printer: 192.168.123.70:9100
[2025-12-26T06:44:32.399Z] [ERROR] ✗ Job 27 failed
{
  "error": "connect ECONNABORTED 192.168.123.70:9100"
}
[2025-12-26T06:44:59.740Z] [INFO] Found 1 pending job(s)
[2025-12-26T06:44:59.741Z] [INFO] Found 1 pending job(s)
[2025-12-26T06:44:59.741Z] [INFO] Processing job 27 (receipt) for Customer Receipt
[2025-12-26T06:45:00.602Z] [INFO] Connecting to network printer: 192.168.123.70:9100
[2025-12-26T06:45:00.869Z] [INFO] ✓ Job 27 printed successfully
[2025-12-26T06:53:25.398Z] [INFO] Found 1 pending job(s)
[2025-12-26T06:53:25.399Z] [INFO] Found 1 pending job(s)
[2025-12-26T06:53:25.400Z] [INFO] Processing job 28 (receipt) for Customer Receipt
[2025-12-26T06:53:26.217Z] [INFO] Connecting to network printer: 192.168.123.70:9100
[2025-12-26T06:53:26.491Z] [INFO] ✓ Job 28 printed successfully
[2025-12-26T06:53:52.699Z] [INFO] Print server shutting down...
[2025-12-26T06:54:05.682Z] [INFO] Print server starting...
[2025-12-26T06:54:05.685Z] [INFO] API: https://kamikuralk.online/api
[2025-12-26T06:54:05.687Z] [INFO] Poll interval: 2000ms
[2025-12-26T06:54:05.688Z] [INFO] Retry interval: 30000ms
[2025-12-26T06:54:05.692Z] [INFO] ✓ Print server running. Press Ctrl+C to stop.
[2025-12-26T06:54:11.991Z] [INFO] Found 1 pending job(s)
[2025-12-26T06:54:11.991Z] [INFO] Found 1 pending job(s)
[2025-12-26T06:54:11.993Z] [INFO] Processing job 29 (receipt) for Customer Receipt
[2025-12-26T06:54:13.195Z] [INFO] Connecting to network printer: 192.168.123.70:9100
[2025-12-26T06:54:13.532Z] [INFO] ✓ Job 29 printed successfully
[2025-12-26T06:58:12.913Z] [INFO] Found 1 pending job(s)
[2025-12-26T06:58:12.914Z] [INFO] Found 1 pending job(s)
[2025-12-26T06:58:12.915Z] [INFO] Processing job 30 (kot) for Kitchen Printer
[2025-12-26T06:58:13.733Z] [INFO] Connecting to network printer: 192.168.123.70:9100
[2025-12-26T06:58:14.035Z] [INFO] ✓ Job 30 printed successfully
[2025-12-26T07:14:26.451Z] [INFO] Found 1 pending job(s)
[2025-12-26T07:14:26.452Z] [INFO] Found 1 pending job(s)
[2025-12-26T07:14:26.452Z] [INFO] Processing job 31 (receipt) for Customer Receipt
[2025-12-26T07:14:27.269Z] [INFO] Connecting to network printer: 192.168.123.70:9100
[2025-12-26T07:14:27.545Z] [INFO] ✓ Job 31 printed successfully
[2025-12-26T07:15:46.734Z] [INFO] Print server shutting down...
[2025-12-26T07:15:52.619Z] [INFO] Print server starting...
[2025-12-26T07:15:52.621Z] [INFO] API: https://kamikuralk.online/api
[2025-12-26T07:15:52.624Z] [INFO] Poll interval: 2000ms
[2025-12-26T07:15:52.627Z] [INFO] Retry interval: 30000ms
[2025-12-26T07:15:52.628Z] [INFO] ✓ Print server running. Press Ctrl+C to stop.
[2025-12-26T07:15:58.923Z] [INFO] Found 1 pending job(s)
[2025-12-26T07:15:58.924Z] [INFO] Found 1 pending job(s)
[2025-12-26T07:15:58.925Z] [INFO] Processing job 32 (receipt) for Customer Receipt
[2025-12-26T07:16:00.114Z] [INFO] Connecting to network printer: 192.168.123.70:9100
[2025-12-26T07:16:00.485Z] [INFO] ✓ Job 32 printed successfully
[2025-12-26T07:18:52.152Z] [INFO] Print server shutting down...
[2025-12-26T07:19:56.312Z] [INFO] Print server starting...
[2025-12-26T07:19:56.314Z] [INFO] API: https://kamikuralk.online/api
[2025-12-26T07:19:56.317Z] [INFO] Poll interval: 2000ms
[2025-12-26T07:19:56.318Z] [INFO] Retry interval: 30000ms
[2025-12-26T07:19:56.322Z] [INFO] ✓ Print server running. Press Ctrl+C to stop.
[2025-12-26T07:20:06.630Z] [INFO] Found 1 pending job(s)
[2025-12-26T07:20:06.631Z] [INFO] Found 1 pending job(s)
[2025-12-26T07:20:06.632Z] [INFO] Processing job 33 (receipt) for Customer Receipt
[2025-12-26T07:20:07.769Z] [INFO] Connecting to network printer: 192.168.123.70:9100
[2025-12-26T07:20:08.098Z] [INFO] ✓ Job 33 printed successfully
[2025-12-26T07:21:41.880Z] [INFO] Print server shutting down...
[2025-12-26T07:21:47.727Z] [INFO] Print server starting...
[2025-12-26T07:21:47.729Z] [INFO] API: https://kamikuralk.online/api
[2025-12-26T07:21:47.730Z] [INFO] Poll interval: 2000ms
[2025-12-26T07:21:47.731Z] [INFO] Retry interval: 30000ms
[2025-12-26T07:21:47.733Z] [INFO] ✓ Print server running. Press Ctrl+C to stop.
[2025-12-26T07:21:58.040Z] [INFO] Found 1 pending job(s)
[2025-12-26T07:21:58.041Z] [INFO] Found 1 pending job(s)
[2025-12-26T07:21:58.043Z] [INFO] Processing job 34 (receipt) for Customer Receipt
[2025-12-26T07:21:59.223Z] [INFO] Connecting to network printer: 192.168.123.70:9100
[2025-12-26T07:21:59.553Z] [INFO] ✓ Job 34 printed successfully
[2025-12-26T07:23:50.483Z] [INFO] Found 1 pending job(s)
[2025-12-26T07:23:50.484Z] [INFO] Found 1 pending job(s)
[2025-12-26T07:23:50.485Z] [INFO] Processing job 35 (receipt) for Customer Receipt
[2025-12-26T07:23:51.342Z] [INFO] Connecting to network printer: 192.168.123.70:9100
[2025-12-26T07:23:51.629Z] [INFO] ✓ Job 35 printed successfully
[2025-12-26T07:26:43.153Z] [INFO] Found 2 pending job(s)
[2025-12-26T07:26:43.154Z] [INFO] Found 2 pending job(s)
[2025-12-26T07:26:43.154Z] [INFO] Processing job 36 (kot) for Kitchen Printer
[2025-12-26T07:26:44.019Z] [INFO] Connecting to network printer: 192.168.123.70:9100
[2025-12-26T07:26:44.307Z] [INFO] ✓ Job 36 printed successfully
[2025-12-26T07:26:44.307Z] [INFO] Processing job 37 (bar_ticket) for Bar Printer
[2025-12-26T07:26:44.592Z] [INFO] Connecting to network printer: 192.168.123.70:9100
[2025-12-26T07:26:44.871Z] [INFO] ✓ Job 37 printed successfully
[2025-12-26T07:31:45.868Z] [ERROR] Failed to fetch pending jobs
{
  "error": "fetch failed"
}
[2025-12-26T07:32:14.245Z] [INFO] Found 1 pending job(s)
[2025-12-26T07:32:14.246Z] [INFO] Found 1 pending job(s)
[2025-12-26T07:32:14.246Z] [INFO] Processing job 38 (receipt) for Customer Receipt
[2025-12-26T07:32:15.068Z] [INFO] Connecting to network printer: 192.168.123.70:9100
[2025-12-26T07:32:15.346Z] [INFO] ✓ Job 38 printed successfully
[2025-12-26T08:14:53.267Z] [ERROR] Failed to fetch pending jobs
{
  "error": "fetch failed"
}
[2025-12-26T08:15:09.393Z] [INFO] Found 1 pending job(s)
[2025-12-26T08:15:09.394Z] [INFO] Found 1 pending job(s)
[2025-12-26T08:15:09.394Z] [INFO] Processing job 31 (receipt) for Customer Receipt
[2025-12-26T08:15:10.211Z] [INFO] Connecting to network printer: 192.168.123.70:9100
[2025-12-26T08:15:10.487Z] [INFO] ✓ Job 31 printed successfully
[2025-12-26T08:22:18.930Z] [INFO] Found 1 pending job(s)
[2025-12-26T08:22:18.931Z] [INFO] Found 1 pending job(s)
[2025-12-26T08:22:18.931Z] [INFO] Processing job 39 (receipt) for Customer Receipt
[2025-12-26T08:22:19.770Z] [INFO] Connecting to network printer: 192.168.123.70:9100
[2025-12-26T08:22:20.042Z] [INFO] ✓ Job 39 printed successfully
[2025-12-26T08:23:05.080Z] [INFO] Found 1 pending job(s)
[2025-12-26T08:23:05.081Z] [INFO] Found 1 pending job(s)
[2025-12-26T08:23:05.081Z] [INFO] Processing job 40 (kot) for Kitchen Printer
[2025-12-26T08:23:05.883Z] [INFO] Connecting to network printer: 192.168.123.70:9100
[2025-12-26T08:23:06.154Z] [INFO] ✓ Job 40 printed successfully
[2025-12-26T08:23:31.180Z] [INFO] Found 1 pending job(s)
[2025-12-26T08:23:31.181Z] [INFO] Found 1 pending job(s)
[2025-12-26T08:23:31.182Z] [INFO] Processing job 41 (kot) for Kitchen Printer
[2025-12-26T08:23:33.225Z] [INFO] Found 1 pending job(s)
[2025-12-26T08:23:33.226Z] [INFO] Found 1 pending job(s)
[2025-12-26T08:23:33.227Z] [INFO] Processing job 41 (kot) for Kitchen Printer
[2025-12-26T08:23:34.181Z] [INFO] Connecting to network printer: 192.168.123.70:9100
[2025-12-26T08:23:38.405Z] [ERROR] Error updating job 41 status
{
  "error": "fetch failed"
}
[2025-12-26T08:23:38.406Z] [INFO] Connecting to network printer: 192.168.123.70:9100
[2025-12-26T08:23:39.238Z] [INFO] ✓ Job 41 printed successfully
[2025-12-26T08:23:39.358Z] [WARN] Failed to update job 41 status
{
  "success": false,
  "error": "Job not found or already updated"
}
[2025-12-26T08:23:39.359Z] [INFO] ✓ Job 41 printed successfully
[2025-12-26T08:26:50.139Z] [INFO] Print server shutting down...
[2025-12-26T08:27:27.055Z] [INFO] Print server starting...
[2025-12-26T08:27:27.058Z] [INFO] API: https://kamikuralk.online/api
[2025-12-26T08:27:27.059Z] [INFO] Poll interval: 2000ms
[2025-12-26T08:27:27.060Z] [INFO] Retry interval: 30000ms
[2025-12-26T08:27:27.061Z] [INFO] ✓ Print server running. Press Ctrl+C to stop.
[2025-12-26T08:27:53.410Z] [INFO] Found 1 pending job(s)
[2025-12-26T08:27:53.411Z] [INFO] Found 1 pending job(s)
[2025-12-26T08:27:53.412Z] [INFO] Processing job 42 (receipt) for Customer Receipt
[2025-12-26T08:27:54.538Z] [INFO] Connecting to network printer: 192.168.123.70:9100
[2025-12-26T08:27:54.872Z] [INFO] ✓ Job 42 printed successfully
[2025-12-26T08:30:27.593Z] [ERROR] Failed to fetch pending jobs
{
  "error": "fetch failed"
}
[2025-12-26T08:34:24.763Z] [INFO] Found 1 pending job(s)
[2025-12-26T08:34:24.764Z] [INFO] Found 1 pending job(s)
[2025-12-26T08:34:24.764Z] [INFO] Processing job 43 (receipt) for Customer Receipt
[2025-12-26T08:34:25.624Z] [INFO] Connecting to network printer: 192.168.123.70:9100
[2025-12-26T08:34:25.905Z] [INFO] ✓ Job 43 printed successfully
[2025-12-26T08:50:18.235Z] [INFO] Found 1 pending job(s)
[2025-12-26T08:50:18.236Z] [INFO] Found 1 pending job(s)
[2025-12-26T08:50:18.236Z] [INFO] Processing job 44 (receipt) for Customer Receipt
[2025-12-26T08:50:19.061Z] [INFO] Connecting to network printer: 192.168.123.70:9100
[2025-12-26T08:50:19.342Z] [INFO] ✓ Job 44 printed successfully
[2025-12-26T08:50:44.328Z] [INFO] Found 1 pending job(s)
[2025-12-26T08:50:44.329Z] [INFO] Found 1 pending job(s)
[2025-12-26T08:50:44.330Z] [INFO] Processing job 45 (receipt) for Customer Receipt
[2025-12-26T08:50:45.168Z] [INFO] Connecting to network printer: 192.168.123.70:9100
[2025-12-26T08:50:45.453Z] [INFO] ✓ Job 45 printed successfully
[2025-12-26T08:55:09.387Z] [INFO] Found 1 pending job(s)
[2025-12-26T08:55:09.388Z] [INFO] Found 1 pending job(s)
[2025-12-26T08:55:09.388Z] [INFO] Processing job 46 (receipt) for Customer Receipt
[2025-12-26T08:55:10.211Z] [INFO] Connecting to network printer: 192.168.123.70:9100
[2025-12-26T08:55:10.488Z] [INFO] ✓ Job 46 printed successfully
[2025-12-26T09:52:51.782Z] [INFO] Found 2 pending job(s)
[2025-12-26T09:52:51.783Z] [INFO] Found 2 pending job(s)
[2025-12-26T09:52:51.785Z] [INFO] Processing job 47 (bar_ticket) for Bar Printer
[2025-12-26T09:52:52.644Z] [INFO] Connecting to network printer: 192.168.123.70:9100
[2025-12-26T09:52:52.936Z] [INFO] ✓ Job 47 printed successfully
[2025-12-26T09:52:52.937Z] [INFO] Processing job 48 (kot) for Kitchen Printer
[2025-12-26T09:52:53.220Z] [INFO] Connecting to network printer: 192.168.123.70:9100
[2025-12-26T09:52:53.508Z] [INFO] ✓ Job 48 printed successfully
[2025-12-26T10:10:27.328Z] [ERROR] Failed to fetch pending jobs
{
  "error": "fetch failed"
}
[2025-12-26T10:10:29.321Z] [ERROR] Failed to fetch pending jobs
{
  "error": "fetch failed"
}
[2025-12-26T10:10:57.447Z] [ERROR] Failed to fetch pending jobs
{
  "error": "fetch failed"
}
[2025-12-26T10:10:59.472Z] [ERROR] Failed to fetch pending jobs
{
  "error": "fetch failed"
}
[2025-12-26T10:11:01.464Z] [ERROR] Failed to fetch pending jobs
{
  "error": "fetch failed"
}
[2025-12-26T10:11:03.476Z] [ERROR] Failed to fetch pending jobs
{
  "error": "fetch failed"
}
[2025-12-26T10:11:04.798Z] [ERROR] Failed to fetch pending jobs
{
  "error": "fetch failed"
}
[2025-12-26T10:11:05.486Z] [ERROR] Failed to fetch pending jobs
{
  "error": "fetch failed"
}
[2025-12-26T10:11:07.490Z] [ERROR] Failed to fetch pending jobs
{
  "error": "fetch failed"
}
[2025-12-26T10:11:09.489Z] [ERROR] Failed to fetch pending jobs
{
  "error": "fetch failed"
}
[2025-12-26T10:11:11.505Z] [ERROR] Failed to fetch pending jobs
{
  "error": "fetch failed"
}
[2025-12-26T10:11:13.525Z] [ERROR] Failed to fetch pending jobs
{
  "error": "fetch failed"
}
[2025-12-26T10:11:15.534Z] [ERROR] Failed to fetch pending jobs
{
  "error": "fetch failed"
}
[2025-12-26T10:11:27.714Z] [INFO] Print server shutting down...
[2025-12-26T10:31:49.945Z] [INFO] Print server starting...
[2025-12-26T10:31:49.947Z] [INFO] API: https://kamikuralk.online/api
[2025-12-26T10:31:49.948Z] [INFO] Poll interval: 2000ms
[2025-12-26T10:31:49.949Z] [INFO] Retry interval: 30000ms
[2025-12-26T10:31:49.950Z] [INFO] ✓ Print server running. Press Ctrl+C to stop.
[2025-12-26T10:31:50.930Z] [INFO] Found 1 pending job(s)
[2025-12-26T10:31:50.931Z] [INFO] Found 1 pending job(s)
[2025-12-26T10:31:50.932Z] [INFO] Processing job 49 (receipt) for Customer Receipt
[2025-12-26T10:31:52.062Z] [INFO] Connecting to network printer: 192.168.123.70:9100
[2025-12-26T10:31:52.391Z] [INFO] ✓ Job 49 printed successfully
[2025-12-26T10:54:57.156Z] [ERROR] Failed to fetch pending jobs
{
  "error": "fetch failed"
}
[2025-12-26T11:02:00.768Z] [INFO] Found 1 pending job(s)
[2025-12-26T11:02:00.769Z] [INFO] Found 1 pending job(s)
[2025-12-26T11:02:00.769Z] [INFO] Processing job 50 (receipt) for Customer Receipt
[2025-12-26T11:02:01.590Z] [INFO] Connecting to network printer: 192.168.123.70:9100
[2025-12-26T11:02:01.866Z] [INFO] ✓ Job 50 printed successfully
[2025-12-26T11:26:48.072Z] [ERROR] Failed to fetch pending jobs
{
  "error": "fetch failed"
}
[2025-12-26T11:36:46.172Z] [ERROR] Failed to fetch pending jobs
{
  "error": "fetch failed"
}
[2025-12-26T11:36:48.037Z] [ERROR] Failed to fetch pending jobs
{
  "error": "fetch failed"
}
[2025-12-26T11:36:50.039Z] [ERROR] Failed to fetch pending jobs
{
  "error": "fetch failed"
}
[2025-12-26T11:36:52.054Z] [ERROR] Failed to fetch pending jobs
{
  "error": "fetch failed"
}
[2025-12-26T11:36:54.065Z] [ERROR] Failed to fetch pending jobs
{
  "error": "fetch failed"
}
[2025-12-26T11:36:56.067Z] [ERROR] Failed to fetch pending jobs
{
  "error": "fetch failed"
}
[2025-12-26T11:36:58.067Z] [ERROR] Failed to fetch pending jobs
{
  "error": "fetch failed"
}
[2025-12-26T11:37:00.069Z] [ERROR] Failed to fetch pending jobs
{
  "error": "fetch failed"
}
[2025-12-26T11:37:02.082Z] [ERROR] Failed to fetch pending jobs
{
  "error": "fetch failed"
}
[2025-12-26T11:37:04.082Z] [ERROR] Failed to fetch pending jobs
{
  "error": "fetch failed"
}
[2025-12-26T11:37:06.091Z] [ERROR] Failed to fetch pending jobs
{
  "error": "fetch failed"
}
[2025-12-26T11:37:08.096Z] [ERROR] Failed to fetch pending jobs
{
  "error": "fetch failed"
}
[2025-12-26T11:37:10.102Z] [ERROR] Failed to fetch pending jobs
{
  "error": "fetch failed"
}
[2025-12-26T11:37:12.116Z] [ERROR] Failed to fetch pending jobs
{
  "error": "fetch failed"
}
[2025-12-26T11:37:14.125Z] [ERROR] Failed to fetch pending jobs
{
  "error": "fetch failed"
}
[2025-12-26T11:37:16.135Z] [ERROR] Failed to fetch pending jobs
{
  "error": "fetch failed"
}
[2025-12-26T11:37:18.150Z] [ERROR] Failed to fetch pending jobs
{
  "error": "fetch failed"
}
[2025-12-26T11:37:20.165Z] [ERROR] Failed to fetch pending jobs
{
  "error": "fetch failed"
}
[2025-12-26T11:37:22.168Z] [ERROR] Failed to fetch pending jobs
{
  "error": "fetch failed"
}
[2025-12-26T11:37:24.171Z] [ERROR] Failed to fetch pending jobs
{
  "error": "fetch failed"
}
[2025-12-26T11:37:26.172Z] [ERROR] Failed to fetch pending jobs
{
  "error": "fetch failed"
}
[2025-12-26T11:37:28.176Z] [ERROR] Failed to fetch pending jobs
{
  "error": "fetch failed"
}
[2025-12-26T11:37:30.184Z] [ERROR] Failed to fetch pending jobs
{
  "error": "fetch failed"
}
[2025-12-26T11:37:30.655Z] [INFO] Print server shutting down...
[2025-12-29T11:04:28.485Z] [INFO] Print server starting...
[2025-12-29T11:04:28.487Z] [INFO] API: https://kamikuralk.online/api
[2025-12-29T11:04:28.488Z] [INFO] Poll interval: 2000ms
[2025-12-29T11:04:28.489Z] [INFO] Retry interval: 30000ms
[2025-12-29T11:04:28.490Z] [INFO] ✓ Print server running. Press Ctrl+C to stop.
[2025-12-29T11:04:54.204Z] [INFO] Print server shutting down...
[2025-12-29T11:05:09.651Z] [INFO] Print server starting...
[2025-12-29T11:05:09.652Z] [INFO] API: https://kamikuralk.online/api
[2025-12-29T11:05:09.653Z] [INFO] Poll interval: 2000ms
[2025-12-29T11:05:09.654Z] [INFO] Retry interval: 30000ms
[2025-12-29T11:05:09.658Z] [INFO] ✓ Print server running. Press Ctrl+C to stop.
[2025-12-29T11:06:02.154Z] [INFO] Found 1 pending job(s)
[2025-12-29T11:06:02.157Z] [INFO] Found 1 pending job(s)
[2025-12-29T11:06:02.162Z] [INFO] Processing job 63 (kot) for Kitchen Printer
[2025-12-29T11:06:03.509Z] [INFO] Connecting to network printer: 192.168.123.101:9100
[2025-12-29T11:06:03.858Z] [INFO] ✓ Job 63 printed successfully
[2025-12-29T11:06:54.383Z] [INFO] Found 1 pending job(s)
[2025-12-29T11:06:54.385Z] [INFO] Found 1 pending job(s)
[2025-12-29T11:06:54.388Z] [INFO] Processing job 64 (receipt) for Customer Receipt
[2025-12-29T11:06:55.220Z] [INFO] Connecting to network printer: 192.168.123.102:9100
[2025-12-29T11:06:55.505Z] [INFO] ✓ Job 64 printed successfully
[2025-12-29T11:11:39.562Z] [INFO] Found 1 pending job(s)
[2025-12-29T11:11:39.563Z] [INFO] Found 1 pending job(s)
[2025-12-29T11:11:39.564Z] [INFO] Processing job 65 (receipt) for Customer Receipt
[2025-12-29T11:11:40.386Z] [INFO] Connecting to network printer: 192.168.123.102:9100
[2025-12-29T11:11:40.666Z] [INFO] ✓ Job 65 printed successfully
[2025-12-29T11:14:42.238Z] [INFO] Found 1 pending job(s)
[2025-12-29T11:14:42.240Z] [INFO] Found 1 pending job(s)
[2025-12-29T11:14:42.241Z] [INFO] Processing job 66 (receipt) for Customer Receipt
[2025-12-29T11:14:43.088Z] [INFO] Connecting to network printer: 192.168.123.102:9100
[2025-12-29T11:14:43.371Z] [INFO] ✓ Job 66 printed successfully
[2025-12-29T11:31:49.877Z] [ERROR] Failed to fetch pending jobs
{
  "error": "fetch failed"
}
[2025-12-29T11:31:51.834Z] [ERROR] Failed to fetch pending jobs
{
  "error": "fetch failed"
}
[2025-12-29T11:31:54.742Z] [INFO] Found 1 pending job(s)
[2025-12-29T11:31:54.743Z] [INFO] Found 1 pending job(s)
[2025-12-29T11:31:54.744Z] [INFO] Processing job 67 (kot) for Kitchen Printer
[2025-12-29T11:31:55.567Z] [INFO] Connecting to network printer: 192.168.123.101:9100
[2025-12-29T11:31:55.861Z] [INFO] ✓ Job 67 printed successfully
[2025-12-29T11:32:07.928Z] [ERROR] Failed to fetch pending jobs
{
  "error": "fetch failed"
}
[2025-12-29T11:39:29.757Z] [INFO] Found 1 pending job(s)
[2025-12-29T11:39:29.758Z] [INFO] Found 1 pending job(s)
[2025-12-29T11:39:29.759Z] [INFO] Processing job 68 (kot) for Kitchen Printer
[2025-12-29T11:39:30.618Z] [INFO] Connecting to network printer: 192.168.123.101:9100
[2025-12-29T11:39:30.901Z] [INFO] ✓ Job 68 printed successfully
[2025-12-29T11:40:50.175Z] [INFO] Found 1 pending job(s)
[2025-12-29T11:40:50.177Z] [INFO] Found 1 pending job(s)
[2025-12-29T11:40:50.178Z] [INFO] Processing job 69 (kot) for Kitchen Printer
[2025-12-29T11:40:51.078Z] [INFO] Connecting to network printer: 192.168.123.101:9100
[2025-12-29T11:40:51.386Z] [INFO] ✓ Job 69 printed successfully
[2025-12-29T11:42:00.450Z] [INFO] Found 1 pending job(s)
[2025-12-29T11:42:00.452Z] [INFO] Found 1 pending job(s)
[2025-12-29T11:42:00.453Z] [INFO] Processing job 70 (receipt) for Customer Receipt
[2025-12-29T11:42:01.292Z] [INFO] Connecting to network printer: 192.168.123.102:9100
[2025-12-29T11:42:01.585Z] [INFO] ✓ Job 70 printed successfully
[2025-12-29T11:45:25.275Z] [INFO] Found 1 pending job(s)
[2025-12-29T11:45:25.277Z] [INFO] Found 1 pending job(s)
[2025-12-29T11:45:25.279Z] [INFO] Processing job 71 (kot) for Kitchen Printer
[2025-12-29T11:45:26.099Z] [INFO] Connecting to network printer: 192.168.123.102:9100
[2025-12-29T11:45:26.385Z] [INFO] ✓ Job 71 printed successfully
[2025-12-29T11:48:13.034Z] [ERROR] Failed to fetch pending jobs
{
  "error": "fetch failed"
}
[2025-12-29T11:48:14.591Z] [ERROR] Failed to fetch pending jobs
{
  "error": "fetch failed"
}
[2025-12-29T11:48:16.654Z] [ERROR] Failed to fetch pending jobs
{
  "error": "fetch failed"
}
[2025-12-29T11:48:18.617Z] [ERROR] Failed to fetch pending jobs
{
  "error": "fetch failed"
}
[2025-12-29T11:48:20.666Z] [ERROR] Failed to fetch pending jobs
{
  "error": "fetch failed"
}
[2025-12-29T11:48:22.670Z] [ERROR] Failed to fetch pending jobs
{
  "error": "fetch failed"
}
[2025-12-29T11:48:23.068Z] [ERROR] Failed to fetch pending jobs
{
  "error": "fetch failed"
}
[2025-12-29T11:48:24.686Z] [ERROR] Failed to fetch pending jobs
{
  "error": "fetch failed"
}
[2025-12-29T11:48:26.685Z] [ERROR] Failed to fetch pending jobs
{
  "error": "fetch failed"
}
[2025-12-29T11:48:28.684Z] [ERROR] Failed to fetch pending jobs
{
  "error": "fetch failed"
}
[2025-12-29T11:48:30.701Z] [ERROR] Failed to fetch pending jobs
{
  "error": "fetch failed"
}
[2025-12-29T11:48:32.709Z] [ERROR] Failed to fetch pending jobs
{
  "error": "fetch failed"
}
[2025-12-29T11:48:34.716Z] [ERROR] Failed to fetch pending jobs
{
  "error": "fetch failed"
}
[2025-12-29T11:48:36.720Z] [ERROR] Failed to fetch pending jobs
{
  "error": "fetch failed"
}
[2025-12-29T11:48:38.722Z] [ERROR] Failed to fetch pending jobs
{
  "error": "fetch failed"
}
[2025-12-29T11:48:40.724Z] [ERROR] Failed to fetch pending jobs
{
  "error": "fetch failed"
}
[2025-12-29T11:48:42.729Z] [ERROR] Failed to fetch pending jobs
{
  "error": "fetch failed"
}
[2025-12-29T11:48:44.739Z] [ERROR] Failed to fetch pending jobs
{
  "error": "fetch failed"
}
[2025-12-29T11:48:46.754Z] [ERROR] Failed to fetch pending jobs
{
  "error": "fetch failed"
}
[2025-12-29T11:48:48.755Z] [ERROR] Failed to fetch pending jobs
{
  "error": "fetch failed"
}
[2025-12-29T11:48:50.769Z] [ERROR] Failed to fetch pending jobs
{
  "error": "fetch failed"
}
[2025-12-29T11:48:52.781Z] [ERROR] Failed to fetch pending jobs
{
  "error": "fetch failed"
}
[2025-12-29T11:48:54.790Z] [ERROR] Failed to fetch pending jobs
{
  "error": "fetch failed"
}
[2025-12-29T11:48:56.801Z] [ERROR] Failed to fetch pending jobs
{
  "error": "fetch failed"
}
[2025-12-29T11:48:58.816Z] [ERROR] Failed to fetch pending jobs
{
  "error": "fetch failed"
}
[2025-12-29T11:50:27.356Z] [INFO] Found 1 pending job(s)
[2025-12-29T11:50:27.357Z] [INFO] Found 1 pending job(s)
[2025-12-29T11:50:27.358Z] [INFO] Processing job 72 (receipt) for Customer Receipt
[2025-12-29T11:50:28.237Z] [INFO] Connecting to network printer: 192.168.123.102:9100
[2025-12-29T11:50:28.522Z] [INFO] ✓ Job 72 printed successfully
[2025-12-29T11:50:43.415Z] [INFO] Found 1 pending job(s)
[2025-12-29T11:50:43.416Z] [INFO] Found 1 pending job(s)
[2025-12-29T11:50:43.416Z] [INFO] Processing job 73 (kot) for Kitchen Printer
[2025-12-29T11:50:44.236Z] [INFO] Connecting to network printer: 192.168.123.102:9100
[2025-12-29T11:50:44.524Z] [INFO] ✓ Job 73 printed successfully
[2025-12-29T11:53:21.775Z] [ERROR] Failed to fetch pending jobs
{
  "error": "fetch failed"
}
[2025-12-29T11:54:00.172Z] [INFO] Found 1 pending job(s)
[2025-12-29T11:54:00.172Z] [INFO] Found 1 pending job(s)
[2025-12-29T11:54:00.173Z] [INFO] Processing job 74 (kot) for Kitchen Printer
[2025-12-29T11:54:00.985Z] [INFO] Connecting to network printer: 192.168.123.102:9100
[2025-12-29T11:54:01.266Z] [INFO] ✓ Job 74 printed successfully
[2025-12-29T11:55:08.440Z] [INFO] Found 1 pending job(s)
[2025-12-29T11:55:08.441Z] [INFO] Found 1 pending job(s)
[2025-12-29T11:55:08.442Z] [INFO] Processing job 75 (kot) for Kitchen Printer
[2025-12-29T11:55:09.253Z] [INFO] Connecting to network printer: 192.168.123.102:9100
[2025-12-29T11:55:09.530Z] [INFO] ✓ Job 75 printed successfully
[2025-12-29T11:55:54.610Z] [INFO] Found 1 pending job(s)
[2025-12-29T11:55:54.610Z] [INFO] Found 1 pending job(s)
[2025-12-29T11:55:54.611Z] [INFO] Processing job 76 (receipt) for Customer Receipt
[2025-12-29T11:55:55.428Z] [INFO] Connecting to network printer: 192.168.123.102:9100
[2025-12-29T11:55:55.707Z] [INFO] ✓ Job 76 printed successfully
[2025-12-29T11:56:56.878Z] [INFO] Found 1 pending job(s)
[2025-12-29T11:56:56.879Z] [INFO] Found 1 pending job(s)
[2025-12-29T11:56:56.880Z] [INFO] Processing job 77 (receipt) for Customer Receipt
[2025-12-29T11:56:57.694Z] [INFO] Connecting to network printer: 192.168.123.102:9100
[2025-12-29T11:56:57.987Z] [INFO] ✓ Job 77 printed successfully
[2025-12-29T11:57:00.902Z] [INFO] Found 1 pending job(s)
[2025-12-29T11:57:00.903Z] [INFO] Found 1 pending job(s)
[2025-12-29T11:57:00.903Z] [INFO] Processing job 78 (receipt) for Customer Receipt
[2025-12-29T11:57:01.176Z] [INFO] Connecting to network printer: 192.168.123.102:9100
[2025-12-29T11:57:01.457Z] [INFO] ✓ Job 78 printed successfully
[2025-12-29T11:59:29.412Z] [INFO] Found 1 pending job(s)
[2025-12-29T11:59:29.412Z] [INFO] Found 1 pending job(s)
[2025-12-29T11:59:29.413Z] [INFO] Processing job 79 (kot) for Kitchen Printer
[2025-12-29T11:59:30.271Z] [INFO] Connecting to network printer: 192.168.123.102:9100
[2025-12-29T11:59:30.560Z] [INFO] ✓ Job 79 printed successfully
[2025-12-29T12:02:33.908Z] [ERROR] Failed to fetch pending jobs
{
  "error": "fetch failed"
}
[2025-12-29T12:02:35.903Z] [ERROR] Failed to fetch pending jobs
{
  "error": "fetch failed"
}
[2025-12-29T12:02:35.909Z] [ERROR] Failed to fetch pending jobs
{
  "error": "fetch failed"
}
[2025-12-29T12:02:37.911Z] [ERROR] Failed to fetch pending jobs
{
  "error": "fetch failed"
}
[2025-12-29T12:02:37.913Z] [ERROR] Failed to fetch pending jobs
{
  "error": "fetch failed"
}
[2025-12-29T12:02:39.904Z] [ERROR] Failed to fetch pending jobs
{
  "error": "fetch failed"
}
[2025-12-29T12:02:39.922Z] [ERROR] Failed to fetch pending jobs
{
  "error": "fetch failed"
}
[2025-12-29T12:02:41.923Z] [ERROR] Failed to fetch pending jobs
{
  "error": "fetch failed"
}
[2025-12-29T12:02:41.925Z] [ERROR] Failed to fetch pending jobs
{
  "error": "fetch failed"
}
[2025-12-29T12:02:43.926Z] [ERROR] Failed to fetch pending jobs
{
  "error": "fetch failed"
}
[2025-12-29T12:02:45.924Z] [ERROR] Failed to fetch pending jobs
{
  "error": "fetch failed"
}
[2025-12-29T12:02:47.940Z] [ERROR] Failed to fetch pending jobs
{
  "error": "fetch failed"
}
[2025-12-29T12:02:49.952Z] [ERROR] Failed to fetch pending jobs
{
  "error": "fetch failed"
}
[2025-12-29T12:02:51.955Z] [ERROR] Failed to fetch pending jobs
{
  "error": "fetch failed"
}
[2025-12-29T12:02:53.419Z] [ERROR] Failed to fetch pending jobs
{
  "error": "fetch failed"
}
[2025-12-29T12:02:53.972Z] [ERROR] Failed to fetch pending jobs
{
  "error": "fetch failed"
}
[2025-12-29T12:02:55.985Z] [ERROR] Failed to fetch pending jobs
{
  "error": "fetch failed"
}
[2025-12-29T12:02:57.999Z] [ERROR] Failed to fetch pending jobs
{
  "error": "fetch failed"
}
[2025-12-29T12:03:00.013Z] [ERROR] Failed to fetch pending jobs
{
  "error": "fetch failed"
}
[2025-12-29T12:03:02.016Z] [ERROR] Failed to fetch pending jobs
{
  "error": "fetch failed"
}
[2025-12-29T12:03:04.020Z] [ERROR] Failed to fetch pending jobs
{
  "error": "fetch failed"
}
[2025-12-29T12:03:06.030Z] [ERROR] Failed to fetch pending jobs
{
  "error": "fetch failed"
}
[2025-12-29T12:03:08.031Z] [ERROR] Failed to fetch pending jobs
{
  "error": "fetch failed"
}
[2025-12-29T12:03:10.040Z] [ERROR] Failed to fetch pending jobs
{
  "error": "fetch failed"
}
[2025-12-29T12:03:12.051Z] [ERROR] Failed to fetch pending jobs
{
  "error": "fetch failed"
}
[2025-12-29T12:03:14.060Z] [ERROR] Failed to fetch pending jobs
{
  "error": "fetch failed"
}
[2025-12-29T12:03:16.072Z] [ERROR] Failed to fetch pending jobs
{
  "error": "fetch failed"
}
[2025-12-29T12:03:18.077Z] [ERROR] Failed to fetch pending jobs
{
  "error": "fetch failed"
}
[2025-12-29T12:03:20.081Z] [ERROR] Failed to fetch pending jobs
{
  "error": "fetch failed"
}
[2025-12-29T12:03:22.080Z] [ERROR] Failed to fetch pending jobs
{
  "error": "fetch failed"
}
[2025-12-29T12:03:24.096Z] [ERROR] Failed to fetch pending jobs
{
  "error": "fetch failed"
}
[2025-12-29T12:03:26.108Z] [ERROR] Failed to fetch pending jobs
{
  "error": "fetch failed"
}
[2025-12-29T12:03:28.116Z] [ERROR] Failed to fetch pending jobs
{
  "error": "fetch failed"
}
[2025-12-29T12:03:30.117Z] [ERROR] Failed to fetch pending jobs
{
  "error": "fetch failed"
}
[2025-12-29T12:03:32.134Z] [ERROR] Failed to fetch pending jobs
{
  "error": "fetch failed"
}
[2025-12-29T12:03:34.137Z] [ERROR] Failed to fetch pending jobs
{
  "error": "fetch failed"
}
[2025-12-29T12:03:36.150Z] [ERROR] Failed to fetch pending jobs
{
  "error": "fetch failed"
}
[2025-12-29T12:03:38.148Z] [ERROR] Failed to fetch pending jobs
{
  "error": "fetch failed"
}
[2025-12-29T12:03:40.157Z] [ERROR] Failed to fetch pending jobs
{
  "error": "fetch failed"
}
[2025-12-29T12:03:42.161Z] [ERROR] Failed to fetch pending jobs
{
  "error": "fetch failed"
}
[2025-12-29T12:03:44.161Z] [ERROR] Failed to fetch pending jobs
{
  "error": "fetch failed"
}
[2025-12-29T12:03:46.172Z] [ERROR] Failed to fetch pending jobs
{
  "error": "fetch failed"
}
[2025-12-29T12:03:48.173Z] [ERROR] Failed to fetch pending jobs
{
  "error": "fetch failed"
}
[2025-12-29T12:03:50.179Z] [ERROR] Failed to fetch pending jobs
{
  "error": "fetch failed"
}
[2025-12-29T12:03:52.183Z] [ERROR] Failed to fetch pending jobs
{
  "error": "fetch failed"
}
[2025-12-29T12:03:54.193Z] [ERROR] Failed to fetch pending jobs
{
  "error": "fetch failed"
}
[2025-12-29T12:03:56.201Z] [ERROR] Failed to fetch pending jobs
{
  "error": "fetch failed"
}
[2025-12-29T12:03:58.202Z] [ERROR] Failed to fetch pending jobs
{
  "error": "fetch failed"
}
[2025-12-29T12:04:00.216Z] [ERROR] Failed to fetch pending jobs
{
  "error": "fetch failed"
}
[2025-12-29T12:04:02.216Z] [ERROR] Failed to fetch pending jobs
{
  "error": "fetch failed"
}
[2025-12-29T12:04:04.227Z] [ERROR] Failed to fetch pending jobs
{
  "error": "fetch failed"
}
[2025-12-29T12:04:06.239Z] [ERROR] Failed to fetch pending jobs
{
  "error": "fetch failed"
}
[2025-12-29T12:04:08.240Z] [ERROR] Failed to fetch pending jobs
{
  "error": "fetch failed"
}
[2025-12-29T12:04:10.248Z] [ERROR] Failed to fetch pending jobs
{
  "error": "fetch failed"
}
[2025-12-29T12:04:12.250Z] [ERROR] Failed to fetch pending jobs
{
  "error": "fetch failed"
}
[2025-12-29T12:04:14.252Z] [ERROR] Failed to fetch pending jobs
{
  "error": "fetch failed"
}
[2025-12-29T12:04:16.266Z] [ERROR] Failed to fetch pending jobs
{
  "error": "fetch failed"
}
[2025-12-29T12:04:18.267Z] [ERROR] Failed to fetch pending jobs
{
  "error": "fetch failed"
}
[2025-12-29T12:04:20.270Z] [ERROR] Failed to fetch pending jobs
{
  "error": "fetch failed"
}
[2025-12-29T12:04:22.285Z] [ERROR] Failed to fetch pending jobs
{
  "error": "fetch failed"
}
[2025-12-29T12:04:24.288Z] [ERROR] Failed to fetch pending jobs
{
  "error": "fetch failed"
}
[2025-12-29T12:04:26.300Z] [ERROR] Failed to fetch pending jobs
{
  "error": "fetch failed"
}
[2025-12-29T12:04:28.315Z] [ERROR] Failed to fetch pending jobs
{
  "error": "fetch failed"
}
[2025-12-29T12:04:30.327Z] [ERROR] Failed to fetch pending jobs
{
  "error": "fetch failed"
}
[2025-12-29T12:04:32.335Z] [ERROR] Failed to fetch pending jobs
{
  "error": "fetch failed"
}
[2025-12-29T12:04:34.349Z] [ERROR] Failed to fetch pending jobs
{
  "error": "fetch failed"
}
[2025-12-29T12:04:36.360Z] [ERROR] Failed to fetch pending jobs
{
  "error": "fetch failed"
}
[2025-12-29T12:04:38.363Z] [ERROR] Failed to fetch pending jobs
{
  "error": "fetch failed"
}
[2025-12-29T12:04:40.373Z] [ERROR] Failed to fetch pending jobs
{
  "error": "fetch failed"
}
[2025-12-29T12:04:42.392Z] [ERROR] Failed to fetch pending jobs
{
  "error": "fetch failed"
}
[2025-12-29T12:04:44.396Z] [ERROR] Failed to fetch pending jobs
{
  "error": "fetch failed"
}
[2025-12-29T12:04:46.410Z] [ERROR] Failed to fetch pending jobs
{
  "error": "fetch failed"
}
[2025-12-29T12:04:48.411Z] [ERROR] Failed to fetch pending jobs
{
  "error": "fetch failed"
}
[2025-12-29T12:04:50.412Z] [ERROR] Failed to fetch pending jobs
{
  "error": "fetch failed"
}
[2025-12-29T12:04:52.412Z] [ERROR] Failed to fetch pending jobs
{
  "error": "fetch failed"
}
[2025-12-29T12:04:54.412Z] [ERROR] Failed to fetch pending jobs
{
  "error": "fetch failed"
}
[2025-12-29T12:04:56.413Z] [ERROR] Failed to fetch pending jobs
{
  "error": "fetch failed"
}
[2025-12-29T12:04:58.422Z] [ERROR] Failed to fetch pending jobs
{
  "error": "fetch failed"
}
[2025-12-29T12:05:00.436Z] [ERROR] Failed to fetch pending jobs
{
  "error": "fetch failed"
}
[2025-12-29T12:05:02.438Z] [ERROR] Failed to fetch pending jobs
{
  "error": "fetch failed"
}
[2025-12-29T12:05:04.451Z] [ERROR] Failed to fetch pending jobs
{
  "error": "fetch failed"
}
[2025-12-29T12:05:06.466Z] [ERROR] Failed to fetch pending jobs
{
  "error": "fetch failed"
}
[2025-12-29T12:05:08.482Z] [ERROR] Failed to fetch pending jobs
{
  "error": "fetch failed"
}
[2025-12-29T12:05:10.490Z] [ERROR] Failed to fetch pending jobs
{
  "error": "fetch failed"
}
[2025-12-29T12:05:12.491Z] [ERROR] Failed to fetch pending jobs
{
  "error": "fetch failed"
}
[2025-12-29T12:05:14.502Z] [ERROR] Failed to fetch pending jobs
{
  "error": "fetch failed"
}
[2025-12-29T12:05:16.514Z] [ERROR] Failed to fetch pending jobs
{
  "error": "fetch failed"
}
[2025-12-29T12:05:18.529Z] [ERROR] Failed to fetch pending jobs
{
  "error": "fetch failed"
}
[2025-12-29T12:05:20.542Z] [ERROR] Failed to fetch pending jobs
{
  "error": "fetch failed"
}
[2025-12-29T12:05:22.550Z] [ERROR] Failed to fetch pending jobs
{
  "error": "fetch failed"
}
[2025-12-29T12:05:24.558Z] [ERROR] Failed to fetch pending jobs
{
  "error": "fetch failed"
}
[2025-12-29T12:05:26.564Z] [ERROR] Failed to fetch pending jobs
{
  "error": "fetch failed"
}
[2025-12-29T12:05:28.570Z] [ERROR] Failed to fetch pending jobs
{
  "error": "fetch failed"
}
[2025-12-29T12:05:30.571Z] [ERROR] Failed to fetch pending jobs
{
  "error": "fetch failed"
}
[2025-12-29T12:05:32.580Z] [ERROR] Failed to fetch pending jobs
{
  "error": "fetch failed"
}
[2025-12-29T12:05:34.595Z] [ERROR] Failed to fetch pending jobs
{
  "error": "fetch failed"
}
[2025-12-29T12:05:36.605Z] [ERROR] Failed to fetch pending jobs
{
  "error": "fetch failed"
}
[2025-12-29T12:05:38.613Z] [ERROR] Failed to fetch pending jobs
{
  "error": "fetch failed"
}
[2025-12-29T12:05:40.620Z] [ERROR] Failed to fetch pending jobs
{
  "error": "fetch failed"
}
[2025-12-29T12:05:42.634Z] [ERROR] Failed to fetch pending jobs
{
  "error": "fetch failed"
}
[2025-12-29T12:05:44.645Z] [ERROR] Failed to fetch pending jobs
{
  "error": "fetch failed"
}
[2025-12-29T12:05:46.644Z] [ERROR] Failed to fetch pending jobs
{
  "error": "fetch failed"
}
[2025-12-29T12:05:48.658Z] [ERROR] Failed to fetch pending jobs
{
  "error": "fetch failed"
}
[2025-12-29T12:05:50.659Z] [ERROR] Failed to fetch pending jobs
{
  "error": "fetch failed"
}
[2025-12-29T12:05:52.665Z] [ERROR] Failed to fetch pending jobs
{
  "error": "fetch failed"
}
[2025-12-29T12:05:54.673Z] [ERROR] Failed to fetch pending jobs
{
  "error": "fetch failed"
}
[2025-12-29T12:05:56.680Z] [ERROR] Failed to fetch pending jobs
{
  "error": "fetch failed"
}
[2025-12-29T12:05:58.689Z] [ERROR] Failed to fetch pending jobs
{
  "error": "fetch failed"
}
[2025-12-29T12:06:00.697Z] [ERROR] Failed to fetch pending jobs
{
  "error": "fetch failed"
}
[2025-12-29T12:06:02.711Z] [ERROR] Failed to fetch pending jobs
{
  "error": "fetch failed"
}
[2025-12-29T12:06:04.724Z] [ERROR] Failed to fetch pending jobs
{
  "error": "fetch failed"
}
[2025-12-29T12:06:06.732Z] [ERROR] Failed to fetch pending jobs
{
  "error": "fetch failed"
}
[2025-12-29T12:06:08.741Z] [ERROR] Failed to fetch pending jobs
{
  "error": "fetch failed"
}
[2025-12-29T12:06:10.742Z] [ERROR] Failed to fetch pending jobs
{
  "error": "fetch failed"
}
[2025-12-29T12:06:12.742Z] [ERROR] Failed to fetch pending jobs
{
  "error": "fetch failed"
}
[2025-12-29T12:06:14.752Z] [ERROR] Failed to fetch pending jobs
{
  "error": "fetch failed"
}
[2025-12-29T12:06:16.764Z] [ERROR] Failed to fetch pending jobs
{
  "error": "fetch failed"
}
[2025-12-29T12:06:18.767Z] [ERROR] Failed to fetch pending jobs
{
  "error": "fetch failed"
}
[2025-12-29T12:06:20.783Z] [ERROR] Failed to fetch pending jobs
{
  "error": "fetch failed"
}
[2025-12-29T12:06:22.795Z] [ERROR] Failed to fetch pending jobs
{
  "error": "fetch failed"
}
[2025-12-29T12:06:24.794Z] [ERROR] Failed to fetch pending jobs
{
  "error": "fetch failed"
}
[2025-12-29T12:06:26.807Z] [ERROR] Failed to fetch pending jobs
{
  "error": "fetch failed"
}
[2025-12-29T12:06:28.806Z] [ERROR] Failed to fetch pending jobs
{
  "error": "fetch failed"
}
[2025-12-29T12:06:30.808Z] [ERROR] Failed to fetch pending jobs
{
  "error": "fetch failed"
}
[2025-12-29T12:06:32.821Z] [ERROR] Failed to fetch pending jobs
{
  "error": "fetch failed"
}
[2025-12-29T12:06:34.836Z] [ERROR] Failed to fetch pending jobs
{
  "error": "fetch failed"
}
[2025-12-29T12:06:36.848Z] [ERROR] Failed to fetch pending jobs
{
  "error": "fetch failed"
}
[2025-12-29T12:06:38.852Z] [ERROR] Failed to fetch pending jobs
{
  "error": "fetch failed"
}
[2025-12-29T12:06:40.867Z] [ERROR] Failed to fetch pending jobs
{
  "error": "fetch failed"
}
[2025-12-29T12:06:42.868Z] [ERROR] Failed to fetch pending jobs
{
  "error": "fetch failed"
}
[2025-12-29T12:06:44.880Z] [ERROR] Failed to fetch pending jobs
{
  "error": "fetch failed"
}
[2025-12-29T12:06:46.891Z] [ERROR] Failed to fetch pending jobs
{
  "error": "fetch failed"
}
[2025-12-29T12:06:48.913Z] [ERROR] Failed to fetch pending jobs
{
  "error": "fetch failed"
}
[2025-12-29T12:06:50.923Z] [ERROR] Failed to fetch pending jobs
{
  "error": "fetch failed"
}
[2025-12-29T12:06:52.930Z] [ERROR] Failed to fetch pending jobs
{
  "error": "fetch failed"
}
[2025-12-29T12:06:54.929Z] [ERROR] Failed to fetch pending jobs
{
  "error": "fetch failed"
}
[2025-12-29T12:06:56.945Z] [ERROR] Failed to fetch pending jobs
{
  "error": "fetch failed"
}
[2025-12-29T12:06:58.956Z] [ERROR] Failed to fetch pending jobs
{
  "error": "fetch failed"
}
[2025-12-29T12:07:00.957Z] [ERROR] Failed to fetch pending jobs
{
  "error": "fetch failed"
}
[2025-12-29T12:07:02.961Z] [ERROR] Failed to fetch pending jobs
{
  "error": "fetch failed"
}
[2025-12-29T12:07:04.974Z] [ERROR] Failed to fetch pending jobs
{
  "error": "fetch failed"
}
[2025-12-29T12:07:06.975Z] [ERROR] Failed to fetch pending jobs
{
  "error": "fetch failed"
}
[2025-12-29T12:07:08.977Z] [ERROR] Failed to fetch pending jobs
{
  "error": "fetch failed"
}
[2025-12-29T12:07:10.986Z] [ERROR] Failed to fetch pending jobs
{
  "error": "fetch failed"
}
[2025-12-29T12:07:12.990Z] [ERROR] Failed to fetch pending jobs
{
  "error": "fetch failed"
}
[2025-12-29T12:07:15.000Z] [ERROR] Failed to fetch pending jobs
{
  "error": "fetch failed"
}
[2025-12-29T12:07:16.999Z] [ERROR] Failed to fetch pending jobs
{
  "error": "fetch failed"
}
[2025-12-29T12:07:18.998Z] [ERROR] Failed to fetch pending jobs
{
  "error": "fetch failed"
}
[2025-12-29T12:07:21.007Z] [ERROR] Failed to fetch pending jobs
{
  "error": "fetch failed"
}
[2025-12-29T12:07:23.007Z] [ERROR] Failed to fetch pending jobs
{
  "error": "fetch failed"
}
[2025-12-29T12:07:25.014Z] [ERROR] Failed to fetch pending jobs
{
  "error": "fetch failed"
}
[2025-12-29T12:07:27.014Z] [ERROR] Failed to fetch pending jobs
{
  "error": "fetch failed"
}
[2025-12-29T12:07:29.022Z] [ERROR] Failed to fetch pending jobs
{
  "error": "fetch failed"
}
[2025-12-29T12:07:31.022Z] [ERROR] Failed to fetch pending jobs
{
  "error": "fetch failed"
}
[2025-12-29T12:07:33.027Z] [ERROR] Failed to fetch pending jobs
{
  "error": "fetch failed"
}
[2025-12-29T12:07:35.035Z] [ERROR] Failed to fetch pending jobs
{
  "error": "fetch failed"
}
[2025-12-29T12:07:37.043Z] [ERROR] Failed to fetch pending jobs
{
  "error": "fetch failed"
}
[2025-12-29T12:07:39.053Z] [ERROR] Failed to fetch pending jobs
{
  "error": "fetch failed"
}
[2025-12-29T12:07:41.058Z] [ERROR] Failed to fetch pending jobs
{
  "error": "fetch failed"
}
[2025-12-29T12:07:43.068Z] [ERROR] Failed to fetch pending jobs
{
  "error": "fetch failed"
}
[2025-12-29T12:07:45.080Z] [ERROR] Failed to fetch pending jobs
{
  "error": "fetch failed"
}
[2025-12-29T12:07:47.080Z] [ERROR] Failed to fetch pending jobs
{
  "error": "fetch failed"
}
[2025-12-29T12:07:49.090Z] [ERROR] Failed to fetch pending jobs
{
  "error": "fetch failed"
}
[2025-12-29T12:07:51.097Z] [ERROR] Failed to fetch pending jobs
{
  "error": "fetch failed"
}
[2025-12-29T12:07:53.101Z] [ERROR] Failed to fetch pending jobs
{
  "error": "fetch failed"
}
[2025-12-29T12:07:55.113Z] [ERROR] Failed to fetch pending jobs
{
  "error": "fetch failed"
}
[2025-12-29T12:08:07.133Z] [ERROR] Failed to fetch pending jobs
{
  "error": "fetch failed"
}
[2025-12-29T12:08:09.133Z] [ERROR] Failed to fetch pending jobs
{
  "error": "fetch failed"
}
[2025-12-29T12:08:11.143Z] [ERROR] Failed to fetch pending jobs
{
  "error": "fetch failed"
}
[2025-12-29T12:08:13.143Z] [ERROR] Failed to fetch pending jobs
{
  "error": "fetch failed"
}
[2025-12-29T12:08:15.151Z] [ERROR] Failed to fetch pending jobs
{
  "error": "fetch failed"
}
[2025-12-29T12:08:17.155Z] [ERROR] Failed to fetch pending jobs
{
  "error": "fetch failed"
}
[2025-12-29T12:08:19.159Z] [ERROR] Failed to fetch pending jobs
{
  "error": "fetch failed"
}
[2025-12-29T12:08:19.254Z] [ERROR] Failed to fetch pending jobs
{
  "error": "fetch failed"
}
[2025-12-29T12:08:19.255Z] [ERROR] Failed to fetch pending jobs
{
  "error": "fetch failed"
}
[2025-12-29T12:08:19.257Z] [ERROR] Failed to fetch pending jobs
{
  "error": "fetch failed"
}
[2025-12-29T12:08:19.258Z] [ERROR] Failed to fetch pending jobs
{
  "error": "fetch failed"
}
[2025-12-29T12:08:19.259Z] [ERROR] Failed to fetch pending jobs
{
  "error": "fetch failed"
}
[2025-12-29T12:08:21.183Z] [ERROR] Failed to fetch pending jobs
{
  "error": "fetch failed"
}
[2025-12-29T12:08:23.198Z] [ERROR] Failed to fetch pending jobs
{
  "error": "fetch failed"
}
[2025-12-29T12:08:26.350Z] [INFO] Found 1 pending job(s)
[2025-12-29T12:08:26.351Z] [INFO] Found 1 pending job(s)
[2025-12-29T12:08:26.351Z] [INFO] Processing job 80 (kot) for Kitchen Printer
[2025-12-29T12:08:36.358Z] [ERROR] Error updating job 80 status
{
  "error": "fetch failed"
}
[2025-12-29T12:08:36.359Z] [INFO] Connecting to network printer: 192.168.123.102:9100
[2025-12-29T12:08:39.233Z] [ERROR] Failed to fetch pending jobs
{
  "error": "fetch failed"
}
[2025-12-29T12:08:41.238Z] [ERROR] Failed to fetch pending jobs
{
  "error": "fetch failed"
}
[2025-12-29T12:08:41.259Z] [ERROR] Failed to fetch pending jobs
{
  "error": "fetch failed"
}
[2025-12-29T12:08:43.247Z] [ERROR] Failed to fetch pending jobs
{
  "error": "fetch failed"
}
[2025-12-29T12:08:43.264Z] [ERROR] Failed to fetch pending jobs
{
  "error": "fetch failed"
}
[2025-12-29T12:08:45.243Z] [ERROR] Failed to fetch pending jobs
{
  "error": "fetch failed"
}
[2025-12-29T12:08:45.276Z] [ERROR] Failed to fetch pending jobs
{
  "error": "fetch failed"
}
[2025-12-29T12:08:46.371Z] [WARN] Print attempt 1 failed for job 80, retrying...
{
  "error": "Print timeout"
}
[2025-12-29T12:08:47.248Z] [ERROR] Failed to fetch pending jobs
{
  "error": "fetch failed"
}
[2025-12-29T12:08:47.282Z] [ERROR] Failed to fetch pending jobs
{
  "error": "fetch failed"
}
[2025-12-29T12:08:49.260Z] [ERROR] Failed to fetch pending jobs
{
  "error": "fetch failed"
}
[2025-12-29T12:08:49.293Z] [ERROR] Failed to fetch pending jobs
{
  "error": "fetch failed"
}
[2025-12-29T12:08:49.393Z] [INFO] Connecting to network printer: 192.168.123.102:9100
[2025-12-29T12:08:49.395Z] [WARN] Print attempt 2 failed for job 80, retrying...
{
  "error": "connect EHOSTUNREACH 192.168.123.102:9100"
}
[2025-12-29T12:08:51.308Z] [ERROR] Failed to fetch pending jobs
{
  "error": "fetch failed"
}
[2025-12-29T12:08:52.410Z] [INFO] Connecting to network printer: 192.168.123.102:9100
[2025-12-29T12:08:52.414Z] [ERROR] Error updating job 80 status
{
  "error": "fetch failed"
}
[2025-12-29T12:08:52.415Z] [ERROR] ✗ Job 80 failed
{
  "error": "connect EHOSTUNREACH 192.168.123.102:9100"
}
[2025-12-29T12:08:53.320Z] [ERROR] Failed to fetch pending jobs
{
  "error": "fetch failed"
}
[2025-12-29T12:08:55.326Z] [ERROR] Failed to fetch pending jobs
{
  "error": "fetch failed"
}
[2025-12-29T12:08:57.329Z] [ERROR] Failed to fetch pending jobs
{
  "error": "fetch failed"
}
[2025-12-29T12:08:59.340Z] [ERROR] Failed to fetch pending jobs
{
  "error": "fetch failed"
}
[2025-12-29T12:09:01.343Z] [ERROR] Failed to fetch pending jobs
{
  "error": "fetch failed"
}
[2025-12-29T12:09:03.348Z] [ERROR] Failed to fetch pending jobs
{
  "error": "fetch failed"
}
[2025-12-29T12:09:05.362Z] [ERROR] Failed to fetch pending jobs
{
  "error": "fetch failed"
}
[2025-12-29T12:09:08.043Z] [ERROR] Failed to fetch pending jobs
{
  "error": "fetch failed"
}
[2025-12-29T12:09:08.341Z] [INFO] Found 1 pending job(s)
[2025-12-29T12:09:08.341Z] [INFO] Found 1 pending job(s)
[2025-12-29T12:09:08.342Z] [INFO] Processing job 80 (kot) for Kitchen Printer
[2025-12-29T12:09:09.220Z] [INFO] Connecting to network printer: 192.168.123.102:9100
[2025-12-29T12:09:09.520Z] [INFO] ✓ Job 80 printed successfully
[2025-12-29T12:10:52.012Z] [INFO] Found 1 pending job(s)
[2025-12-29T12:10:52.013Z] [INFO] Found 1 pending job(s)
[2025-12-29T12:10:52.014Z] [INFO] Processing job 81 (receipt) for Customer Receipt
[2025-12-29T12:10:52.865Z] [INFO] Connecting to network printer: 192.168.123.102:9100
[2025-12-29T12:10:53.185Z] [INFO] ✓ Job 81 printed successfully
[2025-12-29T12:13:44.632Z] [INFO] Found 1 pending job(s)
[2025-12-29T12:13:44.633Z] [INFO] Found 1 pending job(s)
[2025-12-29T12:13:44.633Z] [INFO] Processing job 82 (receipt) for Customer Receipt
[2025-12-29T12:13:45.463Z] [INFO] Connecting to network printer: 192.168.123.102:9100
[2025-12-29T12:13:45.802Z] [INFO] ✓ Job 82 printed successfully
[2025-12-29T12:14:06.703Z] [INFO] Found 1 pending job(s)
[2025-12-29T12:14:06.704Z] [INFO] Found 1 pending job(s)
[2025-12-29T12:14:06.704Z] [INFO] Processing job 83 (receipt) for Customer Receipt
[2025-12-29T12:14:07.530Z] [INFO] Connecting to network printer: 192.168.123.102:9100
[2025-12-29T12:14:07.820Z] [INFO] ✓ Job 83 printed successfully
[2025-12-29T12:14:22.752Z] [INFO] Found 1 pending job(s)
[2025-12-29T12:14:22.753Z] [INFO] Found 1 pending job(s)
[2025-12-29T12:14:22.754Z] [INFO] Processing job 84 (kot) for Kitchen Printer
[2025-12-29T12:14:23.577Z] [INFO] Connecting to network printer: 192.168.123.102:9100
[2025-12-29T12:14:23.875Z] [INFO] ✓ Job 84 printed successfully
[2025-12-29T12:19:35.892Z] [INFO] Found 1 pending job(s)
[2025-12-29T12:19:35.892Z] [INFO] Found 1 pending job(s)
[2025-12-29T12:19:35.893Z] [INFO] Processing job 85 (kot) for Kitchen Printer
[2025-12-29T12:19:37.022Z] [INFO] Connecting to network printer: 192.168.123.102:9100
[2025-12-29T12:19:37.336Z] [INFO] ✓ Job 85 printed successfully
[2025-12-29T12:21:40.456Z] [INFO] Found 1 pending job(s)
[2025-12-29T12:21:40.456Z] [INFO] Found 1 pending job(s)
[2025-12-29T12:21:40.457Z] [INFO] Processing job 86 (kot) for Kitchen Printer
[2025-12-29T12:21:41.286Z] [INFO] Connecting to network printer: 192.168.123.102:9100
[2025-12-29T12:21:41.570Z] [INFO] ✓ Job 86 printed successfully
[2025-12-29T12:21:54.493Z] [INFO] Found 1 pending job(s)
[2025-12-29T12:21:54.494Z] [INFO] Found 1 pending job(s)
[2025-12-29T12:21:54.494Z] [INFO] Processing job 87 (receipt) for Customer Receipt
[2025-12-29T12:21:59.935Z] [INFO] Found 1 pending job(s)
[2025-12-29T12:21:59.936Z] [INFO] Found 1 pending job(s)
[2025-12-29T12:21:59.937Z] [INFO] Processing job 87 (receipt) for Customer Receipt
[2025-12-29T12:22:00.102Z] [INFO] Found 1 pending job(s)
[2025-12-29T12:22:00.103Z] [INFO] Found 1 pending job(s)
[2025-12-29T12:22:00.103Z] [INFO] Processing job 87 (receipt) for Customer Receipt
[2025-12-29T12:22:00.385Z] [INFO] Connecting to network printer: 192.168.123.102:9100
[2025-12-29T12:22:00.725Z] [INFO] ✓ Job 87 printed successfully
[2025-12-29T12:22:00.783Z] [INFO] Connecting to network printer: 192.168.123.102:9100
[2025-12-29T12:22:01.062Z] [INFO] ✓ Job 87 printed successfully
[2025-12-29T12:22:02.324Z] [INFO] Connecting to network printer: 192.168.123.102:9100
[2025-12-29T12:22:02.612Z] [INFO] ✓ Job 87 printed successfully
[2025-12-29T12:23:40.867Z] [INFO] Found 1 pending job(s)
[2025-12-29T12:23:40.868Z] [INFO] Found 1 pending job(s)
[2025-12-29T12:23:40.868Z] [INFO] Processing job 88 (receipt) for Customer Receipt
[2025-12-29T12:23:41.702Z] [INFO] Connecting to network printer: 192.168.123.102:9100
[2025-12-29T12:23:41.997Z] [INFO] ✓ Job 88 printed successfully
[2025-12-29T15:32:40.847Z] [ERROR] Failed to fetch pending jobs
{
  "error": "fetch failed"
}
[2025-12-29T15:32:40.849Z] [ERROR] Failed to fetch pending jobs
{
  "error": "fetch failed"
}
[2025-12-29T18:46:55.738Z] [ERROR] Failed to fetch pending jobs
{
  "error": "fetch failed"
}
[2025-12-29T18:46:57.748Z] [ERROR] Failed to fetch pending jobs
{
  "error": "fetch failed"
}
[2025-12-29T18:46:59.759Z] [ERROR] Failed to fetch pending jobs
{
  "error": "fetch failed"
}
[2025-12-29T18:47:01.759Z] [ERROR] Failed to fetch pending jobs
{
  "error": "fetch failed"
}
[2025-12-29T18:47:02.291Z] [ERROR] Failed to fetch pending jobs
{
  "error": "fetch failed"
}
[2025-12-30T04:20:31.711Z] [ERROR] Failed to fetch pending jobs
{
  "error": "fetch failed"
}
[2025-12-30T04:20:33.804Z] [ERROR] Failed to fetch pending jobs
{
  "error": "fetch failed"
}
[2025-12-30T04:20:35.824Z] [ERROR] Failed to fetch pending jobs
{
  "error": "fetch failed"
}
[2025-12-30T04:20:37.839Z] [ERROR] Failed to fetch pending jobs
{
  "error": "fetch failed"
}
[2025-12-30T04:20:41.716Z] [ERROR] Failed to fetch pending jobs
{
  "error": "fetch failed"
}
[2025-12-30T04:28:22.098Z] [INFO] Print server starting...
[2025-12-30T04:28:22.101Z] [INFO] API: https://kamikuralk.online/api
[2025-12-30T04:28:22.102Z] [INFO] Poll interval: 2000ms
[2025-12-30T04:28:22.103Z] [INFO] Retry interval: 30000ms
[2025-12-30T04:28:22.104Z] [INFO] ✓ Print server running. Press Ctrl+C to stop.
[2025-12-30T04:31:07.497Z] [INFO] Found 1 pending job(s)
[2025-12-30T04:31:07.499Z] [INFO] Found 1 pending job(s)
[2025-12-30T04:31:07.501Z] [INFO] Processing job 89 (receipt) for Customer Receipt
[2025-12-30T04:31:09.564Z] [INFO] Connecting to network printer: 192.168.123.102:9100
[2025-12-30T04:31:10.106Z] [INFO] ✓ Job 89 printed successfully
[2025-12-30T04:32:08.103Z] [INFO] Found 1 pending job(s)
[2025-12-30T04:32:08.104Z] [INFO] Found 1 pending job(s)
[2025-12-30T04:32:08.105Z] [INFO] Processing job 90 (kot) for Kitchen Printer
[2025-12-30T04:32:08.943Z] [INFO] Connecting to network printer: 192.168.123.102:9100
[2025-12-30T04:32:09.304Z] [INFO] ✓ Job 90 printed successfully
[2025-12-30T04:35:24.937Z] [INFO] Found 1 pending job(s)
[2025-12-30T04:35:24.938Z] [INFO] Found 1 pending job(s)
[2025-12-30T04:35:24.938Z] [INFO] Processing job 91 (receipt) for Customer Receipt
[2025-12-30T04:35:25.813Z] [INFO] Connecting to network printer: 192.168.123.102:9100
[2025-12-30T04:35:26.141Z] [INFO] ✓ Job 91 printed successfully
[2025-12-30T04:48:32.261Z] [ERROR] Failed to fetch pending jobs
{
  "error": "fetch failed"
}
[2025-12-30T04:54:39.942Z] [INFO] Found 1 pending job(s)
[2025-12-30T04:54:39.944Z] [INFO] Found 1 pending job(s)
[2025-12-30T04:54:39.945Z] [INFO] Processing job 92 (receipt) for Customer Receipt
[2025-12-30T04:54:40.783Z] [INFO] Connecting to network printer: 192.168.123.102:9100
[2025-12-30T04:54:41.098Z] [INFO] ✓ Job 92 printed successfully
[2025-12-30T04:56:30.515Z] [INFO] Found 1 pending job(s)
[2025-12-30T04:56:30.516Z] [INFO] Found 1 pending job(s)
[2025-12-30T04:56:30.517Z] [INFO] Processing job 93 (receipt) for Customer Receipt
[2025-12-30T04:56:31.486Z] [INFO] Connecting to network printer: 192.168.123.102:9100
[2025-12-30T04:56:31.789Z] [INFO] ✓ Job 93 printed successfully
[2025-12-30T05:11:02.344Z] [INFO] Found 1 pending job(s)
[2025-12-30T05:11:02.345Z] [INFO] Found 1 pending job(s)
[2025-12-30T05:11:02.346Z] [INFO] Processing job 94 (receipt) for Customer Receipt
[2025-12-30T05:11:03.155Z] [INFO] Connecting to network printer: 192.168.123.102:9100
[2025-12-30T05:11:03.523Z] [INFO] ✓ Job 94 printed successfully
[2025-12-30T05:43:24.901Z] [INFO] Found 1 pending job(s)
[2025-12-30T05:43:24.902Z] [INFO] Found 1 pending job(s)
[2025-12-30T05:43:24.903Z] [INFO] Processing job 95 (receipt) for Customer Receipt
[2025-12-30T05:43:25.738Z] [INFO] Connecting to network printer: 192.168.123.102:9100
[2025-12-30T05:43:26.129Z] [INFO] ✓ Job 95 printed successfully
[2025-12-30T07:07:45.419Z] [INFO] Found 1 pending job(s)
[2025-12-30T07:07:45.421Z] [INFO] Found 1 pending job(s)
[2025-12-30T07:07:45.422Z] [INFO] Processing job 96 (kot) for Kitchen Printer
[2025-12-30T07:07:46.254Z] [INFO] Connecting to network printer: 192.168.123.101:9100
[2025-12-30T07:07:46.542Z] [INFO] ✓ Job 96 printed successfully
[2025-12-30T07:12:48.303Z] [ERROR] Failed to fetch pending jobs
{
  "error": "fetch failed"
}
[2025-12-30T07:33:59.632Z] [ERROR] Failed to fetch pending jobs
{
  "error": "fetch failed"
}
[2025-12-30T07:33:59.646Z] [ERROR] Failed to fetch pending jobs
{
  "error": "fetch failed"
}
[2025-12-30T07:33:59.649Z] [ERROR] Failed to fetch pending jobs
{
  "error": "fetch failed"
}
[2025-12-30T07:34:00.491Z] [INFO] Found 3 pending job(s)
[2025-12-30T07:34:00.492Z] [INFO] Found 3 pending job(s)
[2025-12-30T07:34:00.496Z] [INFO] Processing job 97 (kot) for Kitchen Printer
[2025-12-30T07:34:01.300Z] [INFO] Connecting to network printer: 192.168.123.101:9100
[2025-12-30T07:34:01.386Z] [WARN] Print attempt 1 failed for job 97, retrying...
{
  "error": "printer.size(...).invert is not a function"
}
[2025-12-30T07:34:02.430Z] [INFO] Found 2 pending job(s)
[2025-12-30T07:34:02.431Z] [INFO] Found 2 pending job(s)
[2025-12-30T07:34:02.435Z] [INFO] Processing job 98 (receipt) for Customer Receipt
[2025-12-30T07:34:03.237Z] [INFO] Connecting to network printer: 192.168.123.102:9100
[2025-12-30T07:34:03.611Z] [INFO] ✓ Job 98 printed successfully
[2025-12-30T07:34:03.612Z] [INFO] Processing job 99 (receipt) for Customer Receipt
[2025-12-30T07:34:03.884Z] [INFO] Connecting to network printer: 192.168.123.102:9100
[2025-12-30T07:34:04.163Z] [INFO] ✓ Job 99 printed successfully
[2025-12-30T07:34:04.400Z] [INFO] Connecting to network printer: 192.168.123.101:9100
[2025-12-30T07:34:04.406Z] [WARN] Print attempt 2 failed for job 97, retrying...
{
  "error": "printer.size(...).invert is not a function"
}
[2025-12-30T07:34:07.415Z] [INFO] Connecting to network printer: 192.168.123.101:9100
[2025-12-30T07:34:07.690Z] [ERROR] ✗ Job 97 failed
{
  "error": "printer.size(...).invert is not a function"
}
[2025-12-30T07:34:07.695Z] [INFO] Processing job 98 (receipt) for Customer Receipt
[2025-12-30T07:34:08.497Z] [INFO] Connecting to network printer: 192.168.123.102:9100
[2025-12-30T07:34:08.776Z] [INFO] ✓ Job 98 printed successfully
[2025-12-30T07:34:08.777Z] [INFO] Processing job 99 (receipt) for Customer Receipt
[2025-12-30T07:34:09.055Z] [INFO] Connecting to network printer: 192.168.123.102:9100
[2025-12-30T07:34:09.329Z] [INFO] ✓ Job 99 printed successfully
[2025-12-30T07:35:04.225Z] [INFO] Found 1 pending job(s)
[2025-12-30T07:35:04.227Z] [INFO] Found 1 pending job(s)
[2025-12-30T07:35:04.233Z] [INFO] Processing job 100 (receipt) for Customer Receipt
[2025-12-30T07:35:05.034Z] [INFO] Connecting to network printer: 192.168.123.102:9100
[2025-12-30T07:35:05.341Z] [INFO] ✓ Job 100 printed successfully
[2025-12-30T07:54:27.046Z] [INFO] Found 1 pending job(s)
[2025-12-30T07:55:12.128Z] [INFO] Found 1 pending job(s)
[2025-12-30T07:55:12.129Z] [INFO] Processing job 101 (receipt) for Customer Receipt
[2025-12-30T07:55:12.958Z] [INFO] Found 4 pending job(s)
[2025-12-30T07:55:12.959Z] [INFO] Found 4 pending job(s)
[2025-12-30T07:55:12.960Z] [INFO] Processing job 101 (receipt) for Customer Receipt
[2025-12-30T07:55:12.975Z] [INFO] Connecting to network printer: 192.168.123.102:9100
[2025-12-30T07:55:13.369Z] [INFO] ✓ Job 101 printed successfully
[2025-12-30T07:55:13.811Z] [INFO] Connecting to network printer: 192.168.123.102:9100
[2025-12-30T07:55:14.109Z] [INFO] ✓ Job 101 printed successfully
[2025-12-30T07:55:14.110Z] [INFO] Processing job 102 (receipt) for Customer Receipt
[2025-12-30T07:55:14.395Z] [INFO] Connecting to network printer: 192.168.123.102:9100
[2025-12-30T07:55:14.407Z] [INFO] Found 2 pending job(s)
[2025-12-30T07:55:14.407Z] [INFO] Found 2 pending job(s)
[2025-12-30T07:55:14.408Z] [INFO] Processing job 103 (receipt) for Customer Receipt
[2025-12-30T07:55:14.686Z] [INFO] ✓ Job 102 printed successfully
[2025-12-30T07:55:14.687Z] [INFO] Processing job 103 (receipt) for Customer Receipt
[2025-12-30T07:55:14.962Z] [INFO] Connecting to network printer: 192.168.123.102:9100
[2025-12-30T07:55:15.243Z] [INFO] ✓ Job 103 printed successfully
[2025-12-30T07:55:15.244Z] [INFO] Processing job 104 (receipt) for Customer Receipt
[2025-12-30T07:55:15.266Z] [INFO] Connecting to network printer: 192.168.123.102:9100
[2025-12-30T07:55:15.519Z] [INFO] Connecting to network printer: 192.168.123.102:9100
[2025-12-30T07:55:15.545Z] [INFO] ✓ Job 103 printed successfully
[2025-12-30T07:55:15.546Z] [INFO] Processing job 104 (receipt) for Customer Receipt
[2025-12-30T07:55:15.800Z] [INFO] ✓ Job 104 printed successfully
[2025-12-30T07:55:15.827Z] [INFO] Connecting to network printer: 192.168.123.102:9100
[2025-12-30T07:55:16.110Z] [INFO] ✓ Job 104 printed successfully
[2025-12-30T07:56:09.692Z] [INFO] Print server starting...
[2025-12-30T07:56:09.701Z] [INFO] API: https://kamikuralk.online/api
[2025-12-30T07:56:09.702Z] [INFO] Poll interval: 2000ms
[2025-12-30T07:56:09.703Z] [INFO] Retry interval: 30000ms
[2025-12-30T07:56:09.703Z] [INFO] ✓ Print server running. Press Ctrl+C to stop.
[2025-12-30T07:56:30.064Z] [INFO] Found 1 pending job(s)
[2025-12-30T07:56:42.408Z] [INFO] Found 1 pending job(s)
[2025-12-30T07:56:42.409Z] [INFO] Processing job 105 (receipt) for Customer Receipt
[2025-12-30T07:56:42.692Z] [INFO] Found 1 pending job(s)
[2025-12-30T07:56:42.693Z] [INFO] Found 1 pending job(s)
[2025-12-30T07:56:42.694Z] [INFO] Processing job 105 (receipt) for Customer Receipt
[2025-12-30T07:56:43.923Z] [INFO] Connecting to network printer: 192.168.123.102:9100
[2025-12-30T07:56:43.927Z] [WARN] Failed to update job 105 status
{
  "success": false,
  "error": "Job not found or already updated"
}
[2025-12-30T07:56:43.934Z] [INFO] Connecting to network printer: 192.168.123.102:9100
[2025-12-30T07:56:44.270Z] [INFO] ✓ Job 105 printed successfully
[2025-12-30T07:56:44.272Z] [WARN] Failed to update job 105 status
{
  "success": false,
  "error": "Job not found or already updated"
}
[2025-12-30T07:56:44.274Z] [INFO] ✓ Job 105 printed successfully
[2025-12-30T08:11:26.651Z] [ERROR] Failed to fetch pending jobs
{
  "error": "fetch failed"
}
[2025-12-30T09:46:15.525Z] [INFO] Found 1 pending job(s)
[2025-12-30T09:46:15.527Z] [INFO] Found 1 pending job(s)
[2025-12-30T09:46:15.529Z] [INFO] Processing job 105 (receipt) for Customer Receipt
[2025-12-30T09:46:16.354Z] [INFO] Connecting to network printer: 192.168.123.102:9100
[2025-12-30T09:46:16.682Z] [INFO] ✓ Job 105 printed successfully
[2025-12-30T09:46:35.662Z] [INFO] Found 1 pending job(s)
[2025-12-30T09:46:35.663Z] [INFO] Found 1 pending job(s)
[2025-12-30T09:46:35.666Z] [INFO] Processing job 103 (receipt) for Customer Receipt
[2025-12-30T09:46:36.503Z] [INFO] Connecting to network printer: 192.168.123.102:9100
[2025-12-30T09:46:36.792Z] [INFO] ✓ Job 103 printed successfully
[2025-12-30T09:53:12.982Z] [ERROR] Failed to fetch pending jobs
{
  "error": "fetch failed"
}
[2025-12-30T09:53:12.987Z] [ERROR] Failed to fetch pending jobs
{
  "error": "fetch failed"
}
[2025-12-30T09:53:13.511Z] [ERROR] Failed to fetch pending jobs
{
  "error": "fetch failed"
}
[2025-12-30T09:53:16.281Z] [ERROR] Failed to fetch pending jobs
{
  "error": "fetch failed"
}
[2025-12-30T10:41:16.078Z] [INFO] Found 1 pending job(s)
[2025-12-30T10:41:16.079Z] [INFO] Found 1 pending job(s)
[2025-12-30T10:41:16.080Z] [INFO] Processing job 105 (receipt) for Customer Receipt
[2025-12-30T10:41:17.002Z] [INFO] Connecting to network printer: 192.168.123.102:9100
[2025-12-30T10:41:17.407Z] [INFO] ✓ Job 105 printed successfully
[2025-12-30T10:42:00.215Z] [ERROR] Failed to fetch pending jobs
{
  "error": "fetch failed"
}
[2025-12-30T10:57:28.435Z] [ERROR] Failed to fetch pending jobs
{
  "error": "fetch failed"
}
[2025-12-30T11:46:37.749Z] [INFO] Found 1 pending job(s)
[2025-12-30T11:46:37.750Z] [INFO] Found 1 pending job(s)
[2025-12-30T11:46:37.752Z] [INFO] Processing job 105 (receipt) for Customer Receipt
[2025-12-30T11:46:38.613Z] [INFO] Connecting to network printer: 192.168.123.102:9100
[2025-12-30T11:46:38.972Z] [INFO] ✓ Job 105 printed successfully
[2025-12-30T12:40:55.629Z] [INFO] Found 2 pending job(s)
[2025-12-30T12:41:10.879Z] [INFO] Found 2 pending job(s)
[2025-12-30T12:41:10.906Z] [INFO] Processing job 106 (kot) for Kitchen Printer
[2025-12-30T12:41:12.501Z] [INFO] Found 1 pending job(s)
[2025-12-30T12:41:12.502Z] [INFO] Found 1 pending job(s)
[2025-12-30T12:41:12.505Z] [INFO] Processing job 107 (bar_ticket) for Bar Printer
[2025-12-30T12:41:12.511Z] [INFO] Connecting to network printer: 192.168.123.101:9100
[2025-12-30T12:41:13.250Z] [INFO] ✓ Job 106 printed successfully
[2025-12-30T12:41:13.256Z] [INFO] Processing job 107 (bar_ticket) for Bar Printer
[2025-12-30T12:41:13.537Z] [INFO] Connecting to network printer: 192.168.123.102:9100
[2025-12-30T12:41:13.916Z] [INFO] ✓ Job 107 printed successfully
[2025-12-30T12:41:14.133Z] [INFO] Connecting to network printer: 192.168.123.102:9100
[2025-12-30T12:41:14.432Z] [INFO] ✓ Job 107 printed successfully
[2025-12-30T12:48:05.266Z] [INFO] Found 1 pending job(s)
[2025-12-30T12:48:05.268Z] [INFO] Found 1 pending job(s)
[2025-12-30T12:48:05.271Z] [INFO] Processing job 107 (bar_ticket) for Bar Printer
[2025-12-30T12:48:06.434Z] [INFO] Connecting to network printer: 192.168.123.102:9100
[2025-12-30T12:48:06.730Z] [INFO] ✓ Job 107 printed successfully
[2025-12-30T12:57:54.243Z] [INFO] Found 1 pending job(s)
[2025-12-30T12:57:54.245Z] [INFO] Found 1 pending job(s)
[2025-12-30T12:57:54.247Z] [INFO] Processing job 107 (bar_ticket) for Bar Printer
[2025-12-30T12:57:55.057Z] [INFO] Connecting to network printer: 192.168.123.102:9100
[2025-12-30T12:57:55.366Z] [INFO] ✓ Job 107 printed successfully
[2025-12-30T13:02:19.283Z] [INFO] Print server starting...
[2025-12-30T13:02:19.291Z] [INFO] API: https://kamikuralk.online/api
[2025-12-30T13:02:19.292Z] [INFO] Poll interval: 2000ms
[2025-12-30T13:02:19.293Z] [INFO] Retry interval: 30000ms
[2025-12-30T13:02:19.294Z] [INFO] ✓ Print server running. Press Ctrl+C to stop.
[2025-12-30T13:03:01.387Z] [INFO] Print server starting...
[2025-12-30T13:03:01.398Z] [INFO] API: https://kamikuralk.online/api
[2025-12-30T13:03:01.407Z] [INFO] Poll interval: 2000ms
[2025-12-30T13:03:01.409Z] [INFO] Retry interval: 30000ms
[2025-12-30T13:03:01.416Z] [INFO] ✓ Print server running. Press Ctrl+C to stop.
[2025-12-30T13:08:45.111Z] [INFO] Print server starting...
[2025-12-30T13:08:45.115Z] [INFO] API: https://kamikuralk.online/api
[2025-12-30T13:08:45.117Z] [INFO] Poll interval: 2000ms
[2025-12-30T13:08:45.118Z] [INFO] Retry interval: 30000ms
[2025-12-30T13:08:45.124Z] [INFO] ✓ Print server running. Press Ctrl+C to stop.
[2025-12-30T13:09:21.128Z] [INFO] Print server starting...
[2025-12-30T13:09:21.135Z] [INFO] API: https://kamikuralk.online/api
[2025-12-30T13:09:21.137Z] [INFO] Poll interval: 2000ms
[2025-12-30T13:09:21.138Z] [INFO] Retry interval: 30000ms
[2025-12-30T13:09:21.140Z] [INFO] ✓ Print server running. Press Ctrl+C to stop.
[2025-12-30T13:09:22.272Z] [INFO] Found 1 pending job(s)
[2025-12-30T13:09:22.274Z] [INFO] Found 1 pending job(s)
[2025-12-30T13:09:22.276Z] [INFO] Processing job 108 (receipt) for Customer Receipt
[2025-12-30T13:09:24.617Z] [INFO] Connecting to network printer: 192.168.123.102:9100
[2025-12-30T13:09:25.172Z] [INFO] ✓ Job 108 printed successfully
[2025-12-30T13:11:01.395Z] [INFO] Found 1 pending job(s)
[2025-12-30T13:11:01.396Z] [INFO] Found 1 pending job(s)
[2025-12-30T13:11:01.397Z] [INFO] Processing job 109 (receipt) for Customer Receipt
[2025-12-30T13:11:02.198Z] [INFO] Connecting to network printer: 192.168.123.102:9100
[2025-12-30T13:11:02.490Z] [INFO] ✓ Job 109 printed successfully
[2025-12-30T13:21:24.511Z] [INFO] Print server starting...
[2025-12-30T13:21:24.513Z] [INFO] API: https://kamikuralk.online/api
[2025-12-30T13:21:24.514Z] [INFO] Poll interval: 2000ms
[2025-12-30T13:21:24.515Z] [INFO] Retry interval: 30000ms
[2025-12-30T13:21:24.516Z] [INFO] ✓ Print server running. Press Ctrl+C to stop.
[2025-12-30T13:21:35.799Z] [INFO] Print server starting...
[2025-12-30T13:21:35.802Z] [INFO] API: https://kamikuralk.online/api
[2025-12-30T13:21:35.805Z] [INFO] Poll interval: 2000ms
[2025-12-30T13:21:35.807Z] [INFO] Retry interval: 30000ms
[2025-12-30T13:21:35.809Z] [INFO] ✓ Print server running. Press Ctrl+C to stop.
[2025-12-30T13:21:50.441Z] [INFO] Found 1 pending job(s)
[2025-12-30T13:21:50.442Z] [INFO] Found 1 pending job(s)
[2025-12-30T13:21:50.443Z] [INFO] Processing job 109 (receipt) for Customer Receipt
[2025-12-30T13:21:51.267Z] [INFO] Connecting to network printer: 192.168.123.102:9100
[2025-12-30T13:21:51.562Z] [INFO] ✓ Job 109 printed successfully
[2025-12-30T13:23:04.834Z] [INFO] Found 1 pending job(s)
[2025-12-30T13:23:04.837Z] [INFO] Found 1 pending job(s)
[2025-12-30T13:23:04.838Z] [INFO] Processing job 105 (receipt) for Customer Receipt
[2025-12-30T13:23:05.676Z] [INFO] Connecting to network printer: 192.168.123.102:9100
[2025-12-30T13:23:05.966Z] [INFO] ✓ Job 105 printed successfully
[2025-12-30T13:30:28.885Z] [INFO] Found 1 pending job(s)
[2025-12-30T13:30:28.902Z] [INFO] Found 1 pending job(s)
[2025-12-30T13:30:28.932Z] [INFO] Processing job 110 (kot) for Kitchen Printer
[2025-12-30T13:30:29.756Z] [INFO] Connecting to network printer: 192.168.123.101:9100
[2025-12-30T13:30:30.290Z] [INFO] ✓ Job 110 printed successfully
[2025-12-30T14:14:56.062Z] [ERROR] Failed to fetch pending jobs
{
  "error": "fetch failed"
}
[2025-12-30T14:55:25.002Z] [INFO] Found 1 pending job(s)
[2025-12-30T14:55:25.004Z] [INFO] Found 1 pending job(s)
[2025-12-30T14:55:25.004Z] [INFO] Processing job 111 (receipt) for Customer Receipt
[2025-12-30T14:55:26.288Z] [INFO] Connecting to network printer: 192.168.123.102:9100
[2025-12-30T14:55:27.464Z] [INFO] ✓ Job 111 printed successfully
[2025-12-30T14:57:33.656Z] [INFO] Found 1 pending job(s)
[2025-12-30T14:57:33.687Z] [INFO] Found 1 pending job(s)
[2025-12-30T14:57:33.690Z] [INFO] Processing job 112 (receipt) for Customer Receipt
[2025-12-30T14:57:34.512Z] [INFO] Connecting to network printer: 192.168.123.102:9100
[2025-12-30T14:57:34.815Z] [INFO] ✓ Job 112 printed successfully
[2025-12-30T15:08:02.709Z] [INFO] Found 1 pending job(s)
[2025-12-30T15:08:02.712Z] [INFO] Found 1 pending job(s)
[2025-12-30T15:08:02.713Z] [INFO] Processing job 113 (kot) for Kitchen Printer
[2025-12-30T15:08:03.573Z] [INFO] Connecting to network printer: 192.168.123.101:9100
[2025-12-30T15:08:03.879Z] [INFO] ✓ Job 113 printed successfully
[2025-12-30T15:16:39.459Z] [INFO] Found 1 pending job(s)
[2025-12-30T15:16:39.460Z] [INFO] Found 1 pending job(s)
[2025-12-30T15:16:39.461Z] [INFO] Processing job 114 (kot) for Kitchen Printer
[2025-12-30T15:16:40.276Z] [INFO] Connecting to network printer: 192.168.123.101:9100
[2025-12-30T15:16:40.285Z] [WARN] Print attempt 1 failed for job 114, retrying...
{
  "error": "printer.size(...).invert is not a function"
}
[2025-12-30T15:16:43.295Z] [INFO] Connecting to network printer: 192.168.123.101:9100
[2025-12-30T15:16:43.307Z] [WARN] Print attempt 2 failed for job 114, retrying...
{
  "error": "printer.size(...).invert is not a function"
}
[2025-12-30T15:16:46.320Z] [INFO] Connecting to network printer: 192.168.123.101:9100
[2025-12-30T15:16:46.603Z] [ERROR] ✗ Job 114 failed
{
  "error": "printer.size(...).invert is not a function"
}
[2025-12-30T15:57:59.490Z] [INFO] Found 1 pending job(s)
[2025-12-30T15:57:59.494Z] [INFO] Found 1 pending job(s)
[2025-12-30T15:57:59.495Z] [INFO] Processing job 115 (receipt) for Customer Receipt
[2025-12-30T15:58:00.331Z] [INFO] Connecting to network printer: 192.168.123.102:9100
[2025-12-30T15:58:00.691Z] [INFO] ✓ Job 115 printed successfully
[2025-12-30T15:59:40.205Z] [INFO] Found 1 pending job(s)
[2025-12-30T15:59:40.254Z] [INFO] Found 1 pending job(s)
[2025-12-30T15:59:40.267Z] [INFO] Processing job 116 (receipt) for Customer Receipt
[2025-12-30T15:59:41.268Z] [INFO] Connecting to network printer: 192.168.123.102:9100
[2025-12-30T15:59:41.565Z] [INFO] ✓ Job 116 printed successfully
[2025-12-30T16:02:06.858Z] [INFO] Found 1 pending job(s)
[2025-12-30T16:02:06.859Z] [INFO] Found 1 pending job(s)
[2025-12-30T16:02:06.861Z] [INFO] Processing job 117 (receipt) for Customer Receipt
[2025-12-30T16:02:07.702Z] [INFO] Connecting to network printer: 192.168.123.102:9100
[2025-12-30T16:02:08.009Z] [INFO] ✓ Job 117 printed successfully
[2025-12-30T16:31:30.079Z] [INFO] Found 1 pending job(s)
[2025-12-30T16:31:30.080Z] [INFO] Found 1 pending job(s)
[2025-12-30T16:31:30.082Z] [INFO] Processing job 118 (receipt) for Customer Receipt
[2025-12-30T16:31:30.912Z] [INFO] Connecting to network printer: 192.168.123.102:9100
[2025-12-30T16:31:31.284Z] [INFO] ✓ Job 118 printed successfully
[2025-12-30T16:37:42.424Z] [INFO] Print server starting...
[2025-12-30T16:37:42.429Z] [INFO] API: https://kamikuralk.online/api
[2025-12-30T16:37:42.430Z] [INFO] Poll interval: 2000ms
[2025-12-30T16:37:42.432Z] [INFO] Retry interval: 30000ms
[2025-12-30T16:37:42.433Z] [INFO] ✓ Print server running. Press Ctrl+C to stop.
[2025-12-31T06:58:00.536Z] [INFO] Print server starting...
[2025-12-31T06:58:00.540Z] [INFO] API: https://kamikuralk.online/api
[2025-12-31T06:58:00.541Z] [INFO] Poll interval: 2000ms
[2025-12-31T06:58:00.542Z] [INFO] Retry interval: 30000ms
[2025-12-31T06:58:00.543Z] [INFO] ✓ Print server running. Press Ctrl+C to stop.
[2025-12-31T06:58:01.658Z] [INFO] Found 3 pending job(s)
[2025-12-31T06:58:01.659Z] [INFO] Found 3 pending job(s)
[2025-12-31T06:58:01.660Z] [INFO] Processing job 119 (kot) for Kitchen Printer
[2025-12-31T06:58:03.219Z] [INFO] Connecting to network printer: 192.168.123.101:9100
[2025-12-31T06:58:03.503Z] [INFO] Found 2 pending job(s)
[2025-12-31T06:58:03.504Z] [INFO] Found 2 pending job(s)
[2025-12-31T06:58:03.505Z] [INFO] Processing job 120 (kot) for Kitchen Printer
[2025-12-31T06:58:03.593Z] [INFO] ✓ Job 119 printed successfully
[2025-12-31T06:58:03.594Z] [INFO] Processing job 120 (kot) for Kitchen Printer
[2025-12-31T06:58:03.880Z] [INFO] Connecting to network printer: 192.168.123.101:9100
[2025-12-31T06:58:03.887Z] [WARN] Print attempt 1 failed for job 120, retrying...
{
  "error": "printer.size(...).invert is not a function"
}
[2025-12-31T06:58:04.349Z] [WARN] Failed to update job 120 status
{
  "success": false,
  "error": "Job not found or already updated"
}
[2025-12-31T06:58:04.353Z] [INFO] Connecting to network printer: 192.168.123.101:9100
[2025-12-31T06:58:04.359Z] [WARN] Print attempt 1 failed for job 120, retrying...
{
  "error": "printer.size(...).invert is not a function"
}
[2025-12-31T06:58:05.514Z] [INFO] Found 1 pending job(s)
[2025-12-31T06:58:05.515Z] [INFO] Found 1 pending job(s)
[2025-12-31T06:58:05.517Z] [INFO] Processing job 121 (receipt) for Customer Receipt
[2025-12-31T06:58:05.789Z] [INFO] Connecting to network printer: 192.168.123.102:9100
[2025-12-31T06:58:06.087Z] [INFO] ✓ Job 121 printed successfully
[2025-12-31T06:58:06.896Z] [INFO] Connecting to network printer: 192.168.123.101:9100
[2025-12-31T06:58:06.903Z] [WARN] Print attempt 2 failed for job 120, retrying...
{
  "error": "printer.size(...).invert is not a function"
}
[2025-12-31T06:58:07.367Z] [INFO] Connecting to network printer: 192.168.123.101:9100
[2025-12-31T06:58:07.373Z] [WARN] Print attempt 2 failed for job 120, retrying...
{
  "error": "printer.size(...).invert is not a function"
}
[2025-12-31T06:58:09.912Z] [INFO] Connecting to network printer: 192.168.123.101:9100
[2025-12-31T06:58:10.204Z] [ERROR] ✗ Job 120 failed
{
  "error": "printer.size(...).invert is not a function"
}
[2025-12-31T06:58:10.207Z] [INFO] Processing job 121 (receipt) for Customer Receipt
[2025-12-31T06:58:10.380Z] [INFO] Connecting to network printer: 192.168.123.101:9100
[2025-12-31T06:58:10.669Z] [WARN] Failed to update job 120 status
{
  "success": false,
  "error": "Job not found or already updated"
}
[2025-12-31T06:58:10.673Z] [ERROR] ✗ Job 120 failed
{
  "error": "printer.size(...).invert is not a function"
}
[2025-12-31T06:58:10.674Z] [INFO] Processing job 121 (receipt) for Customer Receipt
[2025-12-31T06:58:11.016Z] [INFO] Connecting to network printer: 192.168.123.102:9100
[2025-12-31T06:58:11.306Z] [INFO] ✓ Job 121 printed successfully
[2025-12-31T06:58:11.511Z] [INFO] Connecting to network printer: 192.168.123.102:9100
[2025-12-31T06:58:11.803Z] [INFO] ✓ Job 121 printed successfully
[2025-12-31T07:26:48.277Z] [INFO] Found 1 pending job(s)
[2025-12-31T07:26:48.279Z] [INFO] Found 1 pending job(s)
[2025-12-31T07:26:48.280Z] [INFO] Processing job 122 (receipt) for Customer Receipt
[2025-12-31T07:26:49.098Z] [INFO] Connecting to network printer: 192.168.123.102:9100
[2025-12-31T07:26:49.454Z] [INFO] ✓ Job 122 printed successfully
[2025-12-31T09:13:49.576Z] [INFO] Found 1 pending job(s)
[2025-12-31T09:13:49.579Z] [INFO] Found 1 pending job(s)
[2025-12-31T09:13:49.582Z] [INFO] Processing job 123 (receipt) for Customer Receipt
[2025-12-31T09:13:50.430Z] [INFO] Connecting to network printer: 192.168.123.102:9100
[2025-12-31T09:13:50.777Z] [INFO] ✓ Job 123 printed successfully
[2025-12-31T10:13:01.692Z] [INFO] Found 1 pending job(s)
[2025-12-31T10:13:01.694Z] [INFO] Found 1 pending job(s)
[2025-12-31T10:13:01.697Z] [INFO] Processing job 124 (kot) for Kitchen Printer
[2025-12-31T10:13:02.509Z] [INFO] Connecting to network printer: 192.168.123.101:9100
[2025-12-31T10:13:02.884Z] [INFO] ✓ Job 124 printed successfully
[2025-12-31T10:33:03.865Z] [INFO] Found 1 pending job(s)
[2025-12-31T10:33:03.867Z] [INFO] Found 1 pending job(s)
[2025-12-31T10:33:03.870Z] [INFO] Processing job 125 (receipt) for Customer Receipt
[2025-12-31T10:33:04.676Z] [INFO] Connecting to network printer: 192.168.123.102:9100
[2025-12-31T10:33:05.057Z] [INFO] ✓ Job 125 printed successfully
[2025-12-31T10:33:11.870Z] [INFO] Found 1 pending job(s)
[2025-12-31T10:33:11.872Z] [INFO] Found 1 pending job(s)
[2025-12-31T10:33:11.875Z] [INFO] Processing job 126 (receipt) for Customer Receipt
[2025-12-31T10:33:12.697Z] [INFO] Connecting to network printer: 192.168.123.102:9100
[2025-12-31T10:33:12.972Z] [INFO] ✓ Job 126 printed successfully
[2025-12-31T10:42:02.391Z] [INFO] Found 1 pending job(s)
[2025-12-31T10:42:02.392Z] [INFO] Found 1 pending job(s)
[2025-12-31T10:42:02.395Z] [INFO] Processing job 127 (receipt) for Customer Receipt
[2025-12-31T10:42:03.228Z] [INFO] Connecting to network printer: 192.168.123.102:9100
[2025-12-31T10:42:03.519Z] [INFO] ✓ Job 127 printed successfully
[2025-12-31T10:44:18.961Z] [INFO] Found 1 pending job(s)
[2025-12-31T10:44:18.962Z] [INFO] Found 1 pending job(s)
[2025-12-31T10:44:18.964Z] [INFO] Processing job 128 (receipt) for Customer Receipt
[2025-12-31T10:44:19.794Z] [INFO] Connecting to network printer: 192.168.123.102:9100
[2025-12-31T10:44:20.072Z] [INFO] ✓ Job 128 printed successfully
[2025-12-31T11:22:49.421Z] [ERROR] Failed to fetch pending jobs
{
  "error": "fetch failed"
}
[2025-12-31T11:33:06.214Z] [INFO] Found 1 pending job(s)
[2025-12-31T11:33:06.215Z] [INFO] Found 1 pending job(s)
[2025-12-31T11:33:06.218Z] [INFO] Processing job 129 (receipt) for Customer Receipt
[2025-12-31T11:33:07.066Z] [INFO] Connecting to network printer: 192.168.123.102:9100
[2025-12-31T11:33:07.363Z] [INFO] ✓ Job 129 printed successfully
[2025-12-31T11:34:21.008Z] [INFO] Found 1 pending job(s)
[2025-12-31T11:34:21.009Z] [INFO] Found 1 pending job(s)
[2025-12-31T11:34:21.012Z] [INFO] Processing job 130 (receipt) for Customer Receipt
[2025-12-31T11:34:21.831Z] [INFO] Connecting to network printer: 192.168.123.102:9100
[2025-12-31T11:34:22.120Z] [INFO] ✓ Job 130 printed successfully
[2025-12-31T11:36:22.855Z] [INFO] Found 1 pending job(s)
[2025-12-31T11:36:22.856Z] [INFO] Found 1 pending job(s)
[2025-12-31T11:36:22.859Z] [INFO] Processing job 131 (receipt) for Customer Receipt
[2025-12-31T11:36:23.695Z] [INFO] Connecting to network printer: 192.168.123.102:9100
[2025-12-31T11:36:23.982Z] [INFO] ✓ Job 131 printed successfully
[2025-12-31T11:38:59.442Z] [ERROR] Failed to fetch pending jobs
{
  "error": "fetch failed"
}
[2026-01-01T04:23:40.154Z] [INFO] Print server starting...
[2026-01-01T04:23:40.168Z] [INFO] API: https://kamikuralk.online/api
[2026-01-01T04:23:40.169Z] [INFO] Poll interval: 2000ms
[2026-01-01T04:23:40.171Z] [INFO] Retry interval: 30000ms
[2026-01-01T04:23:40.172Z] [INFO] ✓ Print server running. Press Ctrl+C to stop.
[2026-01-01T07:00:34.295Z] [INFO] Found 1 pending job(s)
[2026-01-01T07:00:34.298Z] [INFO] Found 1 pending job(s)
[2026-01-01T07:00:34.300Z] [INFO] Processing job 132 (receipt) for Customer Receipt
[2026-01-01T07:00:36.255Z] [INFO] Connecting to network printer: 192.168.123.102:9100
[2026-01-01T07:00:36.630Z] [INFO] ✓ Job 132 printed successfully
[2026-01-01T07:04:47.439Z] [INFO] Found 1 pending job(s)
[2026-01-01T07:04:47.440Z] [INFO] Found 1 pending job(s)
[2026-01-01T07:04:47.441Z] [INFO] Processing job 133 (receipt) for Customer Receipt
[2026-01-01T07:04:48.251Z] [INFO] Connecting to network printer: 192.168.123.102:9100
[2026-01-01T07:04:48.528Z] [INFO] ✓ Job 133 printed successfully
[2026-01-01T07:06:25.887Z] [ERROR] Failed to fetch pending jobs
{
  "error": "fetch failed"
}
[2026-01-01T07:06:27.932Z] [ERROR] Failed to fetch pending jobs
{
  "error": "fetch failed"
}
[2026-01-01T07:06:32.022Z] [ERROR] Failed to fetch pending jobs
{
  "error": "fetch failed"
}
[2026-01-01T07:06:36.123Z] [ERROR] Failed to fetch pending jobs
{
  "error": "fetch failed"
}
[2026-01-01T07:06:38.151Z] [ERROR] Failed to fetch pending jobs
{
  "error": "fetch failed"
}
[2026-01-01T07:06:40.197Z] [ERROR] Failed to fetch pending jobs
{
  "error": "fetch failed"
}
[2026-01-01T07:06:42.228Z] [ERROR] Failed to fetch pending jobs
{
  "error": "fetch failed"
}
[2026-01-01T07:06:43.523Z] [ERROR] Failed to fetch pending jobs
{
  "error": "fetch failed"
}
[2026-01-01T07:24:58.478Z] [INFO] Found 1 pending job(s)
[2026-01-01T07:24:58.479Z] [INFO] Found 1 pending job(s)
[2026-01-01T07:24:58.480Z] [INFO] Processing job 134 (receipt) for Customer Receipt
[2026-01-01T07:24:59.281Z] [INFO] Connecting to network printer: 192.168.123.102:9100
[2026-01-01T07:24:59.577Z] [INFO] ✓ Job 134 printed successfully
[2026-01-01T07:25:04.514Z] [INFO] Found 1 pending job(s)
[2026-01-01T07:25:04.515Z] [INFO] Found 1 pending job(s)
[2026-01-01T07:25:04.516Z] [INFO] Processing job 135 (kot) for Kitchen Printer
[2026-01-01T07:25:05.316Z] [INFO] Connecting to network printer: 192.168.123.101:9100
[2026-01-01T07:25:05.665Z] [INFO] ✓ Job 135 printed successfully
[2026-01-01T07:43:52.734Z] [INFO] Found 1 pending job(s)
[2026-01-01T07:43:52.735Z] [INFO] Found 1 pending job(s)
[2026-01-01T07:43:52.736Z] [INFO] Processing job 136 (receipt) for Customer Receipt
[2026-01-01T07:43:53.573Z] [INFO] Connecting to network printer: 192.168.123.102:9100
[2026-01-01T07:43:53.847Z] [INFO] ✓ Job 136 printed successfully
[2026-01-01T07:50:56.269Z] [INFO] Found 1 pending job(s)
[2026-01-01T07:50:56.270Z] [INFO] Found 1 pending job(s)
[2026-01-01T07:50:56.271Z] [INFO] Processing job 137 (receipt) for Customer Receipt
[2026-01-01T07:50:57.075Z] [INFO] Connecting to network printer: 192.168.123.102:9100
[2026-01-01T07:50:57.373Z] [INFO] ✓ Job 137 printed successfully
[2026-01-01T07:52:32.702Z] [INFO] Found 1 pending job(s)
[2026-01-01T07:52:32.702Z] [INFO] Found 1 pending job(s)
[2026-01-01T07:52:32.703Z] [INFO] Processing job 138 (kot) for Kitchen Printer
[2026-01-01T07:52:33.523Z] [INFO] Connecting to network printer: 192.168.123.101:9100
[2026-01-01T07:52:33.842Z] [INFO] ✓ Job 138 printed successfully
[2026-01-01T07:52:52.778Z] [INFO] Found 1 pending job(s)
[2026-01-01T07:52:52.778Z] [INFO] Found 1 pending job(s)
[2026-01-01T07:52:52.779Z] [INFO] Processing job 139 (receipt) for Customer Receipt
[2026-01-01T07:52:53.588Z] [INFO] Connecting to network printer: 192.168.123.102:9100
[2026-01-01T07:52:53.864Z] [INFO] ✓ Job 139 printed successfully
[2026-01-01T07:56:07.644Z] [INFO] Found 1 pending job(s)
[2026-01-01T07:56:07.645Z] [INFO] Found 1 pending job(s)
[2026-01-01T07:56:07.646Z] [INFO] Processing job 140 (kot) for Kitchen Printer
[2026-01-01T07:56:08.457Z] [INFO] Connecting to network printer: 192.168.123.101:9100
[2026-01-01T07:56:08.464Z] [WARN] Print attempt 1 failed for job 140, retrying...
{
  "error": "printer.size(...).invert is not a function"
}
[2026-01-01T07:56:11.467Z] [INFO] Connecting to network printer: 192.168.123.101:9100
[2026-01-01T07:56:11.498Z] [WARN] Print attempt 2 failed for job 140, retrying...
{
  "error": "printer.size(...).invert is not a function"
}
[2026-01-01T07:56:14.508Z] [INFO] Connecting to network printer: 192.168.123.101:9100
[2026-01-01T07:56:14.785Z] [ERROR] ✗ Job 140 failed
{
  "error": "printer.size(...).invert is not a function"
}
[2026-01-01T08:33:26.233Z] [INFO] Found 1 pending job(s)
[2026-01-01T08:33:26.234Z] [INFO] Found 1 pending job(s)
[2026-01-01T08:33:26.235Z] [INFO] Processing job 140 (kot) for Kitchen Printer
[2026-01-01T08:33:27.046Z] [INFO] Connecting to network printer: 192.168.123.101:9100
[2026-01-01T08:33:27.138Z] [WARN] Print attempt 1 failed for job 140, retrying...
{
  "error": "printer.size(...).invert is not a function"
}
[2026-01-01T08:33:30.142Z] [INFO] Connecting to network printer: 192.168.123.101:9100
[2026-01-01T08:33:30.148Z] [WARN] Print attempt 2 failed for job 140, retrying...
{
  "error": "printer.size(...).invert is not a function"
}
[2026-01-01T08:33:33.157Z] [INFO] Connecting to network printer: 192.168.123.101:9100
[2026-01-01T08:33:33.439Z] [ERROR] ✗ Job 140 failed
{
  "error": "printer.size(...).invert is not a function"
}
[2026-01-01T08:33:56.820Z] [INFO] Print server shutting down...
[2026-01-01T08:34:18.990Z] [INFO] Print server starting...
[2026-01-01T08:34:18.995Z] [INFO] API: https://kamikuralk.online/api
[2026-01-01T08:34:18.996Z] [INFO] Poll interval: 2000ms
[2026-01-01T08:34:18.996Z] [INFO] Retry interval: 30000ms
[2026-01-01T08:34:18.997Z] [INFO] ✓ Print server running. Press Ctrl+C to stop.
[2026-01-01T08:34:41.399Z] [INFO] Found 1 pending job(s)
[2026-01-01T08:34:41.400Z] [INFO] Found 1 pending job(s)
[2026-01-01T08:34:41.401Z] [INFO] Processing job 140 (kot) for Kitchen Printer
[2026-01-01T08:34:42.653Z] [INFO] Connecting to network printer: 192.168.123.101:9100
[2026-01-01T08:34:42.669Z] [WARN] Print attempt 1 failed for job 140, retrying...
{
  "error": "printer.size(...).invert is not a function"
}
[2026-01-01T08:34:45.670Z] [INFO] Connecting to network printer: 192.168.123.101:9100
[2026-01-01T08:34:45.676Z] [WARN] Print attempt 2 failed for job 140, retrying...
{
  "error": "printer.size(...).invert is not a function"
}
[2026-01-01T08:34:48.683Z] [INFO] Connecting to network printer: 192.168.123.101:9100
[2026-01-01T08:34:48.973Z] [ERROR] ✗ Job 140 failed
{
  "error": "printer.size(...).invert is not a function"
}
[2026-01-01T08:45:20.137Z] [INFO] Found 1 pending job(s)
[2026-01-01T08:45:20.138Z] [INFO] Found 1 pending job(s)
[2026-01-01T08:45:20.141Z] [INFO] Processing job 141 (receipt) for Customer Receipt
[2026-01-01T08:45:20.942Z] [INFO] Connecting to network printer: 192.168.123.102:9100
[2026-01-01T08:45:21.282Z] [INFO] ✓ Job 141 printed successfully
[2026-01-01T08:51:11.371Z] [INFO] Print server starting...
[2026-01-01T08:51:11.373Z] [INFO] API: https://kamikuralk.online/api
[2026-01-01T08:51:11.374Z] [INFO] Poll interval: 2000ms
[2026-01-01T08:51:11.375Z] [INFO] Retry interval: 30000ms
[2026-01-01T08:51:11.376Z] [INFO] ✓ Print server running. Press Ctrl+C to stop.
[2026-01-01T08:51:12.378Z] [INFO] Found 2 pending job(s)
[2026-01-01T08:51:12.379Z] [INFO] Found 2 pending job(s)
[2026-01-01T08:51:12.380Z] [INFO] Processing job 106 (kot) for Kitchen Printer
[2026-01-01T08:51:13.648Z] [INFO] Connecting to network printer: 192.168.123.101:9100
[2026-01-01T08:51:13.928Z] [INFO] Found 1 pending job(s)
[2026-01-01T08:51:13.929Z] [INFO] Found 1 pending job(s)
[2026-01-01T08:51:13.929Z] [INFO] Processing job 139 (receipt) for Customer Receipt
[2026-01-01T08:51:14.013Z] [INFO] ✓ Job 106 printed successfully
[2026-01-01T08:51:14.013Z] [INFO] Processing job 139 (receipt) for Customer Receipt
[2026-01-01T08:51:14.293Z] [INFO] Connecting to network printer: 192.168.123.102:9100
[2026-01-01T08:51:14.579Z] [INFO] ✓ Job 139 printed successfully
[2026-01-01T08:51:14.776Z] [INFO] Connecting to network printer: 192.168.123.102:9100
[2026-01-01T08:51:15.063Z] [INFO] ✓ Job 139 printed successfully
[2026-01-01T08:52:16.163Z] [INFO] Found 1 pending job(s)
[2026-01-01T08:52:16.164Z] [INFO] Found 1 pending job(s)
[2026-01-01T08:52:16.164Z] [INFO] Processing job 140 (kot) for Kitchen Printer
[2026-01-01T08:52:16.976Z] [INFO] Connecting to network printer: 192.168.123.101:9100
[2026-01-01T08:52:16.982Z] [WARN] Print attempt 1 failed for job 140, retrying...
{
  "error": "printer.size(...).invert is not a function"
}
[2026-01-01T08:52:19.994Z] [INFO] Connecting to network printer: 192.168.123.101:9100
[2026-01-01T08:52:20.001Z] [WARN] Print attempt 2 failed for job 140, retrying...
{
  "error": "printer.size(...).invert is not a function"
}
[2026-01-01T08:52:23.010Z] [INFO] Connecting to network printer: 192.168.123.101:9100
[2026-01-01T08:52:23.365Z] [ERROR] ✗ Job 140 failed
{
  "error": "printer.size(...).invert is not a function"
}
[2026-01-01T08:52:34.295Z] [INFO] Found 1 pending job(s)
[2026-01-01T08:52:34.296Z] [INFO] Found 1 pending job(s)
[2026-01-01T08:52:34.299Z] [INFO] Processing job 119 (kot) for Kitchen Printer
[2026-01-01T08:52:35.130Z] [INFO] Connecting to network printer: 192.168.123.101:9100
[2026-01-01T08:52:35.420Z] [INFO] ✓ Job 119 printed successfully
[2026-01-01T08:52:56.407Z] [INFO] Found 1 pending job(s)
[2026-01-01T08:52:56.408Z] [INFO] Found 1 pending job(s)
[2026-01-01T08:52:56.409Z] [INFO] Processing job 140 (kot) for Kitchen Printer
[2026-01-01T08:52:57.226Z] [INFO] Connecting to network printer: 192.168.123.101:9100
[2026-01-01T08:52:57.233Z] [WARN] Print attempt 1 failed for job 140, retrying...
{
  "error": "printer.size(...).invert is not a function"
}
[2026-01-01T08:53:00.240Z] [INFO] Connecting to network printer: 192.168.123.101:9100
[2026-01-01T08:53:00.248Z] [WARN] Print attempt 2 failed for job 140, retrying...
{
  "error": "printer.size(...).invert is not a function"
}
[2026-01-01T08:53:03.263Z] [INFO] Connecting to network printer: 192.168.123.101:9100
[2026-01-01T08:53:03.565Z] [ERROR] ✗ Job 140 failed
{
  "error": "printer.size(...).invert is not a function"
}
[2026-01-01T08:55:42.988Z] [INFO] Found 1 pending job(s)
[2026-01-01T08:55:42.989Z] [INFO] Found 1 pending job(s)
[2026-01-01T08:55:42.990Z] [INFO] Processing job 142 (receipt) for Customer Receipt
[2026-01-01T08:55:43.826Z] [INFO] Connecting to network printer: 192.168.123.102:9100
[2026-01-01T08:55:44.111Z] [INFO] ✓ Job 142 printed successfully
[2026-01-01T08:58:37.780Z] [INFO] Found 1 pending job(s)
[2026-01-01T08:58:37.781Z] [INFO] Found 1 pending job(s)
[2026-01-01T08:58:37.782Z] [INFO] Processing job 143 (receipt) for Customer Receipt
[2026-01-01T08:58:38.599Z] [INFO] Connecting to network printer: 192.168.123.102:9100
[2026-01-01T08:58:38.892Z] [INFO] ✓ Job 143 printed successfully
[2026-01-01T09:00:14.263Z] [INFO] Found 1 pending job(s)
[2026-01-01T09:00:14.264Z] [INFO] Found 1 pending job(s)
[2026-01-01T09:00:14.265Z] [INFO] Processing job 143 (receipt) for Customer Receipt
[2026-01-01T09:00:15.101Z] [INFO] Connecting to network printer: 192.168.123.102:9100
[2026-01-01T09:00:15.386Z] [INFO] ✓ Job 143 printed successfully
[2026-01-01T09:02:14.753Z] [INFO] Found 1 pending job(s)
[2026-01-01T09:02:14.754Z] [INFO] Found 1 pending job(s)
[2026-01-01T09:02:14.755Z] [INFO] Processing job 144 (receipt) for Customer Receipt
[2026-01-01T09:02:15.616Z] [INFO] Connecting to network printer: 192.168.123.102:9100
[2026-01-01T09:02:15.903Z] [INFO] ✓ Job 144 printed successfully
[2026-01-01T09:11:08.974Z] [INFO] Found 1 pending job(s)
[2026-01-01T09:11:08.975Z] [INFO] Found 1 pending job(s)
[2026-01-01T09:11:08.976Z] [INFO] Processing job 120 (kot) for Kitchen Printer
[2026-01-01T09:11:09.795Z] [INFO] Connecting to network printer: 192.168.123.101:9100
[2026-01-01T09:11:09.802Z] [WARN] Print attempt 1 failed for job 120, retrying...
{
  "error": "printer.size(...).invert is not a function"
}
[2026-01-01T09:11:12.809Z] [INFO] Connecting to network printer: 192.168.123.101:9100
[2026-01-01T09:11:12.815Z] [WARN] Print attempt 2 failed for job 120, retrying...
{
  "error": "printer.size(...).invert is not a function"
}
[2026-01-01T09:11:15.826Z] [INFO] Connecting to network printer: 192.168.123.101:9100
[2026-01-01T09:11:16.129Z] [ERROR] ✗ Job 120 failed
{
  "error": "printer.size(...).invert is not a function"
}
[2026-01-01T09:11:33.052Z] [INFO] Found 1 pending job(s)
[2026-01-01T09:11:33.052Z] [INFO] Found 1 pending job(s)
[2026-01-01T09:11:33.053Z] [INFO] Processing job 120 (kot) for Kitchen Printer
[2026-01-01T09:11:33.867Z] [INFO] Connecting to network printer: 192.168.123.101:9100
[2026-01-01T09:11:33.873Z] [WARN] Print attempt 1 failed for job 120, retrying...
{
  "error": "printer.size(...).invert is not a function"
}
[2026-01-01T09:11:36.887Z] [INFO] Connecting to network printer: 192.168.123.101:9100
[2026-01-01T09:11:36.894Z] [WARN] Print attempt 2 failed for job 120, retrying...
{
  "error": "printer.size(...).invert is not a function"
}
[2026-01-01T09:11:39.910Z] [INFO] Connecting to network printer: 192.168.123.101:9100
[2026-01-01T09:11:40.196Z] [ERROR] ✗ Job 120 failed
{
  "error": "printer.size(...).invert is not a function"
}
[2026-01-01T09:12:07.213Z] [INFO] Found 1 pending job(s)
[2026-01-01T09:12:07.214Z] [INFO] Found 1 pending job(s)
[2026-01-01T09:12:07.214Z] [INFO] Processing job 120 (kot) for Kitchen Printer
[2026-01-01T09:12:08.026Z] [INFO] Connecting to network printer: 192.168.123.101:9100
[2026-01-01T09:12:08.314Z] [INFO] ✓ Job 120 printed successfully
[2026-01-01T09:16:31.818Z] [INFO] Print server shutting down...
[2026-01-01T09:16:40.628Z] [INFO] Print server starting...
[2026-01-01T09:16:40.632Z] [INFO] API: https://kamikuralk.online/api
[2026-01-01T09:16:40.633Z] [INFO] Poll interval: 2000ms
[2026-01-01T09:16:40.634Z] [INFO] Retry interval: 30000ms
[2026-01-01T09:16:40.636Z] [INFO] ✓ Print server running. Press Ctrl+C to stop.
[2026-01-01T09:16:52.942Z] [INFO] Found 1 pending job(s)
[2026-01-01T09:16:52.943Z] [INFO] Found 1 pending job(s)
[2026-01-01T09:16:52.944Z] [INFO] Processing job 144 (receipt) for Customer Receipt
[2026-01-01T09:16:54.239Z] [INFO] Connecting to network printer: 192.168.123.102:9100
[2026-01-01T09:16:54.639Z] [INFO] ✓ Job 144 printed successfully
[2026-01-01T09:17:19.043Z] [INFO] Found 1 pending job(s)
[2026-01-01T09:17:19.044Z] [INFO] Found 1 pending job(s)
[2026-01-01T09:17:19.045Z] [INFO] Processing job 114 (kot) for Kitchen Printer
[2026-01-01T09:17:19.881Z] [INFO] Connecting to network printer: 192.168.123.101:9100
[2026-01-01T09:17:20.191Z] [INFO] ✓ Job 114 printed successfully
[2026-01-01T09:20:35.899Z] [INFO] Found 1 pending job(s)
[2026-01-01T09:20:35.900Z] [INFO] Found 1 pending job(s)
[2026-01-01T09:20:35.901Z] [INFO] Processing job 140 (kot) for Kitchen Printer
[2026-01-01T09:20:36.723Z] [INFO] Connecting to network printer: 192.168.123.101:9100
[2026-01-01T09:20:37.008Z] [INFO] ✓ Job 140 printed successfully
[2026-01-01T09:26:55.520Z] [INFO] Found 1 pending job(s)
[2026-01-01T09:26:55.520Z] [INFO] Found 1 pending job(s)
[2026-01-01T09:26:55.522Z] [INFO] Processing job 145 (kot) for Kitchen Printer
[2026-01-01T09:26:56.334Z] [INFO] Connecting to network printer: 192.168.123.101:9100
[2026-01-01T09:26:56.614Z] [INFO] ✓ Job 145 printed successfully
[2026-01-01T09:28:15.926Z] [INFO] Found 1 pending job(s)
[2026-01-01T09:28:15.927Z] [INFO] Found 1 pending job(s)
[2026-01-01T09:28:15.930Z] [INFO] Processing job 146 (kot) for Kitchen Printer
[2026-01-01T09:28:16.958Z] [INFO] Connecting to network printer: 192.168.123.101:9100
[2026-01-01T09:28:17.232Z] [INFO] ✓ Job 146 printed successfully
[2026-01-01T09:37:51.205Z] [INFO] Print server shutting down...
[2026-01-01T09:38:00.027Z] [INFO] Print server starting...
[2026-01-01T09:38:00.030Z] [INFO] API: https://kamikuralk.online/api
[2026-01-01T09:38:00.031Z] [INFO] Poll interval: 2000ms
[2026-01-01T09:38:00.031Z] [INFO] Retry interval: 30000ms
[2026-01-01T09:38:00.032Z] [INFO] ✓ Print server running. Press Ctrl+C to stop.
[2026-01-01T09:38:22.407Z] [INFO] Found 1 pending job(s)
[2026-01-01T09:38:22.408Z] [INFO] Found 1 pending job(s)
[2026-01-01T09:38:22.409Z] [INFO] Processing job 145 (kot) for Kitchen Printer
[2026-01-01T09:38:23.651Z] [INFO] Connecting to network printer: 192.168.123.101:9100
[2026-01-01T09:38:24.106Z] [INFO] ✓ Job 145 printed successfully
[2026-01-01T09:40:12.902Z] [INFO] Found 1 pending job(s)
[2026-01-01T09:40:12.903Z] [INFO] Found 1 pending job(s)
[2026-01-01T09:40:12.904Z] [INFO] Processing job 147 (kot) for Kitchen Printer
[2026-01-01T09:40:13.704Z] [INFO] Connecting to network printer: 192.168.123.101:9100
[2026-01-01T09:40:13.980Z] [INFO] ✓ Job 147 printed successfully
[2026-01-01T09:41:33.268Z] [INFO] Found 1 pending job(s)
[2026-01-01T09:41:33.269Z] [INFO] Found 1 pending job(s)
[2026-01-01T09:41:33.269Z] [INFO] Processing job 148 (kot) for Kitchen Printer
[2026-01-01T09:41:34.096Z] [INFO] Connecting to network printer: 192.168.123.101:9100
[2026-01-01T09:41:34.436Z] [INFO] ✓ Job 148 printed successfully
[2026-01-01T09:42:25.508Z] [INFO] Found 1 pending job(s)
[2026-01-01T09:42:25.509Z] [INFO] Found 1 pending job(s)
[2026-01-01T09:42:25.511Z] [INFO] Processing job 149 (receipt) for Customer Receipt
[2026-01-01T09:42:26.337Z] [INFO] Connecting to network printer: 192.168.123.102:9100
[2026-01-01T09:42:26.921Z] [INFO] ✓ Job 149 printed successfully
[2026-01-01T09:45:48.437Z] [INFO] Found 1 pending job(s)
[2026-01-01T09:45:48.438Z] [INFO] Found 1 pending job(s)
[2026-01-01T09:45:48.439Z] [INFO] Processing job 150 (receipt) for Customer Receipt
[2026-01-01T09:45:49.240Z] [INFO] Connecting to network printer: 192.168.123.102:9100
[2026-01-01T09:45:49.517Z] [INFO] ✓ Job 150 printed successfully
[2026-01-01T09:58:11.490Z] [INFO] Found 2 pending job(s)
[2026-01-01T09:58:11.491Z] [INFO] Found 2 pending job(s)
[2026-01-01T09:58:11.493Z] [INFO] Processing job 151 (receipt) for Customer Receipt
[2026-01-01T09:58:12.315Z] [INFO] Connecting to network printer: 192.168.123.102:9100
[2026-01-01T09:58:12.593Z] [INFO] ✓ Job 151 printed successfully
[2026-01-01T09:58:12.594Z] [INFO] Processing job 152 (receipt) for Customer Receipt
[2026-01-01T09:58:12.870Z] [INFO] Connecting to network printer: 192.168.123.102:9100
[2026-01-01T09:58:13.147Z] [INFO] ✓ Job 152 printed successfully
[2026-01-01T09:59:13.740Z] [INFO] Found 1 pending job(s)
[2026-01-01T09:59:13.741Z] [INFO] Found 1 pending job(s)
[2026-01-01T09:59:13.743Z] [INFO] Processing job 153 (receipt) for Customer Receipt
[2026-01-01T09:59:14.550Z] [INFO] Connecting to network printer: 192.168.123.102:9100
[2026-01-01T09:59:14.827Z] [INFO] ✓ Job 153 printed successfully
[2026-01-01T10:03:38.835Z] [INFO] Found 1 pending job(s)
[2026-01-01T10:03:38.836Z] [INFO] Found 1 pending job(s)
[2026-01-01T10:03:38.836Z] [INFO] Processing job 148 (kot) for Kitchen Printer
[2026-01-01T10:03:39.665Z] [INFO] Connecting to network printer: 192.168.123.101:9100
[2026-01-01T10:03:40.019Z] [INFO] ✓ Job 148 printed successfully
[2026-01-01T10:12:10.507Z] [INFO] Print server shutting down...
[2026-01-01T10:12:18.494Z] [INFO] Print server starting...
[2026-01-01T10:12:18.496Z] [INFO] API: https://kamikuralk.online/api
[2026-01-01T10:12:18.496Z] [INFO] Poll interval: 2000ms
[2026-01-01T10:12:18.497Z] [INFO] Retry interval: 30000ms
[2026-01-01T10:12:18.497Z] [INFO] ✓ Print server running. Press Ctrl+C to stop.
[2026-01-01T10:12:40.849Z] [INFO] Found 1 pending job(s)
[2026-01-01T10:12:40.850Z] [INFO] Found 1 pending job(s)
[2026-01-01T10:12:40.850Z] [INFO] Processing job 148 (kot) for Kitchen Printer
[2026-01-01T10:12:42.083Z] [INFO] Connecting to network printer: 192.168.123.101:9100
[2026-01-01T10:12:42.469Z] [INFO] ✓ Job 148 printed successfully
[2026-01-01T10:17:12.024Z] [INFO] Found 1 pending job(s)
[2026-01-01T10:17:12.024Z] [INFO] Found 1 pending job(s)
[2026-01-01T10:17:12.025Z] [INFO] Processing job 148 (kot) for Kitchen Printer
[2026-01-01T10:17:12.858Z] [INFO] Connecting to network printer: 192.168.123.101:9100
[2026-01-01T10:17:13.136Z] [INFO] ✓ Job 148 printed successfully
[2026-01-01T10:17:41.507Z] [INFO] Print server shutting down...
[2026-01-01T10:17:50.684Z] [INFO] Print server starting...
[2026-01-01T10:17:50.688Z] [INFO] API: https://kamikuralk.online/api
[2026-01-01T10:17:50.689Z] [INFO] Poll interval: 2000ms
[2026-01-01T10:17:50.689Z] [INFO] Retry interval: 30000ms
[2026-01-01T10:17:50.690Z] [INFO] ✓ Print server running. Press Ctrl+C to stop.
[2026-01-01T10:18:00.998Z] [INFO] Found 1 pending job(s)
[2026-01-01T10:18:00.999Z] [INFO] Found 1 pending job(s)
[2026-01-01T10:18:01.000Z] [INFO] Processing job 147 (kot) for Kitchen Printer
[2026-01-01T10:18:02.313Z] [INFO] Connecting to network printer: 192.168.123.101:9100
[2026-01-01T10:18:02.677Z] [INFO] ✓ Job 147 printed successfully
[2026-01-01T10:26:07.236Z] [INFO] Print server shutting down...
[2026-01-01T10:26:15.053Z] [INFO] Print server starting...
[2026-01-01T10:26:15.054Z] [INFO] API: https://kamikuralk.online/api
[2026-01-01T10:26:15.055Z] [INFO] Poll interval: 2000ms
[2026-01-01T10:26:15.055Z] [INFO] Retry interval: 30000ms
[2026-01-01T10:26:15.056Z] [INFO] ✓ Print server running. Press Ctrl+C to stop.
[2026-01-01T10:26:33.429Z] [INFO] Found 1 pending job(s)
[2026-01-01T10:26:33.430Z] [INFO] Found 1 pending job(s)
[2026-01-01T10:26:33.431Z] [INFO] Processing job 147 (kot) for Kitchen Printer
[2026-01-01T10:26:34.665Z] [INFO] Connecting to network printer: 192.168.123.101:9100
[2026-01-01T10:26:35.099Z] [INFO] ✓ Job 147 printed successfully
[2026-01-01T11:02:10.345Z] [ERROR] Failed to fetch pending jobs
{
  "error": "fetch failed"
}
[2026-01-01T11:02:11.348Z] [ERROR] Failed to fetch pending jobs
{
  "error": "fetch failed"
}
[2026-01-01T11:02:12.391Z] [ERROR] Failed to fetch pending jobs
{
  "error": "fetch failed"
}
[2026-01-01T11:02:14.428Z] [ERROR] Failed to fetch pending jobs
{
  "error": "fetch failed"
}
[2026-01-01T11:02:16.469Z] [ERROR] Failed to fetch pending jobs
{
  "error": "fetch failed"
}
[2026-01-01T11:02:18.503Z] [ERROR] Failed to fetch pending jobs
{
  "error": "fetch failed"
}
[2026-01-01T11:02:20.544Z] [ERROR] Failed to fetch pending jobs
{
  "error": "fetch failed"
}
[2026-01-01T11:02:22.585Z] [ERROR] Failed to fetch pending jobs
{
  "error": "fetch failed"
}
[2026-01-01T11:02:24.612Z] [ERROR] Failed to fetch pending jobs
{
  "error": "fetch failed"
}
[2026-01-01T11:02:26.622Z] [ERROR] Failed to fetch pending jobs
{
  "error": "fetch failed"
}
[2026-01-01T11:02:28.625Z] [ERROR] Failed to fetch pending jobs
{
  "error": "fetch failed"
}
[2026-01-01T11:02:30.663Z] [ERROR] Failed to fetch pending jobs
{
  "error": "fetch failed"
}
[2026-01-01T11:02:32.701Z] [ERROR] Failed to fetch pending jobs
{
  "error": "fetch failed"
}
[2026-01-01T11:02:34.751Z] [ERROR] Failed to fetch pending jobs
{
  "error": "fetch failed"
}
[2026-01-01T11:02:36.799Z] [ERROR] Failed to fetch pending jobs
{
  "error": "fetch failed"
}
[2026-01-01T11:02:38.838Z] [ERROR] Failed to fetch pending jobs
{
  "error": "fetch failed"
}
[2026-01-01T11:02:40.875Z] [ERROR] Failed to fetch pending jobs
{
  "error": "fetch failed"
}
[2026-01-01T11:02:42.409Z] [ERROR] Failed to fetch pending jobs
{
  "error": "fetch failed"
}
[2026-01-01T11:02:44.445Z] [ERROR] Failed to fetch pending jobs
{
  "error": "fetch failed"
}
[2026-01-01T11:02:46.458Z] [ERROR] Failed to fetch pending jobs
{
  "error": "fetch failed"
}
[2026-01-01T11:02:48.498Z] [ERROR] Failed to fetch pending jobs
{
  "error": "fetch failed"
}
[2026-01-01T11:02:50.549Z] [ERROR] Failed to fetch pending jobs
{
  "error": "fetch failed"
}
[2026-01-01T11:02:52.571Z] [ERROR] Failed to fetch pending jobs
{
  "error": "fetch failed"
}
[2026-01-01T11:02:54.610Z] [ERROR] Failed to fetch pending jobs
{
  "error": "fetch failed"
}
[2026-01-01T11:02:56.651Z] [ERROR] Failed to fetch pending jobs
{
  "error": "fetch failed"
}
[2026-01-01T11:02:58.658Z] [ERROR] Failed to fetch pending jobs
{
  "error": "fetch failed"
}
[2026-01-01T11:03:00.679Z] [ERROR] Failed to fetch pending jobs
{
  "error": "fetch failed"
}
[2026-01-01T11:03:02.711Z] [ERROR] Failed to fetch pending jobs
{
  "error": "fetch failed"
}
[2026-01-01T11:03:04.759Z] [ERROR] Failed to fetch pending jobs
{
  "error": "fetch failed"
}
[2026-01-01T11:03:06.800Z] [ERROR] Failed to fetch pending jobs
{
  "error": "fetch failed"
}
[2026-01-01T11:03:08.828Z] [ERROR] Failed to fetch pending jobs
{
  "error": "fetch failed"
}
[2026-01-01T11:03:10.841Z] [ERROR] Failed to fetch pending jobs
{
  "error": "fetch failed"
}
[2026-01-01T11:03:12.863Z] [ERROR] Failed to fetch pending jobs
{
  "error": "fetch failed"
}
[2026-01-01T11:03:14.898Z] [ERROR] Failed to fetch pending jobs
{
  "error": "fetch failed"
}
[2026-01-01T11:03:16.924Z] [ERROR] Failed to fetch pending jobs
{
  "error": "fetch failed"
}
[2026-01-01T11:03:18.979Z] [ERROR] Failed to fetch pending jobs
{
  "error": "fetch failed"
}
[2026-01-01T11:03:20.505Z] [ERROR] Failed to fetch pending jobs
{
  "error": "fetch failed"
}
[2026-01-01T11:03:22.549Z] [ERROR] Failed to fetch pending jobs
{
  "error": "fetch failed"
}
[2026-01-01T11:03:24.592Z] [ERROR] Failed to fetch pending jobs
{
  "error": "fetch failed"
}
[2026-01-01T11:03:26.633Z] [ERROR] Failed to fetch pending jobs
{
  "error": "fetch failed"
}
[2026-01-01T11:03:28.676Z] [ERROR] Failed to fetch pending jobs
{
  "error": "fetch failed"
}
[2026-01-01T11:03:30.701Z] [ERROR] Failed to fetch pending jobs
{
  "error": "fetch failed"
}
[2026-01-01T11:03:32.729Z] [ERROR] Failed to fetch pending jobs
{
  "error": "fetch failed"
}
[2026-01-01T11:03:34.745Z] [ERROR] Failed to fetch pending jobs
{
  "error": "fetch failed"
}
[2026-01-01T11:03:36.774Z] [ERROR] Failed to fetch pending jobs
{
  "error": "fetch failed"
}
[2026-01-01T11:03:38.784Z] [ERROR] Failed to fetch pending jobs
{
  "error": "fetch failed"
}
[2026-01-01T11:03:40.810Z] [ERROR] Failed to fetch pending jobs
{
  "error": "fetch failed"
}
[2026-01-01T11:03:42.848Z] [ERROR] Failed to fetch pending jobs
{
  "error": "fetch failed"
}
[2026-01-01T11:03:44.895Z] [ERROR] Failed to fetch pending jobs
{
  "error": "fetch failed"
}
[2026-01-01T11:03:46.936Z] [ERROR] Failed to fetch pending jobs
{
  "error": "fetch failed"
}
[2026-01-01T11:03:48.979Z] [ERROR] Failed to fetch pending jobs
{
  "error": "fetch failed"
}
[2026-01-01T11:03:51.020Z] [ERROR] Failed to fetch pending jobs
{
  "error": "fetch failed"
}
[2026-01-01T11:03:53.053Z] [ERROR] Failed to fetch pending jobs
{
  "error": "fetch failed"
}
[2026-01-01T11:03:55.081Z] [ERROR] Failed to fetch pending jobs
{
  "error": "fetch failed"
}
[2026-01-01T11:03:57.120Z] [ERROR] Failed to fetch pending jobs
{
  "error": "fetch failed"
}
[2026-01-01T11:03:59.147Z] [ERROR] Failed to fetch pending jobs
{
  "error": "fetch failed"
}
[2026-01-01T11:04:01.165Z] [ERROR] Failed to fetch pending jobs
{
  "error": "fetch failed"
}
[2026-01-01T11:04:02.693Z] [ERROR] Failed to fetch pending jobs
{
  "error": "fetch failed"
}
[2026-01-01T11:04:04.721Z] [ERROR] Failed to fetch pending jobs
{
  "error": "fetch failed"
}
[2026-01-01T11:04:06.745Z] [ERROR] Failed to fetch pending jobs
{
  "error": "fetch failed"
}
[2026-01-01T11:04:08.793Z] [ERROR] Failed to fetch pending jobs
{
  "error": "fetch failed"
}
[2026-01-01T11:04:10.838Z] [ERROR] Failed to fetch pending jobs
{
  "error": "fetch failed"
}
[2026-01-01T11:04:12.877Z] [ERROR] Failed to fetch pending jobs
{
  "error": "fetch failed"
}
[2026-01-01T11:04:14.923Z] [ERROR] Failed to fetch pending jobs
{
  "error": "fetch failed"
}
[2026-01-01T11:04:16.952Z] [ERROR] Failed to fetch pending jobs
{
  "error": "fetch failed"
}
[2026-01-01T11:04:18.964Z] [ERROR] Failed to fetch pending jobs
{
  "error": "fetch failed"
}
[2026-01-01T11:04:20.990Z] [ERROR] Failed to fetch pending jobs
{
  "error": "fetch failed"
}
[2026-01-01T11:04:23.045Z] [ERROR] Failed to fetch pending jobs
{
  "error": "fetch failed"
}
[2026-01-01T11:04:25.082Z] [ERROR] Failed to fetch pending jobs
{
  "error": "fetch failed"
}
[2026-01-01T11:04:27.110Z] [ERROR] Failed to fetch pending jobs
{
  "error": "fetch failed"
}
[2026-01-01T11:04:29.162Z] [ERROR] Failed to fetch pending jobs
{
  "error": "fetch failed"
}
[2026-01-01T11:04:31.213Z] [ERROR] Failed to fetch pending jobs
{
  "error": "fetch failed"
}
[2026-01-01T11:04:33.260Z] [ERROR] Failed to fetch pending jobs
{
  "error": "fetch failed"
}
[2026-01-01T11:04:35.307Z] [ERROR] Failed to fetch pending jobs
{
  "error": "fetch failed"
}
[2026-01-01T11:04:37.345Z] [ERROR] Failed to fetch pending jobs
{
  "error": "fetch failed"
}
[2026-01-01T11:04:39.361Z] [ERROR] Failed to fetch pending jobs
{
  "error": "fetch failed"
}
[2026-01-01T11:04:41.376Z] [ERROR] Failed to fetch pending jobs
{
  "error": "fetch failed"
}
[2026-01-01T11:04:42.902Z] [ERROR] Failed to fetch pending jobs
{
  "error": "fetch failed"
}
[2026-01-01T11:04:44.925Z] [ERROR] Failed to fetch pending jobs
{
  "error": "fetch failed"
}
[2026-01-01T11:04:46.949Z] [ERROR] Failed to fetch pending jobs
{
  "error": "fetch failed"
}
[2026-01-01T11:04:48.975Z] [ERROR] Failed to fetch pending jobs
{
  "error": "fetch failed"
}
[2026-01-01T11:04:51.016Z] [ERROR] Failed to fetch pending jobs
{
  "error": "fetch failed"
}
[2026-01-01T11:04:53.066Z] [ERROR] Failed to fetch pending jobs
{
  "error": "fetch failed"
}
[2026-01-01T11:04:55.112Z] [ERROR] Failed to fetch pending jobs
{
  "error": "fetch failed"
}
[2026-01-01T11:04:57.161Z] [ERROR] Failed to fetch pending jobs
{
  "error": "fetch failed"
}
[2026-01-01T11:04:59.213Z] [ERROR] Failed to fetch pending jobs
{
  "error": "fetch failed"
}
[2026-01-01T11:05:01.256Z] [ERROR] Failed to fetch pending jobs
{
  "error": "fetch failed"
}
[2026-01-01T11:05:03.269Z] [ERROR] Failed to fetch pending jobs
{
  "error": "fetch failed"
}
[2026-01-01T11:05:05.308Z] [ERROR] Failed to fetch pending jobs
{
  "error": "fetch failed"
}
[2026-01-01T11:05:07.359Z] [ERROR] Failed to fetch pending jobs
{
  "error": "fetch failed"
}
[2026-01-01T11:05:09.377Z] [ERROR] Failed to fetch pending jobs
{
  "error": "fetch failed"
}
[2026-01-01T11:05:11.392Z] [ERROR] Failed to fetch pending jobs
{
  "error": "fetch failed"
}
[2026-01-01T11:05:13.433Z] [ERROR] Failed to fetch pending jobs
{
  "error": "fetch failed"
}
[2026-01-01T11:05:15.482Z] [ERROR] Failed to fetch pending jobs
{
  "error": "fetch failed"
}
[2026-01-01T11:05:17.519Z] [ERROR] Failed to fetch pending jobs
{
  "error": "fetch failed"
}
[2026-01-01T11:05:19.568Z] [ERROR] Failed to fetch pending jobs
{
  "error": "fetch failed"
}
[2026-01-01T11:05:21.617Z] [ERROR] Failed to fetch pending jobs
{
  "error": "fetch failed"
}
[2026-01-01T11:05:23.157Z] [ERROR] Failed to fetch pending jobs
{
  "error": "fetch failed"
}
[2026-01-01T11:05:25.168Z] [ERROR] Failed to fetch pending jobs
{
  "error": "fetch failed"
}
[2026-01-01T11:05:27.190Z] [ERROR] Failed to fetch pending jobs
{
  "error": "fetch failed"
}
[2026-01-01T11:05:29.245Z] [ERROR] Failed to fetch pending jobs
{
  "error": "fetch failed"
}
[2026-01-01T11:05:31.286Z] [ERROR] Failed to fetch pending jobs
{
  "error": "fetch failed"
}
[2026-01-01T11:05:33.311Z] [ERROR] Failed to fetch pending jobs
{
  "error": "fetch failed"
}
[2026-01-01T11:05:35.363Z] [ERROR] Failed to fetch pending jobs
{
  "error": "fetch failed"
}
[2026-01-01T11:05:37.402Z] [ERROR] Failed to fetch pending jobs
{
  "error": "fetch failed"
}
[2026-01-01T11:05:39.451Z] [ERROR] Failed to fetch pending jobs
{
  "error": "fetch failed"
}
[2026-01-01T11:05:41.500Z] [ERROR] Failed to fetch pending jobs
{
  "error": "fetch failed"
}
[2026-01-01T11:05:43.550Z] [ERROR] Failed to fetch pending jobs
{
  "error": "fetch failed"
}
[2026-01-01T11:05:45.573Z] [ERROR] Failed to fetch pending jobs
{
  "error": "fetch failed"
}
[2026-01-01T11:05:47.588Z] [ERROR] Failed to fetch pending jobs
{
  "error": "fetch failed"
}
[2026-01-01T11:05:49.601Z] [ERROR] Failed to fetch pending jobs
{
  "error": "fetch failed"
}
[2026-01-01T11:05:51.640Z] [ERROR] Failed to fetch pending jobs
{
  "error": "fetch failed"
}
[2026-01-01T11:05:53.168Z] [ERROR] Failed to fetch pending jobs
{
  "error": "fetch failed"
}
[2026-01-01T11:05:55.222Z] [ERROR] Failed to fetch pending jobs
{
  "error": "fetch failed"
}
[2026-01-01T11:05:57.247Z] [ERROR] Failed to fetch pending jobs
{
  "error": "fetch failed"
}
[2026-01-01T11:05:59.271Z] [ERROR] Failed to fetch pending jobs
{
  "error": "fetch failed"
}
[2026-01-01T11:06:01.300Z] [ERROR] Failed to fetch pending jobs
{
  "error": "fetch failed"
}
[2026-01-01T11:06:03.353Z] [ERROR] Failed to fetch pending jobs
{
  "error": "fetch failed"
}
[2026-01-01T11:06:05.407Z] [ERROR] Failed to fetch pending jobs
{
  "error": "fetch failed"
}
[2026-01-01T11:06:07.444Z] [ERROR] Failed to fetch pending jobs
{
  "error": "fetch failed"
}
[2026-01-01T11:06:09.492Z] [ERROR] Failed to fetch pending jobs
{
  "error": "fetch failed"
}
[2026-01-01T11:06:11.532Z] [ERROR] Failed to fetch pending jobs
{
  "error": "fetch failed"
}
[2026-01-01T11:06:13.572Z] [ERROR] Failed to fetch pending jobs
{
  "error": "fetch failed"
}
[2026-01-01T11:06:15.578Z] [ERROR] Failed to fetch pending jobs
{
  "error": "fetch failed"
}
[2026-01-01T11:06:17.592Z] [ERROR] Failed to fetch pending jobs
{
  "error": "fetch failed"
}
[2026-01-01T11:06:19.631Z] [ERROR] Failed to fetch pending jobs
{
  "error": "fetch failed"
}
[2026-01-01T11:06:21.659Z] [ERROR] Failed to fetch pending jobs
{
  "error": "fetch failed"
}
[2026-01-01T11:06:23.698Z] [ERROR] Failed to fetch pending jobs
{
  "error": "fetch failed"
}
[2026-01-01T11:06:25.752Z] [ERROR] Failed to fetch pending jobs
{
  "error": "fetch failed"
}
[2026-01-01T11:06:27.778Z] [ERROR] Failed to fetch pending jobs
{
  "error": "fetch failed"
}
[2026-01-01T11:06:29.790Z] [ERROR] Failed to fetch pending jobs
{
  "error": "fetch failed"
}
[2026-01-01T11:06:31.787Z] [ERROR] Failed to fetch pending jobs
{
  "error": "fetch failed"
}
[2026-01-01T11:06:33.301Z] [ERROR] Failed to fetch pending jobs
{
  "error": "fetch failed"
}
[2026-01-01T11:06:35.331Z] [ERROR] Failed to fetch pending jobs
{
  "error": "fetch failed"
}
[2026-01-01T11:06:37.375Z] [ERROR] Failed to fetch pending jobs
{
  "error": "fetch failed"
}
[2026-01-01T11:06:39.429Z] [ERROR] Failed to fetch pending jobs
{
  "error": "fetch failed"
}
[2026-01-01T11:06:41.470Z] [ERROR] Failed to fetch pending jobs
{
  "error": "fetch failed"
}
[2026-01-01T11:06:43.510Z] [ERROR] Failed to fetch pending jobs
{
  "error": "fetch failed"
}
[2026-01-01T11:06:45.547Z] [ERROR] Failed to fetch pending jobs
{
  "error": "fetch failed"
}
[2026-01-01T11:06:47.603Z] [ERROR] Failed to fetch pending jobs
{
  "error": "fetch failed"
}
[2026-01-01T11:06:49.630Z] [ERROR] Failed to fetch pending jobs
{
  "error": "fetch failed"
}
[2026-01-01T11:06:51.660Z] [ERROR] Failed to fetch pending jobs
{
  "error": "fetch failed"
}
[2026-01-01T11:06:53.677Z] [ERROR] Failed to fetch pending jobs
{
  "error": "fetch failed"
}
[2026-01-01T11:06:55.720Z] [ERROR] Failed to fetch pending jobs
{
  "error": "fetch failed"
}
[2026-01-01T11:06:57.735Z] [ERROR] Failed to fetch pending jobs
{
  "error": "fetch failed"
}
[2026-01-01T11:06:59.789Z] [ERROR] Failed to fetch pending jobs
{
  "error": "fetch failed"
}
[2026-01-01T11:07:01.817Z] [ERROR] Failed to fetch pending jobs
{
  "error": "fetch failed"
}
[2026-01-01T11:07:03.858Z] [ERROR] Failed to fetch pending jobs
{
  "error": "fetch failed"
}
[2026-01-01T11:07:05.873Z] [ERROR] Failed to fetch pending jobs
{
  "error": "fetch failed"
}
[2026-01-01T11:07:07.900Z] [ERROR] Failed to fetch pending jobs
{
  "error": "fetch failed"
}
[2026-01-01T11:07:09.941Z] [ERROR] Failed to fetch pending jobs
{
  "error": "fetch failed"
}
[2026-01-01T11:07:11.979Z] [ERROR] Failed to fetch pending jobs
{
  "error": "fetch failed"
}
[2026-01-01T11:07:14.030Z] [ERROR] Failed to fetch pending jobs
{
  "error": "fetch failed"
}
[2026-01-01T11:07:16.082Z] [ERROR] Failed to fetch pending jobs
{
  "error": "fetch failed"
}
[2026-01-01T11:07:18.134Z] [ERROR] Failed to fetch pending jobs
{
  "error": "fetch failed"
}
[2026-01-01T11:07:19.649Z] [ERROR] Failed to fetch pending jobs
{
  "error": "fetch failed"
}
[2026-01-01T11:07:21.667Z] [ERROR] Failed to fetch pending jobs
{
  "error": "fetch failed"
}
[2026-01-01T11:07:23.692Z] [ERROR] Failed to fetch pending jobs
{
  "error": "fetch failed"
}
[2026-01-01T11:07:25.730Z] [ERROR] Failed to fetch pending jobs
{
  "error": "fetch failed"
}
[2026-01-01T11:07:27.771Z] [ERROR] Failed to fetch pending jobs
{
  "error": "fetch failed"
}
[2026-01-01T11:07:29.811Z] [ERROR] Failed to fetch pending jobs
{
  "error": "fetch failed"
}
[2026-01-01T11:07:31.854Z] [ERROR] Failed to fetch pending jobs
{
  "error": "fetch failed"
}
[2026-01-01T11:07:33.888Z] [ERROR] Failed to fetch pending jobs
{
  "error": "fetch failed"
}
[2026-01-01T11:07:35.923Z] [ERROR] Failed to fetch pending jobs
{
  "error": "fetch failed"
}
[2026-01-01T11:07:37.976Z] [ERROR] Failed to fetch pending jobs
{
  "error": "fetch failed"
}
[2026-01-01T11:07:40.024Z] [ERROR] Failed to fetch pending jobs
{
  "error": "fetch failed"
}
[2026-01-01T11:07:42.074Z] [ERROR] Failed to fetch pending jobs
{
  "error": "fetch failed"
}
[2026-01-01T11:07:44.123Z] [ERROR] Failed to fetch pending jobs
{
  "error": "fetch failed"
}
[2026-01-01T11:07:46.170Z] [ERROR] Failed to fetch pending jobs
{
  "error": "fetch failed"
}
[2026-01-01T11:07:48.213Z] [ERROR] Failed to fetch pending jobs
{
  "error": "fetch failed"
}
[2026-01-01T11:07:50.258Z] [ERROR] Failed to fetch pending jobs
{
  "error": "fetch failed"
}
[2026-01-01T11:07:52.305Z] [ERROR] Failed to fetch pending jobs
{
  "error": "fetch failed"
}
[2026-01-01T11:07:53.838Z] [ERROR] Failed to fetch pending jobs
{
  "error": "fetch failed"
}
[2026-01-01T11:07:55.866Z] [ERROR] Failed to fetch pending jobs
{
  "error": "fetch failed"
}
[2026-01-01T11:07:57.889Z] [ERROR] Failed to fetch pending jobs
{
  "error": "fetch failed"
}
[2026-01-01T11:07:59.903Z] [ERROR] Failed to fetch pending jobs
{
  "error": "fetch failed"
}
[2026-01-01T11:08:01.942Z] [ERROR] Failed to fetch pending jobs
{
  "error": "fetch failed"
}
[2026-01-01T11:08:03.964Z] [ERROR] Failed to fetch pending jobs
{
  "error": "fetch failed"
}
[2026-01-01T11:08:06.015Z] [ERROR] Failed to fetch pending jobs
{
  "error": "fetch failed"
}
[2026-01-01T11:08:08.061Z] [ERROR] Failed to fetch pending jobs
{
  "error": "fetch failed"
}
[2026-01-01T11:08:10.106Z] [ERROR] Failed to fetch pending jobs
{
  "error": "fetch failed"
}
[2026-01-01T11:08:12.150Z] [ERROR] Failed to fetch pending jobs
{
  "error": "fetch failed"
}
[2026-01-01T11:08:14.180Z] [ERROR] Failed to fetch pending jobs
{
  "error": "fetch failed"
}
[2026-01-01T11:08:16.222Z] [ERROR] Failed to fetch pending jobs
{
  "error": "fetch failed"
}
[2026-01-01T11:08:18.246Z] [ERROR] Failed to fetch pending jobs
{
  "error": "fetch failed"
}
[2026-01-01T11:08:20.284Z] [ERROR] Failed to fetch pending jobs
{
  "error": "fetch failed"
}
[2026-01-01T11:08:22.325Z] [ERROR] Failed to fetch pending jobs
{
  "error": "fetch failed"
}
[2026-01-01T11:08:23.847Z] [ERROR] Failed to fetch pending jobs
{
  "error": "fetch failed"
}
[2026-01-01T11:08:25.879Z] [ERROR] Failed to fetch pending jobs
{
  "error": "fetch failed"
}
[2026-01-01T11:08:27.910Z] [ERROR] Failed to fetch pending jobs
{
  "error": "fetch failed"
}
[2026-01-01T11:08:29.950Z] [ERROR] Failed to fetch pending jobs
{
  "error": "fetch failed"
}
[2026-01-01T11:08:31.983Z] [ERROR] Failed to fetch pending jobs
{
  "error": "fetch failed"
}
[2026-01-01T11:08:34.019Z] [ERROR] Failed to fetch pending jobs
{
  "error": "fetch failed"
}
[2026-01-01T11:08:36.053Z] [ERROR] Failed to fetch pending jobs
{
  "error": "fetch failed"
}
[2026-01-01T11:08:38.087Z] [ERROR] Failed to fetch pending jobs
{
  "error": "fetch failed"
}
[2026-01-01T11:08:40.127Z] [ERROR] Failed to fetch pending jobs
{
  "error": "fetch failed"
}
[2026-01-01T11:08:42.176Z] [ERROR] Failed to fetch pending jobs
{
  "error": "fetch failed"
}
[2026-01-01T11:08:44.214Z] [ERROR] Failed to fetch pending jobs
{
  "error": "fetch failed"
}
[2026-01-01T11:08:46.263Z] [ERROR] Failed to fetch pending jobs
{
  "error": "fetch failed"
}
[2026-01-01T11:08:48.315Z] [ERROR] Failed to fetch pending jobs
{
  "error": "fetch failed"
}
[2026-01-01T11:08:50.354Z] [ERROR] Failed to fetch pending jobs
{
  "error": "fetch failed"
}
[2026-01-01T11:08:52.402Z] [ERROR] Failed to fetch pending jobs
{
  "error": "fetch failed"
}
[2026-01-01T11:08:54.434Z] [ERROR] Failed to fetch pending jobs
{
  "error": "fetch failed"
}
[2026-01-01T13:21:25.230Z] [INFO] Print server starting...
[2026-01-01T13:21:25.248Z] [INFO] API: https://kamikuralk.online/api
[2026-01-01T13:21:25.249Z] [INFO] Poll interval: 2000ms
[2026-01-01T13:21:25.249Z] [INFO] Retry interval: 30000ms
[2026-01-01T13:21:25.250Z] [INFO] ✓ Print server running. Press Ctrl+C to stop.
[2026-01-01T14:32:18.000Z] [INFO] Found 1 pending job(s)
[2026-01-01T14:32:18.002Z] [INFO] Found 1 pending job(s)
[2026-01-01T14:32:18.005Z] [INFO] Processing job 154 (kot) for Kitchen Printer
[2026-01-01T14:32:19.721Z] [INFO] Connecting to network printer: 192.168.123.101:9100
[2026-01-01T14:32:20.171Z] [INFO] ✓ Job 154 printed successfully
[2026-01-01T14:52:02.074Z] [INFO] Found 1 pending job(s)
[2026-01-01T14:52:02.076Z] [INFO] Found 1 pending job(s)
[2026-01-01T14:52:02.076Z] [INFO] Processing job 155 (kot) for Kitchen Printer
[2026-01-01T14:52:02.941Z] [INFO] Connecting to network printer: 192.168.123.101:9100
[2026-01-01T14:52:03.250Z] [INFO] ✓ Job 155 printed successfully
[2026-01-01T14:56:45.485Z] [INFO] Found 1 pending job(s)
[2026-01-01T14:56:45.486Z] [INFO] Found 1 pending job(s)
[2026-01-01T14:56:45.487Z] [INFO] Processing job 156 (kot) for Kitchen Printer
[2026-01-01T14:56:46.456Z] [INFO] Connecting to network printer: 192.168.123.101:9100
[2026-01-01T14:56:46.762Z] [INFO] ✓ Job 156 printed successfully
[2026-01-01T14:58:47.982Z] [INFO] Found 1 pending job(s)
[2026-01-01T14:58:48.021Z] [INFO] Found 1 pending job(s)
[2026-01-01T14:58:48.030Z] [INFO] Processing job 157 (bar_ticket) for Bar Printer
[2026-01-01T14:58:48.985Z] [INFO] Connecting to network printer: 192.168.123.102:9100
[2026-01-01T14:58:49.292Z] [INFO] ✓ Job 157 printed successfully
[2026-01-01T14:58:58.032Z] [INFO] Found 1 pending job(s)
[2026-01-01T14:58:58.036Z] [INFO] Found 1 pending job(s)
[2026-01-01T14:58:58.037Z] [INFO] Processing job 158 (kot) for Kitchen Printer
[2026-01-01T14:58:58.902Z] [INFO] Connecting to network printer: 192.168.123.101:9100
[2026-01-01T14:58:59.211Z] [INFO] ✓ Job 158 printed successfully
[2026-01-01T15:10:29.518Z] [INFO] Found 1 pending job(s)
[2026-01-01T15:10:29.564Z] [INFO] Found 1 pending job(s)
[2026-01-01T15:10:29.577Z] [INFO] Processing job 159 (kot) for Kitchen Printer
[2026-01-01T15:10:30.550Z] [INFO] Connecting to network printer: 192.168.123.101:9100
[2026-01-01T15:10:30.853Z] [INFO] ✓ Job 159 printed successfully
[2026-01-01T15:42:15.387Z] [INFO] Found 1 pending job(s)
[2026-01-01T15:42:15.388Z] [INFO] Found 1 pending job(s)
[2026-01-01T15:42:15.389Z] [INFO] Processing job 160 (receipt) for Customer Receipt
[2026-01-01T15:42:16.348Z] [INFO] Connecting to network printer: 192.168.123.102:9100
[2026-01-01T15:42:16.722Z] [INFO] ✓ Job 160 printed successfully
[2026-01-01T15:54:59.207Z] [INFO] Found 1 pending job(s)
[2026-01-01T15:54:59.216Z] [INFO] Found 1 pending job(s)
[2026-01-01T15:54:59.221Z] [INFO] Processing job 161 (receipt) for Customer Receipt
[2026-01-01T15:55:00.120Z] [INFO] Connecting to network printer: 192.168.123.102:9100
[2026-01-01T15:55:00.458Z] [INFO] ✓ Job 161 printed successfully
[2026-01-01T15:57:37.954Z] [INFO] Found 1 pending job(s)
[2026-01-01T15:57:37.956Z] [INFO] Found 1 pending job(s)
[2026-01-01T15:57:37.957Z] [INFO] Processing job 162 (receipt) for Customer Receipt
[2026-01-01T15:57:38.826Z] [INFO] Connecting to network printer: 192.168.123.102:9100
[2026-01-01T15:57:39.126Z] [INFO] ✓ Job 162 printed successfully
[2026-01-01T15:58:22.156Z] [INFO] Found 1 pending job(s)
[2026-01-01T15:58:22.159Z] [INFO] Found 1 pending job(s)
[2026-01-01T15:58:22.162Z] [INFO] Processing job 163 (receipt) for Customer Receipt
[2026-01-01T15:58:23.024Z] [INFO] Connecting to network printer: 192.168.123.102:9100
[2026-01-01T15:58:23.322Z] [INFO] ✓ Job 163 printed successfully
[2026-01-01T15:58:36.224Z] [INFO] Found 1 pending job(s)
[2026-01-01T15:58:36.225Z] [INFO] Found 1 pending job(s)
[2026-01-01T15:58:36.227Z] [INFO] Processing job 164 (receipt) for Customer Receipt
[2026-01-01T15:58:37.154Z] [INFO] Connecting to network printer: 192.168.123.102:9100
[2026-01-01T15:58:37.455Z] [INFO] ✓ Job 164 printed successfully
[2026-01-01T15:59:28.469Z] [INFO] Found 1 pending job(s)
[2026-01-01T15:59:28.470Z] [INFO] Found 1 pending job(s)
[2026-01-01T15:59:28.471Z] [INFO] Processing job 165 (receipt) for Customer Receipt
[2026-01-01T15:59:29.328Z] [INFO] Connecting to network printer: 192.168.123.102:9100
[2026-01-01T15:59:29.626Z] [INFO] ✓ Job 165 printed successfully
[2026-01-01T16:06:36.605Z] [INFO] Found 1 pending job(s)
[2026-01-01T16:06:36.608Z] [INFO] Found 1 pending job(s)
[2026-01-01T16:06:36.611Z] [INFO] Processing job 166 (receipt) for Customer Receipt
[2026-01-01T16:06:37.480Z] [INFO] Connecting to network printer: 192.168.123.102:9100
[2026-01-01T16:06:37.843Z] [INFO] ✓ Job 166 printed successfully
[2026-01-01T16:10:19.728Z] [INFO] Found 1 pending job(s)
[2026-01-01T16:10:19.729Z] [INFO] Found 1 pending job(s)
[2026-01-01T16:10:19.730Z] [INFO] Processing job 167 (receipt) for Customer Receipt
[2026-01-01T16:10:20.707Z] [INFO] Connecting to network printer: 192.168.123.102:9100
[2026-01-01T16:10:21.015Z] [INFO] ✓ Job 167 printed successfully
[2026-01-01T16:29:21.519Z] [INFO] Found 1 pending job(s)
[2026-01-01T16:29:21.520Z] [INFO] Found 1 pending job(s)
[2026-01-01T16:29:21.522Z] [INFO] Processing job 168 (kot) for Kitchen Printer
[2026-01-01T16:29:22.404Z] [INFO] Connecting to network printer: 192.168.123.101:9100
[2026-01-01T16:29:23.159Z] [INFO] ✓ Job 168 printed successfully
[2026-01-01T16:31:34.225Z] [INFO] Found 1 pending job(s)
[2026-01-01T16:31:34.226Z] [INFO] Found 1 pending job(s)
[2026-01-01T16:31:34.227Z] [INFO] Processing job 169 (kot) for Kitchen Printer
[2026-01-01T16:31:35.090Z] [INFO] Connecting to network printer: 192.168.123.101:9100
[2026-01-01T16:31:35.402Z] [INFO] ✓ Job 169 printed successfully
[2026-01-01T16:39:10.514Z] [INFO] Found 1 pending job(s)
[2026-01-01T16:39:10.515Z] [INFO] Found 1 pending job(s)
[2026-01-01T16:39:10.516Z] [INFO] Processing job 170 (kot) for Kitchen Printer
[2026-01-01T16:39:11.379Z] [INFO] Connecting to network printer: 192.168.123.101:9100
[2026-01-01T16:39:11.679Z] [INFO] ✓ Job 170 printed successfully
[2026-01-01T17:32:37.310Z] [INFO] Found 1 pending job(s)
[2026-01-01T17:32:37.311Z] [INFO] Found 1 pending job(s)
[2026-01-01T17:32:37.312Z] [INFO] Processing job 171 (receipt) for Customer Receipt
[2026-01-01T17:32:38.193Z] [INFO] Connecting to network printer: 192.168.123.102:9100
[2026-01-01T17:32:38.536Z] [INFO] ✓ Job 171 printed successfully
[2026-01-01T17:37:14.338Z] [INFO] Found 1 pending job(s)
[2026-01-01T17:37:14.339Z] [INFO] Found 1 pending job(s)
[2026-01-01T17:37:14.341Z] [INFO] Processing job 172 (receipt) for Customer Receipt
[2026-01-01T17:37:15.232Z] [INFO] Connecting to network printer: 192.168.123.102:9100
[2026-01-01T17:37:15.528Z] [INFO] ✓ Job 172 printed successfully
[2026-01-01T17:43:05.700Z] [INFO] Found 1 pending job(s)
[2026-01-01T17:43:05.702Z] [INFO] Found 1 pending job(s)
[2026-01-01T17:43:05.703Z] [INFO] Processing job 173 (receipt) for Customer Receipt
[2026-01-01T17:43:06.575Z] [INFO] Connecting to network printer: 192.168.123.102:9100
[2026-01-01T17:43:06.869Z] [INFO] ✓ Job 173 printed successfully
[2026-01-01T17:43:45.847Z] [INFO] Found 1 pending job(s)
[2026-01-01T17:43:45.849Z] [INFO] Found 1 pending job(s)
[2026-01-01T17:43:45.850Z] [INFO] Processing job 174 (receipt) for Customer Receipt
[2026-01-01T17:43:46.717Z] [INFO] Connecting to network printer: 192.168.123.102:9100
[2026-01-01T17:43:47.020Z] [INFO] ✓ Job 174 printed successfully
[2026-01-01T17:45:34.254Z] [INFO] Found 1 pending job(s)
[2026-01-01T17:45:34.260Z] [INFO] Found 1 pending job(s)
[2026-01-01T17:45:34.264Z] [INFO] Processing job 175 (receipt) for Customer Receipt
[2026-01-01T17:45:35.143Z] [INFO] Connecting to network printer: 192.168.123.102:9100
[2026-01-01T17:45:35.439Z] [INFO] ✓ Job 175 printed successfully
[2026-01-04T04:33:54.176Z] [INFO] Print server starting...
[2026-01-04T04:33:54.198Z] [INFO] API: https://kamikuralk.online/api
[2026-01-04T04:33:54.202Z] [INFO] Poll interval: 2000ms
[2026-01-04T04:33:54.203Z] [INFO] Retry interval: 30000ms
[2026-01-04T04:33:54.203Z] [INFO] ✓ Print server running. Press Ctrl+C to stop.
[2026-01-04T06:49:37.819Z] [INFO] Found 4 pending job(s)
[2026-01-04T06:49:37.824Z] [INFO] Found 4 pending job(s)
[2026-01-04T06:49:37.825Z] [INFO] Processing job 176 (kot) for Kitchen Printer
[2026-01-04T06:49:39.677Z] [INFO] Connecting to network printer: 192.168.123.101:9100
[2026-01-04T06:49:39.967Z] [INFO] Found 3 pending job(s)
[2026-01-04T06:49:39.969Z] [INFO] Found 3 pending job(s)
[2026-01-04T06:49:39.970Z] [INFO] Processing job 177 (bar_ticket) for Bar Printer
[2026-01-04T06:49:40.154Z] [INFO] ✓ Job 176 printed successfully
[2026-01-04T06:49:40.155Z] [INFO] Processing job 177 (bar_ticket) for Bar Printer
[2026-01-04T06:49:40.443Z] [INFO] Connecting to network printer: 192.168.123.102:9100
[2026-01-04T06:49:40.742Z] [INFO] ✓ Job 177 printed successfully
[2026-01-04T06:49:40.743Z] [INFO] Processing job 178 (kot) for Kitchen Printer
[2026-01-04T06:49:40.849Z] [INFO] Connecting to network printer: 192.168.123.102:9100
[2026-01-04T06:49:41.028Z] [INFO] Connecting to network printer: 192.168.123.101:9100
[2026-01-04T06:49:41.144Z] [INFO] ✓ Job 177 printed successfully
[2026-01-04T06:49:41.145Z] [INFO] Processing job 178 (kot) for Kitchen Printer
[2026-01-04T06:49:41.327Z] [INFO] ✓ Job 178 printed successfully
[2026-01-04T06:49:41.329Z] [INFO] Processing job 179 (bar_ticket) for Bar Printer
[2026-01-04T06:49:41.436Z] [INFO] Connecting to network printer: 192.168.123.101:9100
[2026-01-04T06:49:41.616Z] [INFO] Connecting to network printer: 192.168.123.102:9100
[2026-01-04T06:49:41.756Z] [INFO] ✓ Job 178 printed successfully
[2026-01-04T06:49:41.758Z] [INFO] Processing job 179 (bar_ticket) for Bar Printer
[2026-01-04T06:49:41.909Z] [INFO] ✓ Job 179 printed successfully
[2026-01-04T06:49:42.657Z] [INFO] Connecting to network printer: 192.168.123.102:9100
[2026-01-04T06:49:42.950Z] [INFO] ✓ Job 179 printed successfully
[2026-01-04T07:46:42.943Z] [INFO] Found 1 pending job(s)
[2026-01-04T07:46:42.945Z] [INFO] Found 1 pending job(s)
[2026-01-04T07:46:42.946Z] [INFO] Processing job 180 (receipt) for Customer Receipt
[2026-01-04T07:46:43.831Z] [INFO] Connecting to network printer: 192.168.123.102:9100
[2026-01-04T07:46:44.245Z] [INFO] ✓ Job 180 printed successfully
[2026-01-04T07:47:39.241Z] [INFO] Found 1 pending job(s)
[2026-01-04T07:47:39.243Z] [INFO] Found 1 pending job(s)
[2026-01-04T07:47:39.246Z] [INFO] Processing job 181 (receipt) for Customer Receipt
[2026-01-04T07:47:40.122Z] [INFO] Connecting to network printer: 192.168.123.102:9100
[2026-01-04T07:47:40.494Z] [INFO] ✓ Job 181 printed successfully
[2026-01-04T12:46:46.321Z] [INFO] Found 1 pending job(s)
[2026-01-04T12:46:46.332Z] [INFO] Found 1 pending job(s)
[2026-01-04T12:46:46.334Z] [INFO] Processing job 182 (kot) for Kitchen Printer
[2026-01-04T12:46:47.200Z] [INFO] Connecting to network printer: 192.168.123.101:9100
[2026-01-04T12:46:47.579Z] [INFO] ✓ Job 182 printed successfully
[2026-01-04T13:00:28.394Z] [ERROR] Failed to fetch pending jobs
{
  "error": "fetch failed"
}
[2026-01-04T13:02:39.280Z] [INFO] Found 1 pending job(s)
[2026-01-04T13:02:39.281Z] [INFO] Found 1 pending job(s)
[2026-01-04T13:02:39.282Z] [INFO] Processing job 183 (kot) for Kitchen Printer
[2026-01-04T13:02:40.139Z] [INFO] Connecting to network printer: 192.168.123.101:9100
[2026-01-04T13:02:40.431Z] [INFO] ✓ Job 183 printed successfully
[2026-01-04T13:18:23.374Z] [INFO] Found 1 pending job(s)
[2026-01-04T13:18:23.375Z] [INFO] Found 1 pending job(s)
[2026-01-04T13:18:23.376Z] [INFO] Processing job 184 (receipt) for Customer Receipt
[2026-01-04T13:18:24.250Z] [INFO] Connecting to network printer: 192.168.123.102:9100
[2026-01-04T13:18:24.598Z] [INFO] ✓ Job 184 printed successfully
[2026-01-04T13:40:29.341Z] [INFO] Found 4 pending job(s)
[2026-01-04T13:40:29.343Z] [INFO] Found 4 pending job(s)
[2026-01-04T13:40:29.344Z] [INFO] Processing job 185 (kot) for Kitchen Printer
[2026-01-04T13:40:30.222Z] [INFO] Connecting to network printer: 192.168.123.101:9100
[2026-01-04T13:40:30.524Z] [INFO] ✓ Job 185 printed successfully
[2026-01-04T13:40:30.525Z] [INFO] Processing job 186 (bar_ticket) for Bar Printer
[2026-01-04T13:40:30.818Z] [INFO] Connecting to network printer: 192.168.123.102:9100
[2026-01-04T13:40:31.176Z] [INFO] ✓ Job 186 printed successfully
[2026-01-04T13:40:31.177Z] [INFO] Processing job 187 (kot) for Kitchen Printer
[2026-01-04T13:40:31.345Z] [INFO] Found 2 pending job(s)
[2026-01-04T13:40:31.346Z] [INFO] Found 2 pending job(s)
[2026-01-04T13:40:31.347Z] [INFO] Processing job 187 (kot) for Kitchen Printer
[2026-01-04T13:40:31.632Z] [INFO] Connecting to network printer: 192.168.123.101:9100
[2026-01-04T13:40:31.926Z] [INFO] ✓ Job 187 printed successfully
[2026-01-04T13:40:31.927Z] [INFO] Processing job 188 (bar_ticket) for Bar Printer
[2026-01-04T13:40:32.063Z] [INFO] Connecting to network printer: 192.168.123.101:9100
[2026-01-04T13:40:32.215Z] [INFO] Connecting to network printer: 192.168.123.102:9100
[2026-01-04T13:40:32.359Z] [INFO] ✓ Job 187 printed successfully
[2026-01-04T13:40:32.360Z] [INFO] Processing job 188 (bar_ticket) for Bar Printer
[2026-01-04T13:40:32.518Z] [INFO] ✓ Job 188 printed successfully
[2026-01-04T13:40:32.656Z] [INFO] Connecting to network printer: 192.168.123.102:9100
[2026-01-04T13:40:32.950Z] [INFO] ✓ Job 188 printed successfully
[2026-01-04T13:57:21.449Z] [INFO] Found 1 pending job(s)
[2026-01-04T13:57:21.450Z] [INFO] Found 1 pending job(s)
[2026-01-04T13:57:21.451Z] [INFO] Processing job 189 (receipt) for Customer Receipt
[2026-01-04T13:57:22.334Z] [INFO] Connecting to network printer: 192.168.123.102:9100
[2026-01-04T13:57:22.634Z] [INFO] ✓ Job 189 printed successfully
[2026-01-04T14:32:10.259Z] [INFO] Found 1 pending job(s)
[2026-01-04T14:32:10.260Z] [INFO] Found 1 pending job(s)
[2026-01-04T14:32:10.261Z] [INFO] Processing job 190 (kot) for Kitchen Printer
[2026-01-04T14:32:11.117Z] [INFO] Connecting to network printer: 192.168.123.101:9100
[2026-01-04T14:32:11.499Z] [INFO] ✓ Job 190 printed successfully
[2026-01-04T14:44:57.996Z] [INFO] Found 2 pending job(s)
[2026-01-04T14:44:57.997Z] [INFO] Found 2 pending job(s)
[2026-01-04T14:44:57.999Z] [INFO] Processing job 191 (kot) for Kitchen Printer
[2026-01-04T14:44:58.857Z] [INFO] Connecting to network printer: 192.168.123.101:9100
[2026-01-04T14:44:59.151Z] [INFO] ✓ Job 191 printed successfully
[2026-01-04T14:44:59.152Z] [INFO] Processing job 192 (bar_ticket) for Bar Printer
[2026-01-04T14:44:59.442Z] [INFO] Connecting to network printer: 192.168.123.102:9100
[2026-01-04T14:44:59.794Z] [INFO] ✓ Job 192 printed successfully
[2026-01-04T14:49:25.395Z] [INFO] Found 1 pending job(s)
[2026-01-04T14:49:25.396Z] [INFO] Found 1 pending job(s)
[2026-01-04T14:49:25.397Z] [INFO] Processing job 193 (kot) for Kitchen Printer
[2026-01-04T14:49:26.278Z] [INFO] Connecting to network printer: 192.168.123.101:9100
[2026-01-04T14:49:26.572Z] [INFO] ✓ Job 193 printed successfully
[2026-01-04T14:53:34.546Z] [INFO] Found 1 pending job(s)
[2026-01-04T14:53:34.548Z] [INFO] Found 1 pending job(s)
[2026-01-04T14:53:34.550Z] [INFO] Processing job 194 (kot) for Kitchen Printer
[2026-01-04T14:53:35.405Z] [INFO] Connecting to network printer: 192.168.123.101:9100
[2026-01-04T14:53:35.780Z] [INFO] ✓ Job 194 printed successfully
[2026-01-04T14:58:28.076Z] [INFO] Found 1 pending job(s)
[2026-01-04T14:58:28.077Z] [INFO] Found 1 pending job(s)
[2026-01-04T14:58:28.077Z] [INFO] Processing job 195 (receipt) for Customer Receipt
[2026-01-04T14:58:28.967Z] [INFO] Connecting to network printer: 192.168.123.102:9100
[2026-01-04T14:58:29.263Z] [INFO] ✓ Job 195 printed successfully
[2026-01-04T15:01:08.942Z] [INFO] Found 1 pending job(s)
[2026-01-04T15:01:08.943Z] [INFO] Found 1 pending job(s)
[2026-01-04T15:01:08.944Z] [INFO] Processing job 196 (receipt) for Customer Receipt
[2026-01-04T15:01:09.838Z] [INFO] Connecting to network printer: 192.168.123.102:9100
[2026-01-04T15:01:10.135Z] [INFO] ✓ Job 196 printed successfully
[2026-01-04T15:18:11.455Z] [INFO] Found 1 pending job(s)
[2026-01-04T15:18:11.456Z] [INFO] Found 1 pending job(s)
[2026-01-04T15:18:11.458Z] [INFO] Processing job 197 (bar_ticket) for Bar Printer
[2026-01-04T15:18:12.346Z] [INFO] Connecting to network printer: 192.168.123.102:9100
[2026-01-04T15:18:12.681Z] [INFO] ✓ Job 197 printed successfully
[2026-01-04T15:29:50.479Z] [INFO] Found 1 pending job(s)
[2026-01-04T15:29:50.481Z] [INFO] Found 1 pending job(s)
[2026-01-04T15:29:50.482Z] [INFO] Processing job 198 (kot) for Kitchen Printer
[2026-01-04T15:29:51.348Z] [INFO] Connecting to network printer: 192.168.123.101:9100
[2026-01-04T15:29:51.655Z] [INFO] ✓ Job 198 printed successfully
[2026-01-04T15:33:21.400Z] [INFO] Found 1 pending job(s)
[2026-01-04T15:33:21.401Z] [INFO] Found 1 pending job(s)
[2026-01-04T15:33:21.402Z] [INFO] Processing job 199 (bar_ticket) for Bar Printer
[2026-01-04T15:33:22.264Z] [INFO] Connecting to network printer: 192.168.123.102:9100
[2026-01-04T15:33:22.558Z] [INFO] ✓ Job 199 printed successfully
[2026-01-04T15:57:45.821Z] [INFO] Found 2 pending job(s)
[2026-01-04T15:57:45.823Z] [INFO] Found 2 pending job(s)
[2026-01-04T15:57:45.824Z] [INFO] Processing job 200 (bar_ticket) for Bar Printer
[2026-01-04T15:57:46.724Z] [INFO] Connecting to network printer: 192.168.123.102:9100
[2026-01-04T15:57:47.103Z] [INFO] ✓ Job 200 printed successfully
[2026-01-04T15:57:47.104Z] [INFO] Processing job 201 (kot) for Kitchen Printer
[2026-01-04T15:57:47.405Z] [INFO] Connecting to network printer: 192.168.123.101:9100
[2026-01-04T15:57:47.720Z] [INFO] ✓ Job 201 printed successfully
[2026-01-04T16:02:52.860Z] [ERROR] Failed to fetch pending jobs
{
  "error": "fetch failed"
}
[2026-01-04T16:07:30.291Z] [INFO] Found 1 pending job(s)
[2026-01-04T16:07:30.292Z] [INFO] Found 1 pending job(s)
[2026-01-04T16:07:30.292Z] [INFO] Processing job 202 (receipt) for Customer Receipt
[2026-01-04T16:07:31.150Z] [INFO] Connecting to network printer: 192.168.123.102:9100
[2026-01-04T16:07:31.447Z] [INFO] ✓ Job 202 printed successfully
[2026-01-04T16:10:05.033Z] [INFO] Found 1 pending job(s)
[2026-01-04T16:10:05.036Z] [INFO] Found 1 pending job(s)
[2026-01-04T16:10:05.037Z] [INFO] Processing job 203 (receipt) for Customer Receipt
[2026-01-04T16:10:05.898Z] [INFO] Connecting to network printer: 192.168.123.102:9100
[2026-01-04T16:10:06.189Z] [INFO] ✓ Job 203 printed successfully
[2026-01-04T16:31:39.691Z] [INFO] Found 1 pending job(s)
[2026-01-04T16:31:39.692Z] [INFO] Found 1 pending job(s)
[2026-01-04T16:31:39.693Z] [INFO] Processing job 204 (kot) for Kitchen Printer
[2026-01-04T16:31:40.560Z] [INFO] Connecting to network printer: 192.168.123.101:9100
[2026-01-04T16:31:40.946Z] [INFO] ✓ Job 204 printed successfully
[2026-01-04T16:43:31.086Z] [ERROR] Failed to fetch pending jobs
{
  "error": "fetch failed"
}
[2026-01-04T16:56:15.200Z] [INFO] Found 1 pending job(s)
[2026-01-04T16:56:15.202Z] [INFO] Found 1 pending job(s)
[2026-01-04T16:56:15.203Z] [INFO] Processing job 205 (receipt) for Customer Receipt
[2026-01-04T16:56:16.068Z] [INFO] Connecting to network printer: 192.168.123.102:9100
[2026-01-04T16:56:16.409Z] [INFO] ✓ Job 205 printed successfully
[2026-01-04T16:59:07.973Z] [INFO] Found 1 pending job(s)
[2026-01-04T16:59:07.973Z] [INFO] Found 1 pending job(s)
[2026-01-04T16:59:07.974Z] [INFO] Processing job 206 (receipt) for Customer Receipt
[2026-01-04T16:59:08.841Z] [INFO] Connecting to network printer: 192.168.123.102:9100
[2026-01-04T16:59:09.148Z] [INFO] ✓ Job 206 printed successfully
[2026-01-05T05:44:13.386Z] [INFO] Print server starting...
[2026-01-05T05:44:13.390Z] [INFO] API: https://kamikuralk.online/api
[2026-01-05T05:44:13.391Z] [INFO] Poll interval: 2000ms
[2026-01-05T05:44:13.392Z] [INFO] Retry interval: 30000ms
[2026-01-05T05:44:13.393Z] [INFO] ✓ Print server running. Press Ctrl+C to stop.
[2026-01-05T05:44:14.415Z] [INFO] Found 2 pending job(s)
[2026-01-05T05:44:14.416Z] [INFO] Found 2 pending job(s)
[2026-01-05T05:44:14.417Z] [INFO] Processing job 207 (kot) for Kitchen Printer
[2026-01-05T05:44:15.966Z] [INFO] Connecting to network printer: 192.168.123.101:9100
[2026-01-05T06:20:50.092Z] [INFO] Print server starting...
[2026-01-05T06:20:50.094Z] [INFO] API: https://kamikuralk.online/api
[2026-01-05T06:20:50.095Z] [INFO] Poll interval: 2000ms
[2026-01-05T06:20:50.096Z] [INFO] Retry interval: 30000ms
[2026-01-05T06:20:50.097Z] [INFO] ✓ Print server running. Press Ctrl+C to stop.
[2026-01-05T06:20:51.099Z] [INFO] Found 14 pending job(s)
[2026-01-05T06:20:51.100Z] [INFO] Found 14 pending job(s)
[2026-01-05T06:20:51.101Z] [INFO] Processing job 208 (bar_ticket) for Bar Printer
[2026-01-05T06:20:52.490Z] [INFO] Connecting to network printer: 192.168.123.102:9100
[2026-01-05T06:20:52.793Z] [INFO] Found 13 pending job(s)
[2026-01-05T06:20:52.794Z] [INFO] Found 13 pending job(s)
[2026-01-05T06:20:52.794Z] [INFO] Processing job 209 (kot) for Kitchen Printer
[2026-01-05T06:20:52.899Z] [INFO] ✓ Job 208 printed successfully
[2026-01-05T06:20:52.900Z] [INFO] Processing job 209 (kot) for Kitchen Printer
[2026-01-05T06:20:53.191Z] [INFO] Connecting to network printer: 192.168.123.101:9100
[2026-01-05T06:20:53.631Z] [WARN] Failed to update job 209 status
{
  "success": false,
  "error": "Job not found or already updated"
}
[2026-01-05T06:20:53.633Z] [INFO] Connecting to network printer: 192.168.123.101:9100
[2026-01-05T06:20:54.796Z] [INFO] Found 12 pending job(s)
[2026-01-05T06:20:54.797Z] [INFO] Found 12 pending job(s)
[2026-01-05T06:20:54.800Z] [INFO] Processing job 210 (kot) for Kitchen Printer
[2026-01-05T06:20:55.099Z] [INFO] Connecting to network printer: 192.168.123.101:9100
[2026-01-05T06:20:56.804Z] [INFO] Found 11 pending job(s)
[2026-01-05T06:20:56.805Z] [INFO] Found 11 pending job(s)
[2026-01-05T06:20:56.808Z] [INFO] Processing job 211 (receipt) for Customer Receipt
[2026-01-05T06:20:57.105Z] [INFO] Connecting to network printer: 192.168.123.102:9100
[2026-01-05T06:20:57.403Z] [INFO] ✓ Job 211 printed successfully
[2026-01-05T06:20:57.404Z] [INFO] Processing job 212 (receipt) for Customer Receipt
[2026-01-05T06:20:57.703Z] [INFO] Connecting to network printer: 192.168.123.102:9100
[2026-01-05T06:20:57.998Z] [INFO] ✓ Job 212 printed successfully
[2026-01-05T06:20:57.999Z] [INFO] Processing job 213 (receipt) for Customer Receipt
[2026-01-05T06:20:58.166Z] [INFO] ✓ Job 209 printed successfully
[2026-01-05T06:20:58.167Z] [INFO] Processing job 210 (kot) for Kitchen Printer
[2026-01-05T06:20:58.311Z] [INFO] ✓ Job 210 printed successfully
[2026-01-05T06:20:58.311Z] [INFO] Processing job 211 (receipt) for Customer Receipt
[2026-01-05T06:20:58.611Z] [INFO] Connecting to network printer: 192.168.123.102:9100
[2026-01-05T06:20:58.804Z] [INFO] Found 9 pending job(s)
[2026-01-05T06:20:58.805Z] [INFO] Found 9 pending job(s)
[2026-01-05T06:20:58.807Z] [INFO] Processing job 213 (receipt) for Customer Receipt
[2026-01-05T06:20:58.833Z] [INFO] Connecting to network printer: 192.168.123.102:9100
[2026-01-05T06:20:58.922Z] [INFO] ✓ Job 211 printed successfully
[2026-01-05T06:20:58.923Z] [INFO] Processing job 212 (receipt) for Customer Receipt
[2026-01-05T06:20:59.025Z] [INFO] Connecting to network printer: 192.168.123.101:9100
[2026-01-05T06:20:59.130Z] [INFO] ✓ Job 213 printed successfully
[2026-01-05T06:20:59.131Z] [INFO] Processing job 214 (receipt) for Customer Receipt
[2026-01-05T06:20:59.205Z] [INFO] Connecting to network printer: 192.168.123.102:9100
[2026-01-05T06:20:59.328Z] [INFO] ✓ Job 210 printed successfully
[2026-01-05T06:20:59.329Z] [INFO] Processing job 211 (receipt) for Customer Receipt
[2026-01-05T06:20:59.416Z] [INFO] Connecting to network printer: 192.168.123.102:9100
[2026-01-05T06:20:59.503Z] [INFO] ✓ Job 212 printed successfully
[2026-01-05T06:20:59.503Z] [INFO] Processing job 213 (receipt) for Customer Receipt
[2026-01-05T06:20:59.632Z] [INFO] Connecting to network printer: 192.168.123.102:9100
[2026-01-05T06:20:59.641Z] [INFO] Connecting to network printer: 192.168.123.102:9100
[2026-01-05T06:20:59.720Z] [INFO] ✓ Job 214 printed successfully
[2026-01-05T06:20:59.721Z] [INFO] Processing job 215 (receipt) for Customer Receipt
[2026-01-05T06:20:59.792Z] [WARN] Failed to update job 213 status
{
  "success": false,
  "error": "Job not found or already updated"
}
[2026-01-05T06:20:59.796Z] [INFO] Connecting to network printer: 192.168.123.102:9100
[2026-01-05T06:20:59.927Z] [INFO] ✓ Job 213 printed successfully
[2026-01-05T06:20:59.928Z] [INFO] Processing job 214 (receipt) for Customer Receipt
[2026-01-05T06:20:59.932Z] [INFO] ✓ Job 211 printed successfully
[2026-01-05T06:20:59.933Z] [INFO] Processing job 212 (receipt) for Customer Receipt
[2026-01-05T06:21:00.005Z] [INFO] Connecting to network printer: 192.168.123.102:9100
[2026-01-05T06:21:00.110Z] [INFO] ✓ Job 213 printed successfully
[2026-01-05T06:21:00.113Z] [INFO] Processing job 214 (receipt) for Customer Receipt
[2026-01-05T06:21:00.213Z] [INFO] Connecting to network printer: 192.168.123.102:9100
[2026-01-05T06:21:00.217Z] [INFO] Connecting to network printer: 192.168.123.102:9100
[2026-01-05T06:21:00.305Z] [INFO] ✓ Job 215 printed successfully
[2026-01-05T06:21:00.306Z] [INFO] Processing job 216 (receipt) for Customer Receipt
[2026-01-05T06:21:00.392Z] [WARN] Failed to update job 214 status
{
  "success": false,
  "error": "Job not found or already updated"
}
[2026-01-05T06:21:00.396Z] [INFO] Connecting to network printer: 192.168.123.102:9100
[2026-01-05T06:21:00.506Z] [INFO] ✓ Job 209 printed successfully
[2026-01-05T06:21:00.507Z] [INFO] Processing job 210 (kot) for Kitchen Printer
[2026-01-05T06:21:00.518Z] [INFO] ✓ Job 214 printed successfully
[2026-01-05T06:21:00.519Z] [INFO] Processing job 215 (receipt) for Customer Receipt
[2026-01-05T06:21:00.524Z] [INFO] ✓ Job 212 printed successfully
[2026-01-05T06:21:00.525Z] [INFO] Processing job 213 (receipt) for Customer Receipt
[2026-01-05T06:21:00.696Z] [WARN] Failed to update job 214 status
{
  "success": false,
  "error": "Job not found or already updated"
}
[2026-01-05T06:21:00.699Z] [INFO] ✓ Job 214 printed successfully
[2026-01-05T06:21:00.700Z] [INFO] Processing job 215 (receipt) for Customer Receipt
[2026-01-05T06:21:00.799Z] [INFO] Connecting to network printer: 192.168.123.101:9100
[2026-01-05T06:21:00.804Z] [INFO] Connecting to network printer: 192.168.123.102:9100
[2026-01-05T06:21:00.810Z] [INFO] Found 6 pending job(s)
[2026-01-05T06:21:00.811Z] [INFO] Found 6 pending job(s)
[2026-01-05T06:21:00.813Z] [INFO] Processing job 216 (receipt) for Customer Receipt
[2026-01-05T06:21:01.043Z] [WARN] Failed to update job 215 status
{
  "success": false,
  "error": "Job not found or already updated"
}
[2026-01-05T06:21:01.047Z] [INFO] Connecting to network printer: 192.168.123.102:9100
[2026-01-05T06:21:01.114Z] [INFO] ✓ Job 210 printed successfully
[2026-01-05T06:21:01.115Z] [INFO] Processing job 211 (receipt) for Customer Receipt
[2026-01-05T06:21:01.119Z] [INFO] Connecting to network printer: 192.168.123.102:9100
[2026-01-05T06:21:01.121Z] [INFO] ✓ Job 215 printed successfully
[2026-01-05T06:21:01.122Z] [INFO] Processing job 216 (receipt) for Customer Receipt
[2026-01-05T06:21:01.188Z] [WARN] Failed to update job 216 status
{
  "success": false,
  "error": "Job not found or already updated"
}
[2026-01-05T06:21:01.192Z] [INFO] Connecting to network printer: 192.168.123.102:9100
[2026-01-05T06:21:01.349Z] [WARN] Failed to update job 215 status
{
  "success": false,
  "error": "Job not found or already updated"
}
[2026-01-05T06:21:01.353Z] [INFO] ✓ Job 215 printed successfully
[2026-01-05T06:21:01.354Z] [INFO] Processing job 216 (receipt) for Customer Receipt
[2026-01-05T06:21:01.396Z] [INFO] Connecting to network printer: 192.168.123.102:9100
[2026-01-05T06:21:01.399Z] [INFO] Connecting to network printer: 192.168.123.102:9100
[2026-01-05T06:21:01.403Z] [INFO] ✓ Job 216 printed successfully
[2026-01-05T06:21:01.404Z] [INFO] Processing job 217 (receipt) for Customer Receipt
[2026-01-05T06:21:01.414Z] [INFO] Connecting to network printer: 192.168.123.102:9100
[2026-01-05T06:21:01.482Z] [INFO] ✓ Job 216 printed successfully
[2026-01-05T06:21:01.483Z] [INFO] Processing job 217 (receipt) for Customer Receipt
[2026-01-05T06:21:01.648Z] [INFO] Connecting to network printer: 192.168.123.102:9100
[2026-01-05T06:21:01.683Z] [INFO] Connecting to network printer: 192.168.123.102:9100
[2026-01-05T06:21:01.693Z] [INFO] ✓ Job 211 printed successfully
[2026-01-05T06:21:01.694Z] [INFO] Processing job 212 (receipt) for Customer Receipt
[2026-01-05T06:21:01.700Z] [INFO] ✓ Job 213 printed successfully
[2026-01-05T06:21:01.701Z] [INFO] Processing job 214 (receipt) for Customer Receipt
[2026-01-05T06:21:01.708Z] [INFO] ✓ Job 216 printed successfully
[2026-01-05T06:21:01.709Z] [INFO] Processing job 217 (receipt) for Customer Receipt
[2026-01-05T06:21:01.777Z] [WARN] Failed to update job 217 status
{
  "success": false,
  "error": "Job not found or already updated"
}
[2026-01-05T06:21:01.781Z] [INFO] Connecting to network printer: 192.168.123.102:9100
[2026-01-05T06:21:01.940Z] [WARN] Failed to update job 216 status
{
  "success": false,
  "error": "Job not found or already updated"
}
[2026-01-05T06:21:01.943Z] [INFO] ✓ Job 216 printed successfully
[2026-01-05T06:21:01.944Z] [INFO] Processing job 217 (receipt) for Customer Receipt
[2026-01-05T06:21:01.969Z] [INFO] ✓ Job 217 printed successfully
[2026-01-05T06:21:01.970Z] [INFO] Processing job 218 (receipt) for Customer Receipt
[2026-01-05T06:21:01.982Z] [INFO] Connecting to network printer: 192.168.123.102:9100
[2026-01-05T06:21:01.989Z] [INFO] Connecting to network printer: 192.168.123.102:9100
[2026-01-05T06:21:02.007Z] [INFO] Connecting to network printer: 192.168.123.102:9100
[2026-01-05T06:21:02.077Z] [INFO] ✓ Job 217 printed successfully
[2026-01-05T06:21:02.079Z] [INFO] Processing job 218 (receipt) for Customer Receipt
[2026-01-05T06:21:02.237Z] [INFO] Connecting to network printer: 192.168.123.102:9100
[2026-01-05T06:21:02.260Z] [INFO] Connecting to network printer: 192.168.123.102:9100
[2026-01-05T06:21:02.264Z] [INFO] ✓ Job 214 printed successfully
[2026-01-05T06:21:02.265Z] [INFO] Processing job 215 (receipt) for Customer Receipt
[2026-01-05T06:21:02.275Z] [INFO] ✓ Job 212 printed successfully
[2026-01-05T06:21:02.276Z] [INFO] Processing job 213 (receipt) for Customer Receipt
[2026-01-05T06:21:02.324Z] [INFO] ✓ Job 217 printed successfully
[2026-01-05T06:21:02.325Z] [INFO] Processing job 218 (receipt) for Customer Receipt
[2026-01-05T06:21:02.370Z] [WARN] Failed to update job 218 status
{
  "success": false,
  "error": "Job not found or already updated"
}
[2026-01-05T06:21:02.374Z] [INFO] Connecting to network printer: 192.168.123.102:9100
[2026-01-05T06:21:02.535Z] [WARN] Failed to update job 217 status
{
  "success": false,
  "error": "Job not found or already updated"
}
[2026-01-05T06:21:02.539Z] [INFO] ✓ Job 217 printed successfully
[2026-01-05T06:21:02.539Z] [INFO] Processing job 218 (receipt) for Customer Receipt
[2026-01-05T06:21:02.546Z] [INFO] ✓ Job 218 printed successfully
[2026-01-05T06:21:02.547Z] [INFO] Processing job 219 (receipt) for Customer Receipt
[2026-01-05T06:21:02.553Z] [INFO] Connecting to network printer: 192.168.123.102:9100
[2026-01-05T06:21:02.566Z] [INFO] Connecting to network printer: 192.168.123.102:9100
[2026-01-05T06:21:02.608Z] [INFO] Connecting to network printer: 192.168.123.102:9100
[2026-01-05T06:21:02.676Z] [INFO] ✓ Job 218 printed successfully
[2026-01-05T06:21:02.677Z] [INFO] Processing job 219 (receipt) for Customer Receipt
[2026-01-05T06:21:02.820Z] [INFO] Found 3 pending job(s)
[2026-01-05T06:21:02.821Z] [INFO] Found 3 pending job(s)
[2026-01-05T06:21:02.824Z] [INFO] Processing job 219 (receipt) for Customer Receipt
[2026-01-05T06:21:02.837Z] [INFO] ✓ Job 215 printed successfully
[2026-01-05T06:21:02.838Z] [INFO] Processing job 216 (receipt) for Customer Receipt
[2026-01-05T06:21:02.840Z] [INFO] Connecting to network printer: 192.168.123.102:9100
[2026-01-05T06:21:02.856Z] [INFO] ✓ Job 213 printed successfully
[2026-01-05T06:21:02.857Z] [INFO] Processing job 214 (receipt) for Customer Receipt
[2026-01-05T06:21:02.892Z] [WARN] Failed to update job 218 status
{
  "success": false,
  "error": "Job not found or already updated"
}
[2026-01-05T06:21:02.895Z] [INFO] ✓ Job 218 printed successfully
[2026-01-05T06:21:02.896Z] [INFO] Processing job 219 (receipt) for Customer Receipt
[2026-01-05T06:21:02.966Z] [WARN] Failed to update job 219 status
{
  "success": false,
  "error": "Job not found or already updated"
}
[2026-01-05T06:21:02.970Z] [INFO] Connecting to network printer: 192.168.123.102:9100
[2026-01-05T06:21:03.120Z] [WARN] Failed to update job 219 status
{
  "success": false,
  "error": "Job not found or already updated"
}
[2026-01-05T06:21:03.123Z] [INFO] Connecting to network printer: 192.168.123.102:9100
[2026-01-05T06:21:03.133Z] [INFO] Connecting to network printer: 192.168.123.102:9100
[2026-01-05T06:21:03.137Z] [INFO] ✓ Job 219 printed successfully
[2026-01-05T06:21:03.138Z] [INFO] Processing job 220 (receipt) for Customer Receipt
[2026-01-05T06:21:03.140Z] [INFO] Connecting to network printer: 192.168.123.102:9100
[2026-01-05T06:21:03.180Z] [INFO] Connecting to network printer: 192.168.123.102:9100
[2026-01-05T06:21:03.256Z] [INFO] ✓ Job 219 printed successfully
[2026-01-05T06:21:03.257Z] [INFO] Processing job 220 (receipt) for Customer Receipt
[2026-01-05T06:21:03.375Z] [INFO] Connecting to network printer: 192.168.123.102:9100
[2026-01-05T06:21:03.425Z] [INFO] ✓ Job 214 printed successfully
[2026-01-05T06:21:03.426Z] [INFO] Processing job 215 (receipt) for Customer Receipt
[2026-01-05T06:21:03.431Z] [WARN] Failed to update job 219 status
{
  "success": false,
  "error": "Job not found or already updated"
}
[2026-01-05T06:21:03.432Z] [INFO] ✓ Job 219 printed successfully
[2026-01-05T06:21:03.433Z] [INFO] Processing job 220 (receipt) for Customer Receipt
[2026-01-05T06:21:03.435Z] [INFO] Connecting to network printer: 192.168.123.102:9100
[2026-01-05T06:21:03.437Z] [INFO] ✓ Job 216 printed successfully
[2026-01-05T06:21:03.438Z] [INFO] Processing job 217 (receipt) for Customer Receipt
[2026-01-05T06:21:03.468Z] [WARN] Failed to update job 219 status
{
  "success": false,
  "error": "Job not found or already updated"
}
[2026-01-05T06:21:03.472Z] [INFO] ✓ Job 219 printed successfully
[2026-01-05T06:21:03.472Z] [INFO] Processing job 220 (receipt) for Customer Receipt
[2026-01-05T06:21:03.550Z] [WARN] Failed to update job 220 status
{
  "success": false,
  "error": "Job not found or already updated"
}
[2026-01-05T06:21:03.554Z] [INFO] Connecting to network printer: 192.168.123.102:9100
[2026-01-05T06:21:03.659Z] [INFO] ✓ Job 218 printed successfully
[2026-01-05T06:21:03.661Z] [INFO] Processing job 219 (receipt) for Customer Receipt
[2026-01-05T06:21:03.709Z] [INFO] Connecting to network printer: 192.168.123.102:9100
[2026-01-05T06:21:03.714Z] [WARN] Failed to update job 220 status
{
  "success": false,
  "error": "Job not found or already updated"
}
[2026-01-05T06:21:03.716Z] [INFO] Connecting to network printer: 192.168.123.102:9100
[2026-01-05T06:21:03.743Z] [INFO] ✓ Job 220 printed successfully
[2026-01-05T06:21:03.744Z] [INFO] Processing job 221 (receipt) for Customer Receipt
[2026-01-05T06:21:03.769Z] [INFO] Connecting to network printer: 192.168.123.102:9100
[2026-01-05T06:21:03.840Z] [INFO] ✓ Job 220 printed successfully
[2026-01-05T06:21:03.841Z] [INFO] Processing job 221 (receipt) for Customer Receipt
[2026-01-05T06:21:03.952Z] [INFO] Connecting to network printer: 192.168.123.102:9100
[2026-01-05T06:21:03.999Z] [INFO] ✓ Job 215 printed successfully
[2026-01-05T06:21:04.000Z] [INFO] Processing job 216 (receipt) for Customer Receipt
[2026-01-05T06:21:04.006Z] [WARN] Failed to update job 220 status
{
  "success": false,
  "error": "Job not found or already updated"
}
[2026-01-05T06:21:04.008Z] [INFO] ✓ Job 220 printed successfully
[2026-01-05T06:21:04.008Z] [INFO] Processing job 221 (receipt) for Customer Receipt
[2026-01-05T06:21:04.037Z] [INFO] Connecting to network printer: 192.168.123.102:9100
[2026-01-05T06:21:04.069Z] [INFO] ✓ Job 220 printed successfully
[2026-01-05T06:21:04.070Z] [INFO] Processing job 221 (receipt) for Customer Receipt
[2026-01-05T06:21:04.138Z] [WARN] Failed to update job 221 status
{
  "success": false,
  "error": "Job not found or already updated"
}
[2026-01-05T06:21:04.142Z] [INFO] Connecting to network printer: 192.168.123.102:9100
[2026-01-05T06:21:04.240Z] [INFO] ✓ Job 219 printed successfully
[2026-01-05T06:21:04.241Z] [INFO] Processing job 220 (receipt) for Customer Receipt
[2026-01-05T06:21:04.290Z] [WARN] Failed to update job 221 status
{
  "success": false,
  "error": "Job not found or already updated"
}
[2026-01-05T06:21:04.293Z] [INFO] Connecting to network printer: 192.168.123.102:9100
[2026-01-05T06:21:04.296Z] [INFO] Connecting to network printer: 192.168.123.102:9100
[2026-01-05T06:21:04.309Z] [INFO] Connecting to network printer: 192.168.123.102:9100
[2026-01-05T06:21:04.321Z] [INFO] ✓ Job 221 printed successfully
[2026-01-05T06:21:04.363Z] [INFO] Connecting to network printer: 192.168.123.102:9100
[2026-01-05T06:21:04.436Z] [INFO] ✓ Job 221 printed successfully
[2026-01-05T06:21:04.543Z] [INFO] Connecting to network printer: 192.168.123.102:9100
[2026-01-05T06:21:04.577Z] [WARN] Failed to update job 221 status
{
  "success": false,
  "error": "Job not found or already updated"
}
[2026-01-05T06:21:04.580Z] [INFO] ✓ Job 221 printed successfully
[2026-01-05T06:21:04.594Z] [INFO] ✓ Job 216 printed successfully
[2026-01-05T06:21:04.596Z] [INFO] Processing job 217 (receipt) for Customer Receipt
[2026-01-05T06:21:04.608Z] [INFO] ✓ Job 217 printed successfully
[2026-01-05T06:21:04.609Z] [INFO] Processing job 218 (receipt) for Customer Receipt
[2026-01-05T06:21:04.646Z] [WARN] Failed to update job 221 status
{
  "success": false,
  "error": "Job not found or already updated"
}
[2026-01-05T06:21:04.649Z] [INFO] ✓ Job 221 printed successfully
[2026-01-05T06:21:04.845Z] [INFO] ✓ Job 220 printed successfully
[2026-01-05T06:21:04.846Z] [INFO] Processing job 221 (receipt) for Customer Receipt
[2026-01-05T06:21:04.882Z] [INFO] Connecting to network printer: 192.168.123.102:9100
[2026-01-05T06:21:04.892Z] [INFO] Connecting to network printer: 192.168.123.102:9100
[2026-01-05T06:21:05.139Z] [INFO] Connecting to network printer: 192.168.123.102:9100
[2026-01-05T06:21:05.181Z] [INFO] ✓ Job 218 printed successfully
[2026-01-05T06:21:05.182Z] [INFO] Processing job 219 (receipt) for Customer Receipt
[2026-01-05T06:21:05.186Z] [INFO] ✓ Job 217 printed successfully
[2026-01-05T06:21:05.187Z] [INFO] Processing job 218 (receipt) for Customer Receipt
[2026-01-05T06:21:05.456Z] [INFO] ✓ Job 221 printed successfully
[2026-01-05T06:21:05.466Z] [INFO] Connecting to network printer: 192.168.123.102:9100
[2026-01-05T06:21:05.468Z] [INFO] Connecting to network printer: 192.168.123.102:9100
[2026-01-05T06:21:05.762Z] [INFO] ✓ Job 219 printed successfully
[2026-01-05T06:21:05.763Z] [INFO] Processing job 220 (receipt) for Customer Receipt
[2026-01-05T06:21:05.769Z] [INFO] ✓ Job 218 printed successfully
[2026-01-05T06:21:05.770Z] [INFO] Processing job 219 (receipt) for Customer Receipt
[2026-01-05T06:21:06.045Z] [INFO] Connecting to network printer: 192.168.123.102:9100
[2026-01-05T06:21:06.060Z] [INFO] Connecting to network printer: 192.168.123.102:9100
[2026-01-05T06:21:06.351Z] [INFO] ✓ Job 220 printed successfully
[2026-01-05T06:21:06.352Z] [INFO] Processing job 221 (receipt) for Customer Receipt
[2026-01-05T06:21:06.363Z] [INFO] ✓ Job 219 printed successfully
[2026-01-05T06:21:06.364Z] [INFO] Processing job 220 (receipt) for Customer Receipt
[2026-01-05T06:21:06.634Z] [INFO] Connecting to network printer: 192.168.123.102:9100
[2026-01-05T06:21:06.660Z] [INFO] Connecting to network printer: 192.168.123.102:9100
[2026-01-05T06:21:06.919Z] [INFO] ✓ Job 221 printed successfully
[2026-01-05T06:21:06.960Z] [INFO] ✓ Job 220 printed successfully
[2026-01-05T06:21:06.961Z] [INFO] Processing job 221 (receipt) for Customer Receipt
[2026-01-05T06:21:07.253Z] [INFO] Connecting to network printer: 192.168.123.102:9100
[2026-01-05T06:21:07.547Z] [INFO] ✓ Job 221 printed successfully
[2026-01-05T06:23:55.494Z] [INFO] Found 1 pending job(s)
[2026-01-05T06:23:55.495Z] [INFO] Found 1 pending job(s)
[2026-01-05T06:23:55.497Z] [INFO] Processing job 222 (receipt) for Customer Receipt
[2026-01-05T06:23:56.363Z] [INFO] Connecting to network printer: 192.168.123.102:9100
[2026-01-05T06:24:02.220Z] [INFO] ✓ Job 222 printed successfully
[2026-01-05T06:26:42.146Z] [INFO] Found 1 pending job(s)
[2026-01-05T06:26:42.147Z] [INFO] Found 1 pending job(s)
[2026-01-05T06:26:42.151Z] [INFO] Processing job 223 (receipt) for Customer Receipt
[2026-01-05T06:26:43.008Z] [INFO] Connecting to network printer: 192.168.123.102:9100
[2026-01-05T06:26:43.303Z] [INFO] ✓ Job 223 printed successfully
[2026-01-05T06:28:40.664Z] [INFO] Found 1 pending job(s)
[2026-01-05T06:28:40.665Z] [INFO] Found 1 pending job(s)
[2026-01-05T06:28:40.670Z] [INFO] Processing job 224 (receipt) for Customer Receipt
[2026-01-05T06:28:41.527Z] [INFO] Connecting to network printer: 192.168.123.102:9100
[2026-01-05T06:28:41.825Z] [INFO] ✓ Job 224 printed successfully
[2026-01-05T09:39:02.928Z] [INFO] Found 2 pending job(s)
[2026-01-05T09:39:02.930Z] [INFO] Found 2 pending job(s)
[2026-01-05T09:39:02.932Z] [INFO] Processing job 225 (kot) for Kitchen Printer
[2026-01-05T09:39:03.790Z] [INFO] Connecting to network printer: 192.168.123.101:9100
[2026-01-05T09:39:04.943Z] [INFO] Found 1 pending job(s)
[2026-01-05T09:39:04.944Z] [INFO] Found 1 pending job(s)
[2026-01-05T09:39:04.947Z] [INFO] Processing job 226 (bar_ticket) for Bar Printer
[2026-01-05T09:39:05.239Z] [INFO] Connecting to network printer: 192.168.123.102:9100
[2026-01-05T09:39:08.645Z] [INFO] ✓ Job 225 printed successfully
[2026-01-05T09:39:08.646Z] [INFO] Processing job 226 (bar_ticket) for Bar Printer
[2026-01-05T09:39:09.523Z] [WARN] Failed to update job 226 status
{
  "success": false,
  "error": "Job not found or already updated"
}
[2026-01-05T09:39:09.528Z] [INFO] Connecting to network printer: 192.168.123.102:9100
[2026-01-05T09:39:10.155Z] [INFO] ✓ Job 226 printed successfully
[2026-01-05T09:39:12.552Z] [INFO] ✓ Job 226 printed successfully
[2026-01-05T10:07:41.106Z] [INFO] Found 1 pending job(s)
[2026-01-05T10:07:41.107Z] [INFO] Found 1 pending job(s)
[2026-01-05T10:07:41.109Z] [INFO] Processing job 227 (kot) for Kitchen Printer
[2026-01-05T10:07:41.977Z] [INFO] Connecting to network printer: 192.168.123.101:9100
[2026-01-05T10:07:47.713Z] [INFO] ✓ Job 227 printed successfully
[2026-01-05T10:22:51.685Z] [INFO] Found 1 pending job(s)
[2026-01-05T10:22:51.688Z] [INFO] Found 1 pending job(s)
[2026-01-05T10:22:51.691Z] [INFO] Processing job 228 (receipt) for Customer Receipt
[2026-01-05T10:22:52.593Z] [INFO] Connecting to network printer: 192.168.123.102:9100
[2026-01-05T10:22:57.634Z] [INFO] ✓ Job 228 printed successfully
[2026-01-05T10:27:27.042Z] [INFO] Found 1 pending job(s)
[2026-01-05T10:27:27.043Z] [INFO] Found 1 pending job(s)
[2026-01-05T10:27:27.046Z] [INFO] Processing job 229 (receipt) for Customer Receipt
[2026-01-05T10:27:27.920Z] [INFO] Connecting to network printer: 192.168.123.102:9100
[2026-01-05T10:27:28.228Z] [INFO] ✓ Job 229 printed successfully
[2026-01-05T11:04:32.279Z] [ERROR] Failed to fetch pending jobs
{
  "error": "fetch failed"
}
[2026-01-05T11:24:22.331Z] [ERROR] Failed to fetch pending jobs
{
  "error": "fetch failed"
}
[2026-01-05T12:15:02.135Z] [INFO] Found 1 pending job(s)
[2026-01-05T12:15:02.138Z] [INFO] Found 1 pending job(s)
[2026-01-05T12:15:02.140Z] [INFO] Processing job 230 (kot) for Kitchen Printer
[2026-01-05T12:15:03.024Z] [INFO] Connecting to network printer: 192.168.123.101:9100
[2026-01-05T12:15:08.731Z] [INFO] ✓ Job 230 printed successfully
[2026-01-05T12:15:34.261Z] [INFO] Found 1 pending job(s)
[2026-01-05T12:15:34.263Z] [INFO] Found 1 pending job(s)
[2026-01-05T12:15:34.267Z] [INFO] Processing job 231 (bar_ticket) for Bar Printer
[2026-01-05T12:15:35.128Z] [INFO] Connecting to network printer: 192.168.123.102:9100
[2026-01-05T12:15:40.163Z] [INFO] ✓ Job 231 printed successfully
[2026-01-05T12:55:34.267Z] [INFO] Found 2 pending job(s)
[2026-01-05T12:55:34.268Z] [INFO] Found 2 pending job(s)
[2026-01-05T12:55:34.270Z] [INFO] Processing job 232 (kot) for Kitchen Printer
[2026-01-05T12:55:35.145Z] [INFO] Connecting to network printer: 192.168.123.101:9100
[2026-01-05T12:55:36.272Z] [INFO] Found 1 pending job(s)
[2026-01-05T12:55:36.272Z] [INFO] Found 1 pending job(s)
[2026-01-05T12:55:36.275Z] [INFO] Processing job 233 (bar_ticket) for Bar Printer
[2026-01-05T12:55:36.572Z] [INFO] Connecting to network printer: 192.168.123.102:9100
[2026-01-05T12:55:40.153Z] [INFO] ✓ Job 232 printed successfully
[2026-01-05T12:55:40.155Z] [INFO] Processing job 233 (bar_ticket) for Bar Printer
[2026-01-05T12:55:41.022Z] [WARN] Failed to update job 233 status
{
  "success": false,
  "error": "Job not found or already updated"
}
[2026-01-05T12:55:41.026Z] [INFO] Connecting to network printer: 192.168.123.102:9100
[2026-01-05T12:55:41.645Z] [INFO] ✓ Job 233 printed successfully
[2026-01-05T12:55:43.892Z] [INFO] ✓ Job 233 printed successfully
[2026-01-05T12:57:36.848Z] [INFO] Found 1 pending job(s)
[2026-01-05T12:57:36.849Z] [INFO] Found 1 pending job(s)
[2026-01-05T12:57:36.853Z] [INFO] Processing job 234 (kot) for Kitchen Printer
[2026-01-05T12:57:37.706Z] [INFO] Connecting to network printer: 192.168.123.101:9100
[2026-01-05T12:57:38.003Z] [INFO] ✓ Job 234 printed successfully
[2026-01-05T13:14:03.676Z] [INFO] Found 1 pending job(s)
[2026-01-05T13:14:03.679Z] [INFO] Found 1 pending job(s)
[2026-01-05T13:14:03.681Z] [INFO] Processing job 235 (receipt) for Customer Receipt
[2026-01-05T13:14:04.585Z] [INFO] Connecting to network printer: 192.168.123.102:9100
[2026-01-05T13:14:04.887Z] [INFO] ✓ Job 235 printed successfully
[2026-01-05T13:16:34.282Z] [INFO] Found 1 pending job(s)
[2026-01-05T13:16:34.283Z] [INFO] Found 1 pending job(s)
[2026-01-05T13:16:34.287Z] [INFO] Processing job 236 (receipt) for Customer Receipt
[2026-01-05T13:16:35.152Z] [INFO] Connecting to network printer: 192.168.123.102:9100
[2026-01-05T13:16:40.151Z] [INFO] ✓ Job 236 printed successfully
[2026-01-05T13:37:01.631Z] [INFO] Found 1 pending job(s)
[2026-01-05T13:37:01.633Z] [INFO] Found 1 pending job(s)
[2026-01-05T13:37:01.635Z] [INFO] Processing job 237 (receipt) for Customer Receipt
[2026-01-05T13:37:02.499Z] [INFO] Connecting to network printer: 192.168.123.102:9100
[2026-01-05T13:37:07.643Z] [INFO] ✓ Job 237 printed successfully
[2026-01-05T13:39:30.380Z] [INFO] Found 1 pending job(s)
[2026-01-05T13:39:30.381Z] [INFO] Found 1 pending job(s)
[2026-01-05T13:39:30.385Z] [INFO] Processing job 238 (receipt) for Customer Receipt
[2026-01-05T13:39:31.250Z] [INFO] Connecting to network printer: 192.168.123.102:9100
[2026-01-05T13:39:31.548Z] [INFO] ✓ Job 238 printed successfully
[2026-01-05T13:49:33.387Z] [INFO] Found 1 pending job(s)
[2026-01-05T13:49:33.389Z] [INFO] Found 1 pending job(s)
[2026-01-05T13:49:33.390Z] [INFO] Processing job 239 (receipt) for Customer Receipt
[2026-01-05T13:49:34.257Z] [INFO] Connecting to network printer: 192.168.123.102:9100
[2026-01-05T13:49:34.558Z] [INFO] ✓ Job 239 printed successfully
[2026-01-05T14:07:38.833Z] [INFO] Found 2 pending job(s)
[2026-01-05T14:07:38.835Z] [INFO] Found 2 pending job(s)
[2026-01-05T14:07:38.837Z] [INFO] Processing job 240 (kot) for Kitchen Printer
[2026-01-05T14:07:39.755Z] [INFO] Connecting to network printer: 192.168.123.101:9100
[2026-01-05T14:07:40.880Z] [INFO] Found 1 pending job(s)
[2026-01-05T14:07:40.881Z] [INFO] Found 1 pending job(s)
[2026-01-05T14:07:40.884Z] [INFO] Processing job 241 (bar_ticket) for Bar Printer
[2026-01-05T14:07:41.174Z] [INFO] Connecting to network printer: 192.168.123.102:9100
[2026-01-05T14:07:44.641Z] [INFO] ✓ Job 240 printed successfully
[2026-01-05T14:07:44.642Z] [INFO] Processing job 241 (bar_ticket) for Bar Printer
[2026-01-05T14:07:45.499Z] [WARN] Failed to update job 241 status
{
  "success": false,
  "error": "Job not found or already updated"
}
[2026-01-05T14:07:45.504Z] [INFO] Connecting to network printer: 192.168.123.102:9100
[2026-01-05T14:07:46.151Z] [INFO] ✓ Job 241 printed successfully
[2026-01-05T14:07:48.491Z] [INFO] ✓ Job 241 printed successfully
[2026-01-05T14:53:38.651Z] [INFO] Found 1 pending job(s)
[2026-01-05T14:53:38.652Z] [INFO] Found 1 pending job(s)
[2026-01-05T14:53:38.654Z] [INFO] Processing job 242 (kot) for Kitchen Printer
[2026-01-05T14:53:39.517Z] [INFO] Connecting to network printer: 192.168.123.101:9100
[2026-01-05T14:53:44.646Z] [INFO] ✓ Job 242 printed successfully
[2026-01-05T14:56:21.543Z] [INFO] Found 1 pending job(s)
[2026-01-05T14:56:21.567Z] [INFO] Found 1 pending job(s)
[2026-01-05T14:56:21.569Z] [INFO] Processing job 243 (receipt) for Customer Receipt
[2026-01-05T14:56:22.432Z] [INFO] Connecting to network printer: 192.168.123.102:9100
[2026-01-05T14:56:28.227Z] [INFO] ✓ Job 243 printed successfully
[2026-01-05T14:59:24.846Z] [INFO] Found 1 pending job(s)
[2026-01-05T14:59:24.847Z] [INFO] Found 1 pending job(s)
[2026-01-05T14:59:24.849Z] [INFO] Processing job 244 (kot) for Kitchen Printer
[2026-01-05T14:59:25.711Z] [INFO] Connecting to network printer: 192.168.123.101:9100
[2026-01-05T14:59:26.011Z] [INFO] ✓ Job 244 printed successfully
[2026-01-05T14:59:54.564Z] [INFO] Found 1 pending job(s)
[2026-01-05T14:59:54.565Z] [INFO] Found 1 pending job(s)
[2026-01-05T14:59:54.569Z] [INFO] Processing job 245 (receipt) for Customer Receipt
[2026-01-05T14:59:55.432Z] [INFO] Connecting to network printer: 192.168.123.102:9100
[2026-01-05T14:59:55.840Z] [INFO] ✓ Job 245 printed successfully
[2026-01-05T15:02:03.255Z] [INFO] Found 1 pending job(s)
[2026-01-05T15:02:03.256Z] [INFO] Found 1 pending job(s)
[2026-01-05T15:02:03.260Z] [INFO] Processing job 246 (receipt) for Customer Receipt
[2026-01-05T15:02:03.547Z] [INFO] Connecting to network printer: 192.168.123.102:9100
[2026-01-05T15:02:03.842Z] [INFO] ✓ Job 246 printed successfully
[2026-01-05T15:05:12.238Z] [INFO] Found 1 pending job(s)
[2026-01-05T15:05:12.240Z] [INFO] Found 1 pending job(s)
[2026-01-05T15:05:12.243Z] [INFO] Processing job 247 (kot) for Kitchen Printer
[2026-01-05T15:05:13.113Z] [INFO] Connecting to network printer: 192.168.123.101:9100
[2026-01-05T15:05:13.404Z] [INFO] ✓ Job 247 printed successfully
[2026-01-05T15:11:38.128Z] [INFO] Found 1 pending job(s)
[2026-01-05T15:11:38.129Z] [INFO] Found 1 pending job(s)
[2026-01-05T15:11:38.132Z] [INFO] Processing job 248 (receipt) for Customer Receipt
[2026-01-05T15:11:38.990Z] [INFO] Connecting to network printer: 192.168.123.102:9100
[2026-01-05T15:11:39.288Z] [INFO] ✓ Job 248 printed successfully
[2026-01-05T15:14:16.782Z] [INFO] Found 1 pending job(s)
[2026-01-05T15:14:16.783Z] [INFO] Found 1 pending job(s)
[2026-01-05T15:14:16.785Z] [INFO] Processing job 249 (receipt) for Customer Receipt
[2026-01-05T15:14:18.450Z] [INFO] Connecting to network printer: 192.168.123.102:9100
[2026-01-05T15:14:18.747Z] [INFO] ✓ Job 249 printed successfully
[2026-01-05T15:24:27.302Z] [INFO] Found 1 pending job(s)
[2026-01-05T15:24:27.303Z] [INFO] Found 1 pending job(s)
[2026-01-05T15:24:27.307Z] [INFO] Processing job 250 (kot) for Kitchen Printer
[2026-01-05T15:24:28.170Z] [INFO] Connecting to network printer: 192.168.123.101:9100
[2026-01-05T15:24:33.154Z] [INFO] ✓ Job 250 printed successfully
[2026-01-05T15:36:56.497Z] [INFO] Found 1 pending job(s)
[2026-01-05T15:36:56.499Z] [INFO] Found 1 pending job(s)
[2026-01-05T15:36:56.502Z] [INFO] Processing job 251 (kot) for Kitchen Printer
[2026-01-05T15:36:57.379Z] [INFO] Connecting to network printer: 192.168.123.101:9100
[2026-01-05T15:36:57.678Z] [INFO] ✓ Job 251 printed successfully
[2026-01-05T15:41:19.596Z] [ERROR] Failed to fetch pending jobs
{
  "error": "fetch failed"
}
[2026-01-05T15:42:59.971Z] [INFO] Found 1 pending job(s)
[2026-01-05T15:42:59.972Z] [INFO] Found 1 pending job(s)
[2026-01-05T15:42:59.975Z] [INFO] Processing job 252 (kot) for Kitchen Printer
[2026-01-05T15:43:00.831Z] [INFO] Connecting to network printer: 192.168.123.101:9100
[2026-01-05T15:43:01.143Z] [INFO] ✓ Job 252 printed successfully
[2026-01-05T16:00:00.223Z] [INFO] Found 1 pending job(s)
[2026-01-05T16:00:00.224Z] [INFO] Found 1 pending job(s)
[2026-01-05T16:00:00.235Z] [INFO] Processing job 253 (receipt) for Customer Receipt
[2026-01-05T16:00:01.105Z] [INFO] Connecting to network printer: 192.168.123.102:9100
[2026-01-05T16:00:06.152Z] [INFO] ✓ Job 253 printed successfully
[2026-01-05T16:01:56.628Z] [INFO] Found 1 pending job(s)
[2026-01-05T16:01:56.630Z] [INFO] Found 1 pending job(s)
[2026-01-05T16:01:56.632Z] [INFO] Processing job 254 (receipt) for Customer Receipt
[2026-01-05T16:01:57.521Z] [INFO] Connecting to network printer: 192.168.123.102:9100
[2026-01-05T16:01:57.832Z] [INFO] ✓ Job 254 printed successfully
[2026-01-05T16:03:04.898Z] [INFO] Found 1 pending job(s)
[2026-01-05T16:03:04.900Z] [INFO] Found 1 pending job(s)
[2026-01-05T16:03:04.904Z] [INFO] Processing job 255 (receipt) for Customer Receipt
[2026-01-05T16:03:05.780Z] [INFO] Connecting to network printer: 192.168.123.102:9100
[2026-01-05T16:03:06.074Z] [INFO] ✓ Job 255 printed successfully
[2026-01-05T16:05:29.527Z] [INFO] Found 1 pending job(s)
[2026-01-05T16:05:29.529Z] [INFO] Found 1 pending job(s)
[2026-01-05T16:05:29.533Z] [INFO] Processing job 256 (receipt) for Customer Receipt
[2026-01-05T16:05:30.392Z] [INFO] Connecting to network printer: 192.168.123.102:9100
[2026-01-05T16:05:30.685Z] [INFO] ✓ Job 256 printed successfully
[2026-01-06T04:38:45.652Z] [INFO] Print server starting...
[2026-01-06T04:38:45.662Z] [INFO] API: https://kamikuralk.online/api
[2026-01-06T04:38:45.663Z] [INFO] Poll interval: 2000ms
[2026-01-06T04:38:45.664Z] [INFO] Retry interval: 30000ms
[2026-01-06T04:38:45.664Z] [INFO] ✓ Print server running. Press Ctrl+C to stop.
[2026-01-06T05:53:50.082Z] [INFO] Found 1 pending job(s)
[2026-01-06T05:53:50.083Z] [INFO] Found 1 pending job(s)
[2026-01-06T05:53:50.084Z] [INFO] Processing job 257 (kot) for Kitchen Printer
[2026-01-06T05:53:51.568Z] [INFO] Connecting to network printer: 192.168.123.101:9100
[2026-01-06T05:53:51.960Z] [INFO] ✓ Job 257 printed successfully
[2026-01-06T06:11:12.814Z] [ERROR] Failed to fetch pending jobs
{
  "error": "fetch failed"
}
[2026-01-06T06:16:56.315Z] [INFO] Found 1 pending job(s)
[2026-01-06T06:16:56.316Z] [INFO] Found 1 pending job(s)
[2026-01-06T06:16:56.317Z] [INFO] Processing job 258 (receipt) for Customer Receipt
[2026-01-06T06:16:57.173Z] [INFO] Connecting to network printer: 192.168.123.102:9100
[2026-01-06T06:16:57.470Z] [INFO] ✓ Job 258 printed successfully
[2026-01-06T06:18:20.591Z] [INFO] Found 1 pending job(s)
[2026-01-06T06:18:20.592Z] [INFO] Found 1 pending job(s)
[2026-01-06T06:18:20.593Z] [INFO] Processing job 259 (receipt) for Customer Receipt
[2026-01-06T06:18:21.487Z] [INFO] Connecting to network printer: 192.168.123.102:9100
[2026-01-06T06:18:21.787Z] [INFO] ✓ Job 259 printed successfully
[2026-01-06T06:26:38.877Z] [INFO] Found 1 pending job(s)
[2026-01-06T06:26:38.878Z] [INFO] Found 1 pending job(s)
[2026-01-06T06:26:38.880Z] [INFO] Processing job 260 (receipt) for Customer Receipt
[2026-01-06T06:26:39.737Z] [INFO] Connecting to network printer: 192.168.123.102:9100
[2026-01-06T06:26:40.038Z] [INFO] ✓ Job 260 printed successfully
[2026-01-06T08:54:43.483Z] [ERROR] Failed to fetch pending jobs
{
  "error": "fetch failed"
}
[2026-01-06T08:54:45.501Z] [ERROR] Failed to fetch pending jobs
{
  "error": "fetch failed"
}
[2026-01-06T08:54:47.521Z] [ERROR] Failed to fetch pending jobs
{
  "error": "fetch failed"
}
[2026-01-06T08:54:51.540Z] [ERROR] Failed to fetch pending jobs
{
  "error": "fetch failed"
}
[2026-01-06T08:54:53.557Z] [ERROR] Failed to fetch pending jobs
{
  "error": "fetch failed"
}
[2026-01-06T09:15:04.088Z] [INFO] Found 2 pending job(s)
[2026-01-06T09:15:04.089Z] [INFO] Found 2 pending job(s)
[2026-01-06T09:15:04.090Z] [INFO] Processing job 261 (kot) for Kitchen Printer
[2026-01-06T09:15:04.970Z] [INFO] Connecting to network printer: 192.168.123.101:9100
[2026-01-06T09:15:05.334Z] [INFO] ✓ Job 261 printed successfully
[2026-01-06T09:15:05.335Z] [INFO] Processing job 262 (bar_ticket) for Bar Printer
[2026-01-06T09:15:05.624Z] [INFO] Connecting to network printer: 192.168.123.102:9100
[2026-01-06T09:15:05.947Z] [INFO] ✓ Job 262 printed successfully
[2026-01-06T09:42:40.638Z] [INFO] Found 1 pending job(s)
[2026-01-06T09:42:40.639Z] [INFO] Found 1 pending job(s)
[2026-01-06T09:42:40.640Z] [INFO] Processing job 263 (kot) for Kitchen Printer
[2026-01-06T09:42:41.506Z] [INFO] Connecting to network printer: 192.168.123.101:9100
[2026-01-06T09:42:41.837Z] [INFO] ✓ Job 263 printed successfully
[2026-01-06T09:43:26.879Z] [INFO] Found 1 pending job(s)
[2026-01-06T09:43:26.880Z] [INFO] Found 1 pending job(s)
[2026-01-06T09:43:26.881Z] [INFO] Processing job 264 (kot) for Kitchen Printer
[2026-01-06T09:43:27.759Z] [INFO] Connecting to network printer: 192.168.123.101:9100
[2026-01-06T09:43:28.068Z] [INFO] ✓ Job 264 printed successfully
[2026-01-06T09:46:21.665Z] [INFO] Found 1 pending job(s)
[2026-01-06T09:46:21.666Z] [INFO] Found 1 pending job(s)
[2026-01-06T09:46:21.671Z] [INFO] Processing job 265 (bar_ticket) for Bar Printer
[2026-01-06T09:46:22.531Z] [INFO] Connecting to network printer: 192.168.123.102:9100
[2026-01-06T09:46:22.934Z] [INFO] ✓ Job 265 printed successfully
[2026-01-06T09:58:47.389Z] [INFO] Found 1 pending job(s)
[2026-01-06T09:58:47.391Z] [INFO] Found 1 pending job(s)
[2026-01-06T09:58:47.392Z] [INFO] Processing job 266 (receipt) for Customer Receipt
[2026-01-06T09:58:48.258Z] [INFO] Connecting to network printer: 192.168.123.102:9100
[2026-01-06T09:58:48.563Z] [INFO] ✓ Job 266 printed successfully
[2026-01-06T10:06:07.629Z] [INFO] Found 1 pending job(s)
[2026-01-06T10:06:07.630Z] [INFO] Found 1 pending job(s)
[2026-01-06T10:06:07.632Z] [INFO] Processing job 267 (receipt) for Customer Receipt
[2026-01-06T10:06:08.493Z] [INFO] Connecting to network printer: 192.168.123.102:9100
[2026-01-06T10:06:08.806Z] [INFO] ✓ Job 267 printed successfully
[2026-01-06T10:06:15.649Z] [INFO] Found 1 pending job(s)
[2026-01-06T10:06:15.651Z] [INFO] Found 1 pending job(s)
[2026-01-06T10:06:15.652Z] [INFO] Processing job 268 (receipt) for Customer Receipt
[2026-01-06T10:06:16.509Z] [INFO] Connecting to network printer: 192.168.123.102:9100
[2026-01-06T10:06:16.838Z] [INFO] ✓ Job 268 printed successfully
[2026-01-06T10:08:46.413Z] [INFO] Found 1 pending job(s)
[2026-01-06T10:08:46.414Z] [INFO] Found 1 pending job(s)
[2026-01-06T10:08:46.414Z] [INFO] Processing job 269 (receipt) for Customer Receipt
[2026-01-06T10:08:47.293Z] [INFO] Connecting to network printer: 192.168.123.102:9100
[2026-01-06T10:08:47.599Z] [INFO] ✓ Job 269 printed successfully
[2026-01-06T11:29:05.036Z] [INFO] Found 2 pending job(s)
[2026-01-06T11:29:05.038Z] [INFO] Found 2 pending job(s)
[2026-01-06T11:29:05.039Z] [INFO] Processing job 270 (kot) for Kitchen Printer
[2026-01-06T11:29:05.930Z] [INFO] Connecting to network printer: 192.168.123.101:9100
[2026-01-06T11:29:06.288Z] [INFO] ✓ Job 270 printed successfully
[2026-01-06T11:29:06.289Z] [INFO] Processing job 271 (bar_ticket) for Bar Printer
[2026-01-06T11:29:06.580Z] [INFO] Connecting to network printer: 192.168.123.102:9100
[2026-01-06T11:29:06.904Z] [INFO] ✓ Job 271 printed successfully
[2026-01-06T12:08:21.268Z] [INFO] Found 1 pending job(s)
[2026-01-06T12:08:21.269Z] [INFO] Found 1 pending job(s)
[2026-01-06T12:08:21.271Z] [INFO] Processing job 272 (receipt) for Customer Receipt
[2026-01-06T12:08:22.135Z] [INFO] Connecting to network printer: 192.168.123.102:9100
[2026-01-06T12:08:22.486Z] [INFO] ✓ Job 272 printed successfully
[2026-01-06T12:16:31.733Z] [INFO] Found 1 pending job(s)
[2026-01-06T12:16:31.734Z] [INFO] Found 1 pending job(s)
[2026-01-06T12:16:31.735Z] [INFO] Processing job 273 (receipt) for Customer Receipt
[2026-01-06T12:16:32.603Z] [INFO] Connecting to network printer: 192.168.123.102:9100
[2026-01-06T12:16:32.923Z] [INFO] ✓ Job 273 printed successfully
[2026-01-06T13:52:35.464Z] [INFO] Found 1 pending job(s)
[2026-01-06T13:52:35.465Z] [INFO] Found 1 pending job(s)
[2026-01-06T13:52:35.466Z] [INFO] Processing job 274 (kot) for Kitchen Printer
[2026-01-06T13:52:36.337Z] [INFO] Connecting to network printer: 192.168.123.101:9100
[2026-01-06T13:52:36.693Z] [INFO] ✓ Job 274 printed successfully
[2026-01-06T13:53:33.768Z] [INFO] Found 1 pending job(s)
[2026-01-06T13:53:33.769Z] [INFO] Found 1 pending job(s)
[2026-01-06T13:53:33.771Z] [INFO] Processing job 275 (receipt) for Customer Receipt
[2026-01-06T13:53:34.632Z] [INFO] Connecting to network printer: 192.168.123.102:9100
[2026-01-06T13:53:34.968Z] [INFO] ✓ Job 275 printed successfully
[2026-01-06T13:55:52.429Z] [INFO] Found 1 pending job(s)
[2026-01-06T13:55:52.430Z] [INFO] Found 1 pending job(s)
[2026-01-06T13:55:52.431Z] [INFO] Processing job 276 (receipt) for Customer Receipt
[2026-01-06T13:55:53.304Z] [INFO] Connecting to network printer: 192.168.123.102:9100
[2026-01-06T13:55:53.611Z] [INFO] ✓ Job 276 printed successfully
[2026-01-06T14:29:08.679Z] [INFO] Found 1 pending job(s)
[2026-01-06T14:29:08.680Z] [INFO] Found 1 pending job(s)
[2026-01-06T14:29:08.681Z] [INFO] Processing job 277 (kot) for Kitchen Printer
[2026-01-06T14:29:09.546Z] [INFO] Connecting to network printer: 192.168.123.101:9100
[2026-01-06T14:29:09.899Z] [INFO] ✓ Job 277 printed successfully
[2026-01-06T14:45:50.053Z] [ERROR] Failed to fetch pending jobs
{
  "error": "fetch failed"
}
[2026-01-06T15:59:22.354Z] [INFO] Found 2 pending job(s)
[2026-01-06T15:59:22.355Z] [INFO] Found 2 pending job(s)
[2026-01-06T15:59:22.356Z] [INFO] Processing job 278 (kot) for Kitchen Printer
[2026-01-06T15:59:23.220Z] [INFO] Connecting to network printer: 192.168.123.101:9100
[2026-01-06T15:59:23.584Z] [INFO] ✓ Job 278 printed successfully
[2026-01-06T15:59:23.585Z] [INFO] Processing job 279 (bar_ticket) for Bar Printer
[2026-01-06T15:59:23.873Z] [INFO] Connecting to network printer: 192.168.123.102:9100
[2026-01-06T15:59:24.195Z] [INFO] ✓ Job 279 printed successfully
[2026-01-06T16:35:45.339Z] [INFO] Found 1 pending job(s)
[2026-01-06T16:35:45.340Z] [INFO] Found 1 pending job(s)
[2026-01-06T16:35:45.341Z] [INFO] Processing job 280 (receipt) for Customer Receipt
[2026-01-06T16:35:46.211Z] [INFO] Connecting to network printer: 192.168.123.102:9100
[2026-01-06T16:35:46.511Z] [INFO] ✓ Job 280 printed successfully
[2026-01-06T16:38:14.073Z] [INFO] Found 1 pending job(s)
[2026-01-06T16:38:14.074Z] [INFO] Found 1 pending job(s)
[2026-01-06T16:38:14.075Z] [INFO] Processing job 281 (receipt) for Customer Receipt
[2026-01-06T16:38:14.935Z] [INFO] Connecting to network printer: 192.168.123.102:9100
[2026-01-06T16:38:15.250Z] [INFO] ✓ Job 281 printed successfully
[2026-01-06T16:42:17.262Z] [INFO] Found 1 pending job(s)
[2026-01-06T16:42:17.264Z] [INFO] Found 1 pending job(s)
[2026-01-06T16:42:17.265Z] [INFO] Processing job 282 (receipt) for Customer Receipt
[2026-01-06T16:42:18.133Z] [INFO] Connecting to network printer: 192.168.123.102:9100
[2026-01-06T16:42:18.425Z] [INFO] ✓ Job 282 printed successfully
[2026-01-06T16:43:25.596Z] [INFO] Found 1 pending job(s)
[2026-01-06T16:43:25.597Z] [INFO] Found 1 pending job(s)
[2026-01-06T16:43:25.598Z] [INFO] Processing job 283 (receipt) for Customer Receipt
[2026-01-06T16:43:26.467Z] [INFO] Connecting to network printer: 192.168.123.102:9100
[2026-01-06T16:43:26.767Z] [INFO] ✓ Job 283 printed successfully
[2026-01-06T16:43:45.687Z] [INFO] Found 1 pending job(s)
[2026-01-06T16:43:45.689Z] [INFO] Found 1 pending job(s)
[2026-01-06T16:43:45.691Z] [INFO] Processing job 284 (receipt) for Customer Receipt
[2026-01-06T16:43:46.551Z] [INFO] Connecting to network printer: 192.168.123.102:9100
[2026-01-06T16:43:46.854Z] [INFO] ✓ Job 284 printed successfully
[2026-01-07T04:27:30.096Z] [INFO] Print server starting...
[2026-01-07T04:27:30.113Z] [INFO] API: https://kamikuralk.online/api
[2026-01-07T04:27:30.114Z] [INFO] Poll interval: 2000ms
[2026-01-07T04:27:30.114Z] [INFO] Retry interval: 30000ms
[2026-01-07T04:27:30.115Z] [INFO] ✓ Print server running. Press Ctrl+C to stop.
[2026-01-07T04:43:49.253Z] [INFO] Found 2 pending job(s)
[2026-01-07T04:43:49.254Z] [INFO] Found 2 pending job(s)
[2026-01-07T04:43:49.255Z] [INFO] Processing job 285 (kot) for Kitchen Printer
[2026-01-07T04:43:50.723Z] [INFO] Connecting to network printer: 192.168.123.101:9100
[2026-01-07T04:43:51.121Z] [INFO] ✓ Job 285 printed successfully
[2026-01-07T04:43:51.122Z] [INFO] Processing job 286 (bar_ticket) for Bar Printer
[2026-01-07T04:43:51.261Z] [INFO] Found 1 pending job(s)
[2026-01-07T04:43:51.262Z] [INFO] Found 1 pending job(s)
[2026-01-07T04:43:51.262Z] [INFO] Processing job 286 (bar_ticket) for Bar Printer
[2026-01-07T04:43:51.556Z] [INFO] Connecting to network printer: 192.168.123.102:9100
[2026-01-07T04:43:51.853Z] [INFO] ✓ Job 286 printed successfully
[2026-01-07T04:43:51.987Z] [INFO] Connecting to network printer: 192.168.123.102:9100
[2026-01-07T04:43:52.281Z] [INFO] ✓ Job 286 printed successfully
[2026-01-07T05:34:25.136Z] [INFO] Found 1 pending job(s)
[2026-01-07T05:34:25.137Z] [INFO] Found 1 pending job(s)
[2026-01-07T05:34:25.139Z] [INFO] Processing job 287 (receipt) for Customer Receipt
[2026-01-07T05:34:26.034Z] [INFO] Connecting to network printer: 192.168.123.102:9100
[2026-01-07T05:34:30.975Z] [INFO] ✓ Job 287 printed successfully
[2026-01-07T05:53:24.863Z] [INFO] Found 1 pending job(s)
[2026-01-07T05:53:24.864Z] [INFO] Found 1 pending job(s)
[2026-01-07T05:53:24.865Z] [INFO] Processing job 288 (receipt) for Customer Receipt
[2026-01-07T05:53:25.725Z] [INFO] Connecting to network printer: 192.168.123.102:9100
[2026-01-07T05:53:26.020Z] [INFO] ✓ Job 288 printed successfully
[2026-01-07T08:00:31.743Z] [ERROR] Failed to fetch pending jobs
{
  "error": "fetch failed"
}
[2026-01-07T08:50:13.647Z] [INFO] Found 1 pending job(s)
[2026-01-07T08:50:13.648Z] [INFO] Found 1 pending job(s)
[2026-01-07T08:50:13.649Z] [INFO] Processing job 289 (kot) for Kitchen Printer
[2026-01-07T08:50:14.489Z] [INFO] Connecting to network printer: 192.168.123.101:9100
[2026-01-07T08:50:19.471Z] [INFO] ✓ Job 289 printed successfully
[2026-01-07T09:37:04.369Z] [INFO] Found 1 pending job(s)
[2026-01-07T09:37:04.370Z] [INFO] Found 1 pending job(s)
[2026-01-07T09:37:04.370Z] [INFO] Processing job 290 (kot) for Kitchen Printer
[2026-01-07T09:37:05.186Z] [INFO] Connecting to network printer: 192.168.123.101:9100
[2026-01-07T09:37:11.032Z] [INFO] ✓ Job 290 printed successfully
[2026-01-07T09:48:11.279Z] [INFO] Found 1 pending job(s)
[2026-01-07T09:48:11.280Z] [INFO] Found 1 pending job(s)
[2026-01-07T09:48:11.281Z] [INFO] Processing job 291 (receipt) for Customer Receipt
[2026-01-07T09:48:12.090Z] [INFO] Connecting to network printer: 192.168.123.102:9100
[2026-01-07T09:48:16.961Z] [INFO] ✓ Job 291 printed successfully
[2026-01-07T09:49:13.559Z] [INFO] Found 1 pending job(s)
[2026-01-07T09:49:13.560Z] [INFO] Found 1 pending job(s)
[2026-01-07T09:49:13.561Z] [INFO] Processing job 292 (receipt) for Customer Receipt
[2026-01-07T09:49:14.374Z] [INFO] Connecting to network printer: 192.168.123.102:9100
[2026-01-07T09:49:14.657Z] [INFO] ✓ Job 292 printed successfully
[2026-01-07T10:09:36.451Z] [INFO] Found 1 pending job(s)
[2026-01-07T10:09:36.452Z] [INFO] Found 1 pending job(s)
[2026-01-07T10:09:36.453Z] [INFO] Processing job 293 (receipt) for Customer Receipt
[2026-01-07T10:09:37.275Z] [INFO] Connecting to network printer: 192.168.123.102:9100
[2026-01-07T10:09:42.475Z] [INFO] ✓ Job 293 printed successfully
[2026-01-07T10:12:01.173Z] [INFO] Found 1 pending job(s)
[2026-01-07T10:12:01.174Z] [INFO] Found 1 pending job(s)
[2026-01-07T10:12:01.175Z] [INFO] Processing job 294 (receipt) for Customer Receipt
[2026-01-07T10:12:01.993Z] [INFO] Connecting to network printer: 192.168.123.102:9100
[2026-01-07T10:12:02.294Z] [INFO] ✓ Job 294 printed successfully
[2026-01-07T11:02:26.150Z] [ERROR] Failed to fetch pending jobs
{
  "error": "fetch failed"
}
[2026-01-07T13:37:18.906Z] [ERROR] Failed to fetch pending jobs
{
  "error": "fetch failed"
}
[2026-01-07T15:15:58.003Z] [INFO] Found 1 pending job(s)
[2026-01-07T15:15:58.005Z] [INFO] Found 1 pending job(s)
[2026-01-07T15:15:58.006Z] [INFO] Processing job 295 (kot) for Kitchen Printer
[2026-01-07T15:15:58.832Z] [INFO] Connecting to network printer: 192.168.123.101:9100
[2026-01-07T15:16:03.988Z] [INFO] ✓ Job 295 printed successfully
[2026-01-07T15:37:46.540Z] [ERROR] Failed to fetch pending jobs
{
  "error": "fetch failed"
}
[2026-01-07T15:37:47.175Z] [ERROR] Failed to fetch pending jobs
{
  "error": "fetch failed"
}
[2026-01-07T15:37:48.037Z] [ERROR] Failed to fetch pending jobs
{
  "error": "fetch failed"
}
[2026-01-07T15:37:50.047Z] [ERROR] Failed to fetch pending jobs
{
  "error": "fetch failed"
}
[2026-01-07T15:37:52.077Z] [ERROR] Failed to fetch pending jobs
{
  "error": "fetch failed"
}
[2026-01-07T15:37:54.092Z] [ERROR] Failed to fetch pending jobs
{
  "error": "fetch failed"
}
[2026-01-07T15:37:56.107Z] [ERROR] Failed to fetch pending jobs
{
  "error": "fetch failed"
}
[2026-01-07T15:37:58.133Z] [ERROR] Failed to fetch pending jobs
{
  "error": "fetch failed"
}
[2026-01-07T15:38:00.162Z] [ERROR] Failed to fetch pending jobs
{
  "error": "fetch failed"
}
[2026-01-07T15:38:02.183Z] [ERROR] Failed to fetch pending jobs
{
  "error": "fetch failed"
}
[2026-01-07T15:38:04.218Z] [ERROR] Failed to fetch pending jobs
{
  "error": "fetch failed"
}
[2026-01-07T15:38:08.277Z] [ERROR] Failed to fetch pending jobs
{
  "error": "fetch failed"
}
[2026-01-07T15:38:12.319Z] [ERROR] Failed to fetch pending jobs
{
  "error": "fetch failed"
}
[2026-01-07T15:38:18.399Z] [ERROR] Failed to fetch pending jobs
{
  "error": "fetch failed"
}
[2026-01-07T15:38:20.424Z] [ERROR] Failed to fetch pending jobs
{
  "error": "fetch failed"
}
[2026-01-07T15:38:26.469Z] [ERROR] Failed to fetch pending jobs
{
  "error": "fetch failed"
}
[2026-01-07T15:38:28.483Z] [ERROR] Failed to fetch pending jobs
{
  "error": "fetch failed"
}
[2026-01-07T15:38:30.503Z] [ERROR] Failed to fetch pending jobs
{
  "error": "fetch failed"
}
[2026-01-07T15:38:32.516Z] [ERROR] Failed to fetch pending jobs
{
  "error": "fetch failed"
}
[2026-01-07T15:38:34.559Z] [ERROR] Failed to fetch pending jobs
{
  "error": "fetch failed"
}
[2026-01-07T15:38:36.574Z] [ERROR] Failed to fetch pending jobs
{
  "error": "fetch failed"
}
[2026-01-07T15:38:45.081Z] [ERROR] Failed to fetch pending jobs
{
  "error": "fetch failed"
}
[2026-01-07T15:43:09.751Z] [INFO] Found 1 pending job(s)
[2026-01-07T15:43:09.753Z] [INFO] Found 1 pending job(s)
[2026-01-07T15:43:09.754Z] [INFO] Processing job 296 (kot) for Kitchen Printer
[2026-01-07T15:43:10.597Z] [INFO] Connecting to network printer: 192.168.123.101:9100
[2026-01-07T15:43:16.391Z] [INFO] ✓ Job 296 printed successfully
[2026-01-07T16:04:49.829Z] [INFO] Found 2 pending job(s)
[2026-01-07T16:04:49.831Z] [INFO] Found 2 pending job(s)
[2026-01-07T16:04:49.832Z] [INFO] Processing job 297 (kot) for Kitchen Printer
[2026-01-07T16:04:50.661Z] [INFO] Connecting to network printer: 192.168.123.101:9100
[2026-01-07T16:04:51.845Z] [INFO] Found 1 pending job(s)
[2026-01-07T16:04:51.846Z] [INFO] Found 1 pending job(s)
[2026-01-07T16:04:51.848Z] [INFO] Processing job 298 (bar_ticket) for Bar Printer
[2026-01-07T16:04:52.143Z] [INFO] Connecting to network printer: 192.168.123.102:9100
[2026-01-07T16:04:55.469Z] [INFO] ✓ Job 297 printed successfully
[2026-01-07T16:04:55.470Z] [INFO] Processing job 298 (bar_ticket) for Bar Printer
[2026-01-07T16:04:56.292Z] [WARN] Failed to update job 298 status
{
  "success": false,
  "error": "Job not found or already updated"
}
[2026-01-07T16:04:56.295Z] [INFO] Connecting to network printer: 192.168.123.102:9100
[2026-01-07T16:04:56.969Z] [INFO] ✓ Job 298 printed successfully
[2026-01-07T16:04:59.457Z] [INFO] ✓ Job 298 printed successfully
[2026-01-07T16:34:41.450Z] [INFO] Found 1 pending job(s)
[2026-01-07T16:34:41.453Z] [INFO] Found 1 pending job(s)
[2026-01-07T16:34:41.459Z] [INFO] Processing job 299 (receipt) for Customer Receipt
[2026-01-07T16:34:42.294Z] [INFO] Connecting to network printer: 192.168.123.102:9100
[2026-01-07T16:34:48.131Z] [INFO] ✓ Job 299 printed successfully
[2026-01-07T16:36:09.886Z] [INFO] Found 1 pending job(s)
[2026-01-07T16:36:09.890Z] [INFO] Found 1 pending job(s)
[2026-01-07T16:36:09.891Z] [INFO] Processing job 300 (receipt) for Customer Receipt
[2026-01-07T16:36:10.173Z] [INFO] Connecting to network printer: 192.168.123.102:9100
[2026-01-07T16:36:10.462Z] [INFO] ✓ Job 300 printed successfully
[2026-01-07T16:39:57.056Z] [INFO] Found 1 pending job(s)
[2026-01-07T16:39:57.058Z] [INFO] Found 1 pending job(s)
[2026-01-07T16:39:57.059Z] [INFO] Processing job 301 (receipt) for Customer Receipt
[2026-01-07T16:39:57.904Z] [INFO] Connecting to network printer: 192.168.123.102:9100
[2026-01-07T16:39:58.194Z] [INFO] ✓ Job 301 printed successfully
[2026-01-07T16:41:19.452Z] [INFO] Found 1 pending job(s)
[2026-01-07T16:41:19.453Z] [INFO] Found 1 pending job(s)
[2026-01-07T16:41:19.454Z] [INFO] Processing job 302 (receipt) for Customer Receipt
[2026-01-07T16:41:20.299Z] [INFO] Connecting to network printer: 192.168.123.102:9100
[2026-01-07T16:41:20.595Z] [INFO] ✓ Job 302 printed successfully
[2026-01-07T16:44:20.350Z] [INFO] Found 1 pending job(s)
[2026-01-07T16:44:20.352Z] [INFO] Found 1 pending job(s)
[2026-01-07T16:44:20.353Z] [INFO] Processing job 303 (receipt) for Customer Receipt
[2026-01-07T16:44:21.209Z] [INFO] Connecting to network printer: 192.168.123.102:9100
[2026-01-07T16:44:21.497Z] [INFO] ✓ Job 303 printed successfully
[2026-01-07T16:45:04.690Z] [INFO] Found 1 pending job(s)
[2026-01-07T16:45:04.691Z] [INFO] Found 1 pending job(s)
[2026-01-07T16:45:04.693Z] [INFO] Processing job 304 (receipt) for Customer Receipt
[2026-01-07T16:45:05.517Z] [INFO] Connecting to network printer: 192.168.123.102:9100
[2026-01-07T16:45:05.799Z] [INFO] ✓ Job 304 printed successfully
[2026-01-08T04:22:39.050Z] [INFO] Print server starting...
[2026-01-08T04:22:39.053Z] [INFO] API: https://kamikuralk.online/api
[2026-01-08T04:22:39.054Z] [INFO] Poll interval: 2000ms
[2026-01-08T04:22:39.055Z] [INFO] Retry interval: 30000ms
[2026-01-08T04:22:39.056Z] [INFO] ✓ Print server running. Press Ctrl+C to stop.
[2026-01-08T08:41:46.479Z] [INFO] Found 1 pending job(s)
[2026-01-08T08:41:46.482Z] [INFO] Found 1 pending job(s)
[2026-01-08T08:41:46.483Z] [INFO] Processing job 305 (kot) for Kitchen Printer
[2026-01-08T08:41:48.046Z] [INFO] Connecting to network printer: 192.168.123.101:9100
[2026-01-08T08:41:48.415Z] [INFO] ✓ Job 305 printed successfully
[2026-01-08T08:57:10.737Z] [INFO] Found 1 pending job(s)
[2026-01-08T08:57:10.738Z] [INFO] Found 1 pending job(s)
[2026-01-08T08:57:10.739Z] [INFO] Processing job 306 (kot) for Kitchen Printer
[2026-01-08T08:57:11.578Z] [INFO] Connecting to network printer: 192.168.123.101:9100
[2026-01-08T08:57:11.857Z] [INFO] ✓ Job 306 printed successfully
[2026-01-08T09:23:03.685Z] [INFO] Found 1 pending job(s)
[2026-01-08T09:23:03.686Z] [INFO] Found 1 pending job(s)
[2026-01-08T09:23:03.686Z] [INFO] Processing job 307 (receipt) for Customer Receipt
[2026-01-08T09:23:04.537Z] [INFO] Connecting to network printer: 192.168.123.102:9100
[2026-01-08T09:23:04.832Z] [INFO] ✓ Job 307 printed successfully
[2026-01-08T09:43:13.605Z] [INFO] Found 1 pending job(s)
[2026-01-08T09:43:13.607Z] [INFO] Found 1 pending job(s)
[2026-01-08T09:43:13.608Z] [INFO] Processing job 308 (receipt) for Customer Receipt
[2026-01-08T09:43:14.446Z] [INFO] Connecting to network printer: 192.168.123.102:9100
[2026-01-08T09:43:19.518Z] [INFO] ✓ Job 308 printed successfully
[2026-01-08T09:57:41.602Z] [INFO] Found 1 pending job(s)
[2026-01-08T09:57:41.604Z] [INFO] Found 1 pending job(s)
[2026-01-08T09:57:41.605Z] [INFO] Processing job 309 (receipt) for Customer Receipt
[2026-01-08T09:57:42.435Z] [INFO] Connecting to network printer: 192.168.123.102:9100
[2026-01-08T09:57:42.714Z] [INFO] ✓ Job 309 printed successfully
[2026-01-08T09:59:56.159Z] [INFO] Found 1 pending job(s)
[2026-01-08T09:59:56.160Z] [INFO] Found 1 pending job(s)
[2026-01-08T09:59:56.160Z] [INFO] Processing job 310 (receipt) for Customer Receipt
[2026-01-08T09:59:56.972Z] [INFO] Connecting to network printer: 192.168.123.102:9100
[2026-01-08T09:59:57.250Z] [INFO] ✓ Job 310 printed successfully
[2026-01-08T10:41:06.438Z] [ERROR] Failed to fetch pending jobs
{
  "error": "fetch failed"
}
[2026-01-08T10:51:47.988Z] [ERROR] Failed to fetch pending jobs
{
  "error": "fetch failed"
}
[2026-01-08T10:51:48.747Z] [ERROR] Failed to fetch pending jobs
{
  "error": "fetch failed"
}
[2026-01-08T11:05:09.153Z] [INFO] Found 1 pending job(s)
[2026-01-08T11:05:09.154Z] [INFO] Found 1 pending job(s)
[2026-01-08T11:05:09.154Z] [INFO] Processing job 311 (kot) for Kitchen Printer
[2026-01-08T11:05:09.977Z] [INFO] Connecting to network printer: 192.168.123.101:9100
[2026-01-08T11:05:15.023Z] [INFO] ✓ Job 311 printed successfully
[2026-01-08T12:52:25.698Z] [INFO] Print server starting...
[2026-01-08T12:52:25.700Z] [INFO] API: https://kamikuralk.online/api
[2026-01-08T12:52:25.701Z] [INFO] Poll interval: 2000ms
[2026-01-08T12:52:25.702Z] [INFO] Retry interval: 30000ms
[2026-01-08T12:52:25.702Z] [INFO] ✓ Print server running. Press Ctrl+C to stop.
[2026-01-08T12:52:26.649Z] [INFO] Found 4 pending job(s)
[2026-01-08T12:52:26.650Z] [INFO] Found 4 pending job(s)
[2026-01-08T12:52:26.651Z] [INFO] Processing job 312 (kot) for Kitchen Printer
[2026-01-08T12:52:28.264Z] [INFO] Connecting to network printer: 192.168.123.101:9100
[2026-01-08T12:52:28.539Z] [INFO] Found 3 pending job(s)
[2026-01-08T12:52:28.540Z] [INFO] Found 3 pending job(s)
[2026-01-08T12:52:28.540Z] [INFO] Processing job 313 (bar_ticket) for Bar Printer
[2026-01-08T12:52:28.664Z] [INFO] ✓ Job 312 printed successfully
[2026-01-08T12:52:28.665Z] [INFO] Processing job 313 (bar_ticket) for Bar Printer
[2026-01-08T12:52:28.938Z] [INFO] Connecting to network printer: 192.168.123.102:9100
[2026-01-08T12:52:29.223Z] [INFO] ✓ Job 313 printed successfully
[2026-01-08T12:52:29.223Z] [INFO] Processing job 314 (receipt) for Customer Receipt
[2026-01-08T12:52:29.352Z] [INFO] Connecting to network printer: 192.168.123.102:9100
[2026-01-08T12:52:29.492Z] [INFO] Connecting to network printer: 192.168.123.102:9100
[2026-01-08T12:52:29.631Z] [INFO] ✓ Job 313 printed successfully
[2026-01-08T12:52:29.631Z] [INFO] Processing job 314 (receipt) for Customer Receipt
[2026-01-08T12:52:29.796Z] [INFO] ✓ Job 314 printed successfully
[2026-01-08T12:52:29.797Z] [INFO] Processing job 315 (receipt) for Customer Receipt
[2026-01-08T12:52:29.909Z] [INFO] Connecting to network printer: 192.168.123.102:9100
[2026-01-08T12:52:30.070Z] [INFO] Connecting to network printer: 192.168.123.102:9100
[2026-01-08T12:52:30.191Z] [INFO] ✓ Job 314 printed successfully
[2026-01-08T12:52:30.191Z] [INFO] Processing job 315 (receipt) for Customer Receipt
[2026-01-08T12:52:30.346Z] [INFO] ✓ Job 315 printed successfully
[2026-01-08T12:52:30.464Z] [INFO] Connecting to network printer: 192.168.123.102:9100
[2026-01-08T12:52:30.748Z] [INFO] ✓ Job 315 printed successfully
[2026-01-08T13:06:40.304Z] [ERROR] Failed to fetch pending jobs
{
  "error": "fetch failed"
}
[2026-01-08T13:07:14.475Z] [ERROR] Failed to fetch pending jobs
{
  "error": "fetch failed"
}
[2026-01-08T13:07:28.921Z] [ERROR] Failed to fetch pending jobs
{
  "error": "fetch failed"
}
[2026-01-08T13:31:33.770Z] [INFO] Found 1 pending job(s)
[2026-01-08T13:31:33.771Z] [INFO] Found 1 pending job(s)
[2026-01-08T13:31:33.772Z] [INFO] Processing job 316 (receipt) for Customer Receipt
[2026-01-08T13:31:34.616Z] [INFO] Connecting to network printer: 192.168.123.102:9100
[2026-01-08T13:31:34.978Z] [INFO] ✓ Job 316 printed successfully
[2026-01-08T13:34:30.720Z] [INFO] Found 1 pending job(s)
[2026-01-08T13:34:30.727Z] [INFO] Found 1 pending job(s)
[2026-01-08T13:34:30.728Z] [INFO] Processing job 317 (receipt) for Customer Receipt
[2026-01-08T13:34:31.548Z] [INFO] Connecting to network printer: 192.168.123.102:9100
[2026-01-08T13:34:31.861Z] [INFO] ✓ Job 317 printed successfully
[2026-01-09T04:51:59.311Z] [INFO] Print server starting...
[2026-01-09T04:51:59.314Z] [INFO] API: https://kamikuralk.online/api
[2026-01-09T04:51:59.315Z] [INFO] Poll interval: 2000ms
[2026-01-09T04:51:59.315Z] [INFO] Retry interval: 30000ms
[2026-01-09T04:51:59.316Z] [INFO] ✓ Print server running. Press Ctrl+C to stop.
[2026-01-09T06:18:05.811Z] [ERROR] Failed to fetch pending jobs
{
  "error": "fetch failed"
}
[2026-01-09T06:18:09.859Z] [ERROR] Failed to fetch pending jobs
{
  "error": "fetch failed"
}
[2026-01-09T06:18:11.741Z] [ERROR] Failed to fetch pending jobs
{
  "error": "fetch failed"
}
[2026-01-09T06:18:11.876Z] [ERROR] Failed to fetch pending jobs
{
  "error": "fetch failed"
}
[2026-01-09T06:18:13.887Z] [ERROR] Failed to fetch pending jobs
{
  "error": "fetch failed"
}
[2026-01-09T06:18:30.339Z] [ERROR] Failed to fetch pending jobs
{
  "error": "fetch failed"
}
[2026-01-09T06:18:34.117Z] [ERROR] Failed to fetch pending jobs
{
  "error": "fetch failed"
}
[2026-01-09T06:18:38.195Z] [ERROR] Failed to fetch pending jobs
{
  "error": "fetch failed"
}
[2026-01-09T06:18:40.273Z] [ERROR] Failed to fetch pending jobs
{
  "error": "fetch failed"
}
[2026-01-09T06:18:42.245Z] [ERROR] Failed to fetch pending jobs
{
  "error": "fetch failed"
}
[2026-01-09T06:18:42.286Z] [ERROR] Failed to fetch pending jobs
{
  "error": "fetch failed"
}
[2026-01-09T06:18:44.262Z] [ERROR] Failed to fetch pending jobs
{
  "error": "fetch failed"
}
[2026-01-09T06:18:52.368Z] [ERROR] Failed to fetch pending jobs
{
  "error": "fetch failed"
}
[2026-01-09T06:18:54.399Z] [ERROR] Failed to fetch pending jobs
{
  "error": "fetch failed"
}
[2026-01-09T06:22:23.112Z] [INFO] Found 1 pending job(s)
[2026-01-09T06:22:23.114Z] [INFO] Found 1 pending job(s)
[2026-01-09T06:22:23.115Z] [INFO] Processing job 318 (kot) for Kitchen Printer
[2026-01-09T06:22:24.937Z] [INFO] Connecting to network printer: 192.168.123.101:9100
[2026-01-09T06:22:25.408Z] [INFO] ✓ Job 318 printed successfully
[2026-01-09T06:57:58.084Z] [INFO] Found 1 pending job(s)
[2026-01-09T06:57:58.088Z] [INFO] Found 1 pending job(s)
[2026-01-09T06:57:58.091Z] [INFO] Processing job 319 (receipt) for Customer Receipt
[2026-01-09T06:57:58.927Z] [INFO] Connecting to network printer: 192.168.123.102:9100
[2026-01-09T06:57:59.234Z] [INFO] ✓ Job 319 printed successfully
[2026-01-09T07:04:36.284Z] [INFO] Found 1 pending job(s)
[2026-01-09T07:04:36.288Z] [INFO] Found 1 pending job(s)
[2026-01-09T07:04:36.291Z] [INFO] Processing job 320 (receipt) for Customer Receipt
[2026-01-09T07:04:37.491Z] [INFO] Connecting to network printer: 192.168.123.102:9100
[2026-01-09T07:04:37.788Z] [INFO] ✓ Job 320 printed successfully
[2026-01-09T07:42:46.571Z] [INFO] Found 1 pending job(s)
[2026-01-09T07:42:46.572Z] [INFO] Found 1 pending job(s)
[2026-01-09T07:42:46.573Z] [INFO] Processing job 321 (kot) for Kitchen Printer
[2026-01-09T07:42:47.410Z] [INFO] Connecting to network printer: 192.168.123.101:9100
[2026-01-09T07:42:53.170Z] [INFO] ✓ Job 321 printed successfully
[2026-01-09T08:13:38.376Z] [INFO] Found 1 pending job(s)
[2026-01-09T08:13:38.377Z] [INFO] Found 1 pending job(s)
[2026-01-09T08:13:38.378Z] [INFO] Processing job 322 (kot) for Kitchen Printer
[2026-01-09T08:13:39.223Z] [INFO] Connecting to network printer: 192.168.123.101:9100
[2026-01-09T08:13:44.092Z] [INFO] ✓ Job 322 printed successfully
[2026-01-09T08:28:33.050Z] [INFO] Found 1 pending job(s)
[2026-01-09T08:28:33.051Z] [INFO] Found 1 pending job(s)
[2026-01-09T08:28:33.052Z] [INFO] Processing job 323 (receipt) for Customer Receipt
[2026-01-09T08:28:33.885Z] [INFO] Connecting to network printer: 192.168.123.102:9100
[2026-01-09T08:28:39.623Z] [INFO] ✓ Job 323 printed successfully
[2026-01-09T08:30:35.565Z] [INFO] Found 1 pending job(s)
[2026-01-09T08:30:35.569Z] [INFO] Found 1 pending job(s)
[2026-01-09T08:30:35.570Z] [INFO] Processing job 324 (receipt) for Customer Receipt
[2026-01-09T08:30:36.390Z] [INFO] Connecting to network printer: 192.168.123.102:9100
[2026-01-09T08:30:36.681Z] [INFO] ✓ Job 324 printed successfully
[2026-01-09T08:44:41.045Z] [INFO] Found 1 pending job(s)
[2026-01-09T08:44:41.047Z] [INFO] Found 1 pending job(s)
[2026-01-09T08:44:41.048Z] [INFO] Processing job 325 (receipt) for Customer Receipt
[2026-01-09T08:44:41.889Z] [INFO] Connecting to network printer: 192.168.123.102:9100
[2026-01-09T08:44:42.180Z] [INFO] ✓ Job 325 printed successfully
[2026-01-09T08:46:15.516Z] [INFO] Found 1 pending job(s)
[2026-01-09T08:46:15.517Z] [INFO] Found 1 pending job(s)
[2026-01-09T08:46:15.519Z] [INFO] Processing job 326 (receipt) for Customer Receipt
[2026-01-09T08:46:16.371Z] [INFO] Connecting to network printer: 192.168.123.102:9100
[2026-01-09T08:46:16.667Z] [INFO] ✓ Job 326 printed successfully
[2026-01-09T08:59:08.593Z] [INFO] Found 1 pending job(s)
[2026-01-09T08:59:08.594Z] [INFO] Found 1 pending job(s)
[2026-01-09T08:59:08.595Z] [INFO] Processing job 327 (kot) for Kitchen Printer
[2026-01-09T08:59:09.437Z] [INFO] Connecting to network printer: 192.168.123.101:9100
[2026-01-09T08:59:14.584Z] [INFO] ✓ Job 327 printed successfully
[2026-01-09T09:18:39.014Z] [ERROR] Failed to fetch pending jobs
{
  "error": "fetch failed"
}
[2026-01-09T09:34:42.952Z] [INFO] Found 1 pending job(s)
[2026-01-09T09:34:42.954Z] [INFO] Found 1 pending job(s)
[2026-01-09T09:34:42.955Z] [INFO] Processing job 328 (receipt) for Customer Receipt
[2026-01-09T09:34:43.818Z] [INFO] Connecting to network printer: 192.168.123.102:9100
[2026-01-09T09:34:49.639Z] [INFO] ✓ Job 328 printed successfully
[2026-01-09T10:33:10.740Z] [ERROR] Failed to fetch pending jobs
{
  "error": "fetch failed"
}
[2026-01-09T11:30:22.030Z] [ERROR] Failed to fetch pending jobs
{
  "error": "fetch failed"
}
[2026-01-09T11:37:22.243Z] [ERROR] Failed to fetch pending jobs
{
  "error": "fetch failed"
}
[2026-01-09T13:23:04.918Z] [ERROR] Failed to fetch pending jobs
{
  "error": "fetch failed"
}
[2026-01-09T13:34:21.790Z] [INFO] Found 1 pending job(s)
[2026-01-09T13:34:21.792Z] [INFO] Found 1 pending job(s)
[2026-01-09T13:34:21.794Z] [INFO] Processing job 329 (kot) for Kitchen Printer
[2026-01-09T13:34:22.933Z] [INFO] Connecting to network printer: 192.168.123.101:9100
[2026-01-09T13:34:28.670Z] [INFO] ✓ Job 329 printed successfully
[2026-01-09T13:34:45.924Z] [INFO] Found 1 pending job(s)
[2026-01-09T13:34:45.925Z] [INFO] Found 1 pending job(s)
[2026-01-09T13:34:45.926Z] [INFO] Processing job 330 (bar_ticket) for Bar Printer
[2026-01-09T13:34:46.833Z] [INFO] Connecting to network printer: 192.168.123.102:9100
[2026-01-09T13:34:52.643Z] [INFO] ✓ Job 330 printed successfully
[2026-01-09T14:19:48.612Z] [INFO] Found 1 pending job(s)
[2026-01-09T14:19:48.613Z] [INFO] Found 1 pending job(s)
[2026-01-09T14:19:48.614Z] [INFO] Processing job 331 (kot) for Kitchen Printer
[2026-01-09T14:19:49.475Z] [INFO] Connecting to network printer: 192.168.123.101:9100
[2026-01-09T14:19:54.580Z] [INFO] ✓ Job 331 printed successfully
[2026-01-09T14:34:08.008Z] [INFO] Found 2 pending job(s)
[2026-01-09T14:34:08.009Z] [INFO] Found 2 pending job(s)
[2026-01-09T14:34:08.010Z] [INFO] Processing job 332 (kot) for Kitchen Printer
[2026-01-09T14:34:08.852Z] [INFO] Connecting to network printer: 192.168.123.101:9100
[2026-01-09T14:34:09.135Z] [INFO] ✓ Job 332 printed successfully
[2026-01-09T14:34:09.136Z] [INFO] Processing job 333 (bar_ticket) for Bar Printer
[2026-01-09T14:34:09.418Z] [INFO] Connecting to network printer: 192.168.123.102:9100
[2026-01-09T14:34:14.591Z] [INFO] ✓ Job 333 printed successfully
[2026-01-09T14:55:55.513Z] [INFO] Found 1 pending job(s)
[2026-01-09T14:55:55.515Z] [INFO] Found 1 pending job(s)
[2026-01-09T14:55:55.516Z] [INFO] Processing job 334 (receipt) for Customer Receipt
[2026-01-09T14:55:56.352Z] [INFO] Connecting to network printer: 192.168.123.102:9100
[2026-01-09T14:56:02.146Z] [INFO] ✓ Job 334 printed successfully
[2026-01-09T14:58:20.234Z] [INFO] Found 1 pending job(s)
[2026-01-09T14:58:20.235Z] [INFO] Found 1 pending job(s)
[2026-01-09T14:58:20.236Z] [INFO] Processing job 335 (receipt) for Customer Receipt
[2026-01-09T14:58:21.075Z] [INFO] Connecting to network printer: 192.168.123.102:9100
[2026-01-09T14:58:21.359Z] [INFO] ✓ Job 335 printed successfully
[2026-01-09T15:31:36.558Z] [INFO] Found 1 pending job(s)
[2026-01-09T15:31:36.560Z] [INFO] Found 1 pending job(s)
[2026-01-09T15:31:36.561Z] [INFO] Processing job 336 (kot) for Kitchen Printer
[2026-01-09T15:31:37.384Z] [INFO] Connecting to network printer: 192.168.123.101:9100
[2026-01-09T15:31:43.158Z] [INFO] ✓ Job 336 printed successfully
[2026-01-09T15:42:53.286Z] [INFO] Found 1 pending job(s)
[2026-01-09T15:42:53.287Z] [INFO] Found 1 pending job(s)
[2026-01-09T15:42:53.288Z] [INFO] Processing job 337 (kot) for Kitchen Printer
[2026-01-09T15:42:54.127Z] [INFO] Connecting to network printer: 192.168.123.101:9100
[2026-01-09T15:42:54.410Z] [INFO] ✓ Job 337 printed successfully
[2026-01-09T15:48:57.073Z] [INFO] Found 1 pending job(s)
[2026-01-09T15:48:57.074Z] [INFO] Found 1 pending job(s)
[2026-01-09T15:48:57.076Z] [INFO] Processing job 338 (receipt) for Customer Receipt
[2026-01-09T15:48:57.931Z] [INFO] Connecting to network printer: 192.168.123.102:9100
[2026-01-09T15:49:03.137Z] [INFO] ✓ Job 338 printed successfully
[2026-01-09T15:51:57.819Z] [INFO] Found 1 pending job(s)
[2026-01-09T15:51:57.820Z] [INFO] Found 1 pending job(s)
[2026-01-09T15:51:57.822Z] [INFO] Processing job 339 (receipt) for Customer Receipt
[2026-01-09T15:51:58.652Z] [INFO] Connecting to network printer: 192.168.123.102:9100
[2026-01-09T15:51:58.940Z] [INFO] ✓ Job 339 printed successfully
[2026-01-09T16:31:05.782Z] [INFO] Found 1 pending job(s)
[2026-01-09T16:31:05.783Z] [INFO] Found 1 pending job(s)
[2026-01-09T16:31:05.784Z] [INFO] Processing job 340 (kot) for Kitchen Printer
[2026-01-09T16:31:06.643Z] [INFO] Connecting to network printer: 192.168.123.101:9100
[2026-01-09T16:31:11.584Z] [INFO] ✓ Job 340 printed successfully
[2026-01-09T17:02:29.441Z] [INFO] Found 1 pending job(s)
[2026-01-09T17:02:29.443Z] [INFO] Found 1 pending job(s)
[2026-01-09T17:02:29.444Z] [INFO] Processing job 341 (receipt) for Customer Receipt
[2026-01-09T17:02:30.270Z] [INFO] Connecting to network printer: 192.168.123.102:9100
[2026-01-09T17:02:35.077Z] [INFO] ✓ Job 341 printed successfully
[2026-01-09T17:04:03.919Z] [INFO] Found 1 pending job(s)
[2026-01-09T17:04:03.920Z] [INFO] Found 1 pending job(s)
[2026-01-09T17:04:03.921Z] [INFO] Processing job 342 (receipt) for Customer Receipt
[2026-01-09T17:04:04.774Z] [INFO] Connecting to network printer: 192.168.123.102:9100
[2026-01-09T17:04:05.078Z] [INFO] ✓ Job 342 printed successfully
[2026-01-10T04:32:43.394Z] [INFO] Print server starting...
[2026-01-10T04:32:43.398Z] [INFO] API: https://kamikuralk.online/api
[2026-01-10T04:32:43.398Z] [INFO] Poll interval: 2000ms
[2026-01-10T04:32:43.399Z] [INFO] Retry interval: 30000ms
[2026-01-10T04:32:43.400Z] [INFO] ✓ Print server running. Press Ctrl+C to stop.
[2026-01-10T06:20:51.964Z] [ERROR] Failed to fetch pending jobs
{
  "error": "fetch failed"
}
[2026-01-10T06:44:02.490Z] [ERROR] Failed to fetch pending jobs
{
  "error": "fetch failed"
}
[2026-01-10T06:51:22.663Z] [ERROR] Failed to fetch pending jobs
{
  "error": "fetch failed"
}
[2026-01-10T07:42:02.288Z] [INFO] Found 1 pending job(s)
[2026-01-10T07:42:02.289Z] [INFO] Found 1 pending job(s)
[2026-01-10T07:42:02.290Z] [INFO] Processing job 343 (kot) for Kitchen Printer
[2026-01-10T07:42:03.752Z] [INFO] Connecting to network printer: 192.168.123.101:9100
[2026-01-10T07:42:04.126Z] [INFO] ✓ Job 343 printed successfully
[2026-01-10T08:02:33.839Z] [INFO] Found 1 pending job(s)
[2026-01-10T08:02:33.840Z] [INFO] Found 1 pending job(s)
[2026-01-10T08:02:33.841Z] [INFO] Processing job 344 (kot) for Kitchen Printer
[2026-01-10T08:02:34.671Z] [INFO] Connecting to network printer: 192.168.123.101:9100
[2026-01-10T08:02:39.928Z] [INFO] ✓ Job 344 printed successfully
[2026-01-10T08:02:51.939Z] [INFO] Found 1 pending job(s)
[2026-01-10T08:02:51.941Z] [INFO] Found 1 pending job(s)
[2026-01-10T08:02:51.941Z] [INFO] Processing job 345 (receipt) for Customer Receipt
[2026-01-10T08:02:52.737Z] [INFO] Connecting to network printer: 192.168.123.102:9100
[2026-01-10T08:02:53.016Z] [INFO] ✓ Job 345 printed successfully
[2026-01-10T08:04:34.383Z] [INFO] Found 1 pending job(s)
[2026-01-10T08:04:34.384Z] [INFO] Found 1 pending job(s)
[2026-01-10T08:04:34.385Z] [INFO] Processing job 346 (receipt) for Customer Receipt
[2026-01-10T08:04:35.191Z] [INFO] Connecting to network printer: 192.168.123.102:9100
[2026-01-10T08:04:35.478Z] [INFO] ✓ Job 346 printed successfully
[2026-01-10T08:45:54.878Z] [INFO] Found 1 pending job(s)
[2026-01-10T08:45:54.879Z] [INFO] Found 1 pending job(s)
[2026-01-10T08:45:54.879Z] [INFO] Processing job 347 (kot) for Kitchen Printer
[2026-01-10T08:45:55.678Z] [INFO] Connecting to network printer: 192.168.123.101:9100
[2026-01-10T08:46:00.468Z] [INFO] ✓ Job 347 printed successfully
[2026-01-10T09:27:19.558Z] [INFO] Found 1 pending job(s)
[2026-01-10T09:27:19.560Z] [INFO] Found 1 pending job(s)
[2026-01-10T09:27:19.561Z] [INFO] Processing job 348 (receipt) for Customer Receipt
[2026-01-10T09:27:20.387Z] [INFO] Connecting to network printer: 192.168.123.102:9100
[2026-01-10T09:27:25.481Z] [INFO] ✓ Job 348 printed successfully
[2026-01-10T09:28:03.750Z] [INFO] Found 1 pending job(s)
[2026-01-10T09:28:03.751Z] [INFO] Found 1 pending job(s)
[2026-01-10T09:28:03.753Z] [INFO] Processing job 349 (kot) for Kitchen Printer
[2026-01-10T09:28:04.565Z] [INFO] Connecting to network printer: 192.168.123.101:9100
[2026-01-10T09:28:09.470Z] [INFO] ✓ Job 349 printed successfully
[2026-01-10T09:52:13.204Z] [INFO] Found 1 pending job(s)
[2026-01-10T09:52:13.205Z] [INFO] Found 1 pending job(s)
[2026-01-10T09:52:13.206Z] [INFO] Processing job 350 (receipt) for Customer Receipt
[2026-01-10T09:52:14.003Z] [INFO] Connecting to network printer: 192.168.123.102:9100
[2026-01-10T09:52:18.976Z] [INFO] ✓ Job 350 printed successfully
[2026-01-10T10:02:41.461Z] [INFO] Found 1 pending job(s)
[2026-01-10T10:02:41.462Z] [INFO] Found 1 pending job(s)
[2026-01-10T10:02:41.463Z] [INFO] Processing job 351 (kot) for Kitchen Printer
[2026-01-10T10:02:42.302Z] [INFO] Connecting to network printer: 192.168.123.101:9100
[2026-01-10T10:02:47.473Z] [INFO] ✓ Job 351 printed successfully
[2026-01-10T10:12:03.554Z] [INFO] Found 1 pending job(s)
[2026-01-10T10:12:03.555Z] [INFO] Found 1 pending job(s)
[2026-01-10T10:12:03.556Z] [INFO] Processing job 352 (receipt) for Customer Receipt
[2026-01-10T10:12:04.389Z] [INFO] Connecting to network printer: 192.168.123.102:9100
[2026-01-10T10:12:04.680Z] [INFO] ✓ Job 352 printed successfully
[2026-01-10T10:57:28.519Z] [INFO] Found 1 pending job(s)
[2026-01-10T10:57:28.521Z] [INFO] Found 1 pending job(s)
[2026-01-10T10:57:28.522Z] [INFO] Processing job 353 (receipt) for Customer Receipt
[2026-01-10T10:57:29.374Z] [INFO] Connecting to network printer: 192.168.123.102:9100
[2026-01-10T10:57:34.476Z] [INFO] ✓ Job 353 printed successfully
[2026-01-10T10:58:44.835Z] [INFO] Found 1 pending job(s)
[2026-01-10T10:58:44.836Z] [INFO] Found 1 pending job(s)
[2026-01-10T10:58:44.837Z] [INFO] Processing job 354 (receipt) for Customer Receipt
[2026-01-10T10:58:45.669Z] [INFO] Connecting to network printer: 192.168.123.102:9100
[2026-01-10T10:58:45.944Z] [INFO] ✓ Job 354 printed successfully
[2026-01-10T13:37:02.003Z] [INFO] Found 1 pending job(s)
[2026-01-10T13:37:02.005Z] [INFO] Found 1 pending job(s)
[2026-01-10T13:37:02.006Z] [INFO] Processing job 355 (receipt) for Customer Receipt
[2026-01-10T13:37:02.823Z] [INFO] Connecting to network printer: 192.168.123.102:9100
[2026-01-10T13:37:09.001Z] [INFO] ✓ Job 355 printed successfully
[2026-01-10T13:37:22.069Z] [INFO] Found 1 pending job(s)
[2026-01-10T13:37:22.070Z] [INFO] Found 1 pending job(s)
[2026-01-10T13:37:22.070Z] [INFO] Processing job 356 (kot) for Kitchen Printer
[2026-01-10T13:37:22.881Z] [INFO] Connecting to network printer: 192.168.123.101:9100
[2026-01-10T13:37:27.978Z] [INFO] ✓ Job 356 printed successfully
[2026-01-10T16:20:31.988Z] [INFO] Found 1 pending job(s)
[2026-01-10T16:20:31.989Z] [INFO] Found 1 pending job(s)
[2026-01-10T16:20:31.990Z] [INFO] Processing job 357 (kot) for Kitchen Printer
[2026-01-10T16:20:32.793Z] [INFO] Connecting to network printer: 192.168.123.101:9100
[2026-01-10T16:20:37.971Z] [INFO] ✓ Job 357 printed successfully
[2026-01-10T17:08:23.764Z] [INFO] Found 1 pending job(s)
[2026-01-10T17:08:23.766Z] [INFO] Found 1 pending job(s)
[2026-01-10T17:08:23.767Z] [INFO] Processing job 358 (receipt) for Customer Receipt
[2026-01-10T17:08:24.587Z] [INFO] Connecting to network printer: 192.168.123.102:9100
[2026-01-10T17:08:29.477Z] [INFO] ✓ Job 358 printed successfully
[2026-01-10T17:08:35.796Z] [INFO] Found 1 pending job(s)
[2026-01-10T17:08:35.798Z] [INFO] Found 1 pending job(s)
[2026-01-10T17:08:35.798Z] [INFO] Processing job 359 (receipt) for Customer Receipt
[2026-01-10T17:08:36.613Z] [INFO] Connecting to network printer: 192.168.123.102:9100
[2026-01-10T17:08:36.890Z] [INFO] ✓ Job 359 printed successfully
[2026-01-10T17:10:10.115Z] [INFO] Found 1 pending job(s)
[2026-01-10T17:10:10.115Z] [INFO] Found 1 pending job(s)
[2026-01-10T17:10:10.116Z] [INFO] Processing job 360 (receipt) for Customer Receipt
[2026-01-10T17:10:10.927Z] [INFO] Connecting to network printer: 192.168.123.102:9100
[2026-01-10T17:10:11.206Z] [INFO] ✓ Job 360 printed successfully
[2026-01-11T04:45:00.027Z] [INFO] Print server starting...
[2026-01-11T04:45:00.030Z] [INFO] API: https://kamikuralk.online/api
[2026-01-11T04:45:00.032Z] [INFO] Poll interval: 2000ms
[2026-01-11T04:45:00.032Z] [INFO] Retry interval: 30000ms
[2026-01-11T04:45:00.033Z] [INFO] ✓ Print server running. Press Ctrl+C to stop.
[2026-01-11T07:44:18.678Z] [ERROR] Failed to fetch pending jobs
{
  "error": "fetch failed"
}
[2026-01-11T08:58:30.337Z] [ERROR] Failed to fetch pending jobs
{
  "error": "fetch failed"
}
[2026-01-11T09:22:30.852Z] [INFO] Found 1 pending job(s)
[2026-01-11T09:22:30.852Z] [INFO] Found 1 pending job(s)
[2026-01-11T09:22:30.854Z] [INFO] Processing job 361 (kot) for Kitchen Printer
[2026-01-11T09:22:32.356Z] [INFO] Connecting to network printer: 192.168.123.101:9100
[2026-01-11T09:22:32.730Z] [INFO] ✓ Job 361 printed successfully
[2026-01-11T09:34:27.227Z] [INFO] Found 1 pending job(s)
[2026-01-11T09:34:27.228Z] [INFO] Found 1 pending job(s)
[2026-01-11T09:34:27.229Z] [INFO] Processing job 362 (kot) for Kitchen Printer
[2026-01-11T09:34:28.047Z] [INFO] Connecting to network printer: 192.168.123.101:9100
[2026-01-11T09:34:28.330Z] [INFO] ✓ Job 362 printed successfully
[2026-01-11T10:01:50.778Z] [INFO] Found 1 pending job(s)
[2026-01-11T10:01:50.779Z] [INFO] Found 1 pending job(s)
[2026-01-11T10:01:50.779Z] [INFO] Processing job 363 (receipt) for Customer Receipt
[2026-01-11T10:01:51.606Z] [INFO] Connecting to network printer: 192.168.123.102:9100
[2026-01-11T10:01:51.898Z] [INFO] ✓ Job 363 printed successfully
[2026-01-11T10:03:43.231Z] [INFO] Found 1 pending job(s)
[2026-01-11T10:03:43.232Z] [INFO] Found 1 pending job(s)
[2026-01-11T10:03:43.233Z] [INFO] Processing job 364 (receipt) for Customer Receipt
[2026-01-11T10:03:44.082Z] [INFO] Connecting to network printer: 192.168.123.102:9100
[2026-01-11T10:03:44.368Z] [INFO] ✓ Job 364 printed successfully
[2026-01-11T10:05:55.761Z] [INFO] Found 1 pending job(s)
[2026-01-11T10:05:55.762Z] [INFO] Found 1 pending job(s)
[2026-01-11T10:05:55.763Z] [INFO] Processing job 365 (kot) for Kitchen Printer
[2026-01-11T10:05:56.588Z] [INFO] Connecting to network printer: 192.168.123.101:9100
[2026-01-11T10:05:56.962Z] [INFO] ✓ Job 365 printed successfully
[2026-01-11T10:17:41.032Z] [INFO] Found 1 pending job(s)
[2026-01-11T10:17:41.034Z] [INFO] Found 1 pending job(s)
[2026-01-11T10:17:41.035Z] [INFO] Processing job 366 (receipt) for Customer Receipt
[2026-01-11T10:17:41.867Z] [INFO] Connecting to network printer: 192.168.123.102:9100
[2026-01-11T10:17:42.152Z] [INFO] ✓ Job 366 printed successfully
[2026-01-11T10:19:57.648Z] [INFO] Found 1 pending job(s)
[2026-01-11T10:19:57.649Z] [INFO] Found 1 pending job(s)
[2026-01-11T10:19:57.650Z] [INFO] Processing job 367 (receipt) for Customer Receipt
[2026-01-11T10:19:58.484Z] [INFO] Connecting to network printer: 192.168.123.102:9100
[2026-01-11T10:19:58.768Z] [INFO] ✓ Job 367 printed successfully
[2026-01-11T10:40:00.511Z] [INFO] Found 1 pending job(s)
[2026-01-11T10:40:00.513Z] [INFO] Found 1 pending job(s)
[2026-01-11T10:40:00.515Z] [INFO] Processing job 368 (receipt) for Customer Receipt
[2026-01-11T10:40:01.371Z] [INFO] Connecting to network printer: 192.168.123.102:9100
[2026-01-11T10:40:01.701Z] [INFO] ✓ Job 368 printed successfully
[2026-01-11T14:07:21.653Z] [INFO] Found 2 pending job(s)
[2026-01-11T14:07:21.654Z] [INFO] Found 2 pending job(s)
[2026-01-11T14:07:21.655Z] [INFO] Processing job 369 (kot) for Kitchen Printer
[2026-01-11T14:07:22.500Z] [INFO] Connecting to network printer: 192.168.123.101:9100
[2026-01-11T14:07:22.800Z] [INFO] ✓ Job 369 printed successfully
[2026-01-11T14:07:22.801Z] [INFO] Processing job 370 (bar_ticket) for Bar Printer
[2026-01-11T14:07:23.081Z] [INFO] Connecting to network printer: 192.168.123.102:9100
[2026-01-11T14:07:23.407Z] [INFO] ✓ Job 370 printed successfully
[2026-01-11T14:33:05.704Z] [ERROR] Failed to fetch pending jobs
{
  "error": "fetch failed"
}
[2026-01-11T14:33:07.719Z] [ERROR] Failed to fetch pending jobs
{
  "error": "fetch failed"
}
[2026-01-11T14:33:09.746Z] [ERROR] Failed to fetch pending jobs
{
  "error": "fetch failed"
}
[2026-01-11T14:33:10.791Z] [ERROR] Failed to fetch pending jobs
{
  "error": "fetch failed"
}
[2026-01-11T14:33:13.811Z] [ERROR] Failed to fetch pending jobs
{
  "error": "fetch failed"
}
[2026-01-11T14:53:58.894Z] [INFO] Found 1 pending job(s)
[2026-01-11T14:53:58.896Z] [INFO] Found 1 pending job(s)
[2026-01-11T14:53:58.897Z] [INFO] Processing job 371 (kot) for Kitchen Printer
[2026-01-11T14:54:00.143Z] [INFO] Connecting to network printer: 192.168.123.101:9100
[2026-01-11T14:54:01.040Z] [INFO] ✓ Job 371 printed successfully
[2026-01-11T15:00:52.880Z] [INFO] Found 1 pending job(s)
[2026-01-11T15:00:52.881Z] [INFO] Found 1 pending job(s)
[2026-01-11T15:00:52.883Z] [INFO] Processing job 372 (receipt) for Customer Receipt
[2026-01-11T15:00:53.718Z] [INFO] Connecting to network printer: 192.168.123.102:9100
[2026-01-11T15:00:54.014Z] [INFO] ✓ Job 372 printed successfully
[2026-01-11T15:11:08.032Z] [INFO] Found 1 pending job(s)
[2026-01-11T15:11:08.033Z] [INFO] Found 1 pending job(s)
[2026-01-11T15:11:08.034Z] [INFO] Processing job 373 (receipt) for Customer Receipt
[2026-01-11T15:11:08.869Z] [INFO] Connecting to network printer: 192.168.123.102:9100
[2026-01-11T15:11:09.160Z] [INFO] ✓ Job 373 printed successfully
[2026-01-11T15:16:41.664Z] [INFO] Found 1 pending job(s)
[2026-01-11T15:16:41.665Z] [INFO] Found 1 pending job(s)
[2026-01-11T15:16:41.666Z] [INFO] Processing job 374 (kot) for Kitchen Printer
[2026-01-11T15:16:42.499Z] [INFO] Connecting to network printer: 192.168.123.101:9100
[2026-01-11T15:16:42.840Z] [INFO] ✓ Job 374 printed successfully
[2026-01-11T15:25:22.253Z] [INFO] Found 1 pending job(s)
[2026-01-11T15:25:22.254Z] [INFO] Found 1 pending job(s)
[2026-01-11T15:25:22.255Z] [INFO] Processing job 375 (kot) for Kitchen Printer
[2026-01-11T15:25:23.087Z] [INFO] Connecting to network printer: 192.168.123.101:9100
[2026-01-11T15:25:23.376Z] [INFO] ✓ Job 375 printed successfully
[2026-01-11T16:20:45.274Z] [INFO] Found 1 pending job(s)
[2026-01-11T16:20:45.276Z] [INFO] Found 1 pending job(s)
[2026-01-11T16:20:45.276Z] [INFO] Processing job 376 (receipt) for Customer Receipt
[2026-01-11T16:20:46.097Z] [INFO] Connecting to network printer: 192.168.123.102:9100
[2026-01-11T16:20:46.476Z] [INFO] ✓ Job 376 printed successfully
[2026-01-11T16:23:06.049Z] [INFO] Found 1 pending job(s)
[2026-01-11T16:23:06.050Z] [INFO] Found 1 pending job(s)
[2026-01-11T16:23:06.051Z] [INFO] Processing job 377 (receipt) for Customer Receipt
[2026-01-11T16:23:06.897Z] [INFO] Connecting to network printer: 192.168.123.102:9100
[2026-01-11T16:23:07.176Z] [INFO] ✓ Job 377 printed successfully
[2026-01-11T16:33:30.702Z] [INFO] Found 1 pending job(s)
[2026-01-11T16:33:30.703Z] [INFO] Found 1 pending job(s)
[2026-01-11T16:33:30.704Z] [INFO] Processing job 378 (receipt) for Customer Receipt
[2026-01-11T16:33:31.556Z] [INFO] Connecting to network printer: 192.168.123.102:9100
[2026-01-11T16:33:31.839Z] [INFO] ✓ Job 378 printed successfully
[2026-01-12T04:28:20.873Z] [INFO] Print server starting...
[2026-01-12T04:28:20.898Z] [INFO] API: https://kamikuralk.online/api
[2026-01-12T04:28:20.899Z] [INFO] Poll interval: 2000ms
[2026-01-12T04:28:20.900Z] [INFO] Retry interval: 30000ms
[2026-01-12T04:28:20.902Z] [INFO] ✓ Print server running. Press Ctrl+C to stop.
[2026-01-12T08:00:22.606Z] [INFO] Found 1 pending job(s)
[2026-01-12T08:00:22.611Z] [INFO] Found 1 pending job(s)
[2026-01-12T08:00:22.613Z] [INFO] Processing job 379 (kot) for Kitchen Printer
[2026-01-12T08:00:24.632Z] [INFO] Connecting to network printer: 192.168.123.101:9100
[2026-01-12T08:00:25.101Z] [INFO] ✓ Job 379 printed successfully
[2026-01-12T09:21:17.788Z] [INFO] Print server starting...
[2026-01-12T09:21:17.794Z] [INFO] API: https://kamikuralk.online/api
[2026-01-12T09:21:17.795Z] [INFO] Poll interval: 2000ms
[2026-01-12T09:21:17.796Z] [INFO] Retry interval: 30000ms
[2026-01-12T09:21:17.796Z] [INFO] ✓ Print server running. Press Ctrl+C to stop.
[2026-01-12T09:42:56.973Z] [ERROR] Failed to fetch pending jobs
{
  "error": "fetch failed"
}
[2026-01-12T09:43:47.005Z] [ERROR] Failed to fetch pending jobs
{
  "error": "fetch failed"
}
[2026-01-12T13:28:11.627Z] [INFO] Found 2 pending job(s)
[2026-01-12T13:28:11.629Z] [INFO] Found 2 pending job(s)
[2026-01-12T13:28:11.630Z] [INFO] Processing job 380 (kot) for Kitchen Printer
[2026-01-12T13:28:13.166Z] [INFO] Connecting to network printer: 192.168.123.101:9100
[2026-01-12T13:28:13.530Z] [INFO] ✓ Job 380 printed successfully
[2026-01-12T13:28:13.531Z] [INFO] Processing job 381 (bar_ticket) for Bar Printer
[2026-01-12T13:28:13.627Z] [INFO] Found 1 pending job(s)
[2026-01-12T13:28:13.628Z] [INFO] Found 1 pending job(s)
[2026-01-12T13:28:13.629Z] [INFO] Processing job 381 (bar_ticket) for Bar Printer
[2026-01-12T13:28:13.904Z] [INFO] Connecting to network printer: 192.168.123.102:9100
[2026-01-12T13:28:14.183Z] [INFO] ✓ Job 381 printed successfully
[2026-01-12T13:28:14.359Z] [INFO] Connecting to network printer: 192.168.123.102:9100
[2026-01-12T13:28:14.632Z] [INFO] ✓ Job 381 printed successfully
[2026-01-12T13:43:19.708Z] [INFO] Found 1 pending job(s)
[2026-01-12T13:43:19.709Z] [INFO] Found 1 pending job(s)
[2026-01-12T13:43:19.710Z] [INFO] Processing job 382 (kot) for Kitchen Printer
[2026-01-12T13:43:20.541Z] [INFO] Connecting to network printer: 192.168.123.101:9100
[2026-01-12T13:43:20.816Z] [INFO] ✓ Job 382 printed successfully
[2026-01-12T13:43:59.884Z] [INFO] Found 1 pending job(s)
[2026-01-12T13:43:59.885Z] [INFO] Found 1 pending job(s)
[2026-01-12T13:43:59.886Z] [INFO] Processing job 383 (receipt) for Customer Receipt
[2026-01-12T13:44:00.682Z] [INFO] Connecting to network printer: 192.168.123.102:9100
[2026-01-12T13:44:00.952Z] [INFO] ✓ Job 383 printed successfully
[2026-01-12T13:44:15.963Z] [INFO] Found 1 pending job(s)
[2026-01-12T13:44:15.964Z] [INFO] Found 1 pending job(s)
[2026-01-12T13:44:15.964Z] [INFO] Processing job 384 (kot) for Kitchen Printer
[2026-01-12T13:44:16.760Z] [INFO] Connecting to network printer: 192.168.123.101:9100
[2026-01-12T13:44:17.039Z] [INFO] ✓ Job 384 printed successfully
[2026-01-12T13:48:49.466Z] [INFO] Found 1 pending job(s)
[2026-01-12T13:48:49.466Z] [INFO] Found 1 pending job(s)
[2026-01-12T13:48:49.467Z] [INFO] Processing job 385 (kot) for Kitchen Printer
[2026-01-12T13:48:50.273Z] [INFO] Connecting to network printer: 192.168.123.101:9100
[2026-01-12T13:48:50.623Z] [INFO] ✓ Job 385 printed successfully
[2026-01-12T14:10:55.452Z] [ERROR] Failed to fetch pending jobs
{
  "error": "fetch failed"
}
[2026-01-12T14:15:35.176Z] [INFO] Found 1 pending job(s)
[2026-01-12T14:15:35.177Z] [INFO] Found 1 pending job(s)
[2026-01-12T14:15:35.178Z] [INFO] Processing job 386 (receipt) for Customer Receipt
[2026-01-12T14:15:36.007Z] [INFO] Connecting to network printer: 192.168.123.102:9100
[2026-01-12T14:15:36.354Z] [INFO] ✓ Job 386 printed successfully
[2026-01-12T14:19:42.425Z] [INFO] Found 1 pending job(s)
[2026-01-12T14:19:42.427Z] [INFO] Found 1 pending job(s)
[2026-01-12T14:19:42.428Z] [INFO] Processing job 387 (receipt) for Customer Receipt
[2026-01-12T14:19:43.244Z] [INFO] Connecting to network printer: 192.168.123.102:9100
[2026-01-12T14:19:43.536Z] [INFO] ✓ Job 387 printed successfully
[2026-01-12T14:48:33.244Z] [INFO] Found 1 pending job(s)
[2026-01-12T14:48:33.246Z] [INFO] Found 1 pending job(s)
[2026-01-12T14:48:33.247Z] [INFO] Processing job 388 (receipt) for Customer Receipt
[2026-01-12T14:48:34.072Z] [INFO] Connecting to network printer: 192.168.123.102:9100
[2026-01-12T14:48:34.376Z] [INFO] ✓ Job 388 printed successfully
[2026-01-12T14:49:41.560Z] [INFO] Found 1 pending job(s)
[2026-01-12T14:49:41.562Z] [INFO] Found 1 pending job(s)
[2026-01-12T14:49:41.563Z] [INFO] Processing job 389 (receipt) for Customer Receipt
[2026-01-12T14:49:42.357Z] [INFO] Connecting to network printer: 192.168.123.102:9100
[2026-01-12T14:49:42.641Z] [INFO] ✓ Job 389 printed successfully
[2026-01-12T14:49:49.582Z] [INFO] Found 1 pending job(s)
[2026-01-12T14:49:49.584Z] [INFO] Found 1 pending job(s)
[2026-01-12T14:49:49.585Z] [INFO] Processing job 390 (receipt) for Customer Receipt
[2026-01-12T14:49:50.382Z] [INFO] Connecting to network printer: 192.168.123.102:9100
[2026-01-12T14:49:50.653Z] [INFO] ✓ Job 390 printed successfully
[2026-01-12T15:11:10.091Z] [INFO] Found 1 pending job(s)
[2026-01-12T15:11:10.092Z] [INFO] Found 1 pending job(s)
[2026-01-12T15:11:10.093Z] [INFO] Processing job 391 (kot) for Kitchen Printer
[2026-01-12T15:11:10.913Z] [INFO] Connecting to network printer: 192.168.123.101:9100
[2026-01-12T15:11:12.289Z] [INFO] ✓ Job 391 printed successfully
[2026-01-12T15:11:26.177Z] [INFO] Found 1 pending job(s)
[2026-01-12T15:11:26.177Z] [INFO] Found 1 pending job(s)
[2026-01-12T15:11:26.179Z] [INFO] Processing job 392 (receipt) for Customer Receipt
[2026-01-12T15:11:26.992Z] [INFO] Connecting to network printer: 192.168.123.102:9100
[2026-01-12T15:11:27.344Z] [INFO] ✓ Job 392 printed successfully
[2026-01-12T15:12:16.453Z] [INFO] Found 1 pending job(s)
[2026-01-12T15:12:16.454Z] [INFO] Found 1 pending job(s)
[2026-01-12T15:12:16.455Z] [INFO] Processing job 393 (kot) for Kitchen Printer
[2026-01-12T15:12:17.297Z] [INFO] Connecting to network printer: 192.168.123.101:9100
[2026-01-12T15:12:17.573Z] [INFO] ✓ Job 393 printed successfully
[2026-01-12T15:29:23.418Z] [INFO] Found 1 pending job(s)
[2026-01-12T15:29:23.420Z] [INFO] Found 1 pending job(s)
[2026-01-12T15:29:23.421Z] [INFO] Processing job 394 (receipt) for Customer Receipt
[2026-01-12T15:29:24.234Z] [INFO] Connecting to network printer: 192.168.123.102:9100
[2026-01-12T15:29:24.511Z] [INFO] ✓ Job 394 printed successfully
[2026-01-12T15:45:06.155Z] [INFO] Found 1 pending job(s)
[2026-01-12T15:45:06.157Z] [INFO] Found 1 pending job(s)
[2026-01-12T15:45:06.158Z] [INFO] Processing job 395 (receipt) for Customer Receipt
[2026-01-12T15:45:06.974Z] [INFO] Connecting to network printer: 192.168.123.102:9100
[2026-01-12T15:45:07.262Z] [INFO] ✓ Job 395 printed successfully
[2026-01-12T16:01:17.102Z] [INFO] Found 1 pending job(s)
[2026-01-12T16:01:17.103Z] [INFO] Found 1 pending job(s)
[2026-01-12T16:01:17.104Z] [INFO] Processing job 396 (receipt) for Customer Receipt
[2026-01-12T16:01:17.928Z] [INFO] Connecting to network printer: 192.168.123.102:9100
[2026-01-12T16:01:18.207Z] [INFO] ✓ Job 396 printed successfully
[2026-01-13T05:49:46.951Z] [INFO] Print server starting...
[2026-01-13T05:49:46.957Z] [INFO] API: https://kamikuralk.online/api
[2026-01-13T05:49:46.959Z] [INFO] Poll interval: 2000ms
[2026-01-13T05:49:46.960Z] [INFO] Retry interval: 30000ms
[2026-01-13T05:49:46.962Z] [INFO] ✓ Print server running. Press Ctrl+C to stop.
[2026-01-13T06:02:18.715Z] [ERROR] Failed to fetch pending jobs
{
  "error": "HTTP 500: Internal Server Error"
}
[2026-01-13T06:02:20.727Z] [ERROR] Failed to fetch pending jobs
{
  "error": "HTTP 500: Internal Server Error"
}
[2026-01-13T07:02:34.927Z] [ERROR] Failed to fetch pending jobs
{
  "error": "fetch failed"
}
[2026-01-13T07:39:02.895Z] [INFO] Found 2 pending job(s)
[2026-01-13T07:39:02.896Z] [INFO] Found 2 pending job(s)
[2026-01-13T07:39:02.897Z] [INFO] Processing job 397 (kot) for Kitchen Printer
[2026-01-13T07:39:04.377Z] [INFO] Connecting to network printer: 192.168.123.101:9100
[2026-01-13T07:39:04.750Z] [INFO] ✓ Job 397 printed successfully
[2026-01-13T07:39:04.751Z] [INFO] Processing job 398 (bar_ticket) for Bar Printer
[2026-01-13T07:39:04.893Z] [INFO] Found 1 pending job(s)
[2026-01-13T07:39:04.894Z] [INFO] Found 1 pending job(s)
[2026-01-13T07:39:04.895Z] [INFO] Processing job 398 (bar_ticket) for Bar Printer
[2026-01-13T07:39:05.169Z] [INFO] Connecting to network printer: 192.168.123.102:9100
[2026-01-13T07:39:05.449Z] [INFO] ✓ Job 398 printed successfully
[2026-01-13T07:39:05.583Z] [INFO] Connecting to network printer: 192.168.123.102:9100
[2026-01-13T07:39:05.858Z] [INFO] ✓ Job 398 printed successfully
[2026-01-13T08:31:12.923Z] [INFO] Found 1 pending job(s)
[2026-01-13T08:31:12.926Z] [INFO] Found 1 pending job(s)
[2026-01-13T08:31:12.927Z] [INFO] Processing job 399 (receipt) for Customer Receipt
[2026-01-13T08:31:13.747Z] [INFO] Connecting to network printer: 192.168.123.102:9100
[2026-01-13T08:31:18.687Z] [INFO] ✓ Job 399 printed successfully
[2026-01-13T08:32:59.375Z] [INFO] Found 1 pending job(s)
[2026-01-13T08:32:59.376Z] [INFO] Found 1 pending job(s)
[2026-01-13T08:32:59.377Z] [INFO] Processing job 400 (receipt) for Customer Receipt
[2026-01-13T08:33:00.216Z] [INFO] Connecting to network printer: 192.168.123.102:9100
[2026-01-13T08:33:00.494Z] [INFO] ✓ Job 400 printed successfully
[2026-01-13T08:34:43.804Z] [INFO] Found 1 pending job(s)
[2026-01-13T08:34:43.805Z] [INFO] Found 1 pending job(s)
[2026-01-13T08:34:43.805Z] [INFO] Processing job 401 (receipt) for Customer Receipt
[2026-01-13T08:34:44.636Z] [INFO] Connecting to network printer: 192.168.123.102:9100
[2026-01-13T08:34:44.938Z] [INFO] ✓ Job 401 printed successfully
[2026-01-13T09:53:19.044Z] [ERROR] Failed to fetch pending jobs
{
  "error": "fetch failed"
}
[2026-01-13T09:54:51.612Z] [INFO] Found 1 pending job(s)
[2026-01-13T09:54:51.613Z] [INFO] Found 1 pending job(s)
[2026-01-13T09:54:51.613Z] [INFO] Processing job 402 (kot) for Kitchen Printer
[2026-01-13T09:54:52.431Z] [INFO] Connecting to network printer: 192.168.123.101:9100
[2026-01-13T09:54:58.210Z] [INFO] ✓ Job 402 printed successfully
[2026-01-13T10:38:33.919Z] [INFO] Found 1 pending job(s)
[2026-01-13T10:38:33.921Z] [INFO] Found 1 pending job(s)
[2026-01-13T10:38:33.922Z] [INFO] Processing job 403 (receipt) for Customer Receipt
[2026-01-13T10:38:34.745Z] [INFO] Connecting to network printer: 192.168.123.102:9100
[2026-01-13T10:38:39.709Z] [INFO] ✓ Job 403 printed successfully
[2026-01-13T10:43:25.468Z] [INFO] Found 1 pending job(s)
[2026-01-13T10:43:25.470Z] [INFO] Found 1 pending job(s)
[2026-01-13T10:43:25.471Z] [INFO] Processing job 404 (receipt) for Customer Receipt
[2026-01-13T10:43:26.280Z] [INFO] Connecting to network printer: 192.168.123.102:9100
[2026-01-13T10:43:26.569Z] [INFO] ✓ Job 404 printed successfully
[2026-01-13T11:09:13.398Z] [INFO] Found 1 pending job(s)
[2026-01-13T11:09:13.399Z] [INFO] Found 1 pending job(s)
[2026-01-13T11:09:13.400Z] [INFO] Processing job 405 (kot) for Kitchen Printer
[2026-01-13T11:09:14.220Z] [INFO] Connecting to network printer: 192.168.123.101:9100
[2026-01-13T11:09:19.181Z] [INFO] ✓ Job 405 printed successfully
[2026-01-13T11:16:01.152Z] [ERROR] Failed to fetch pending jobs
{
  "error": "fetch failed"
}
[2026-01-13T11:45:18.404Z] [INFO] Found 1 pending job(s)
[2026-01-13T11:45:18.406Z] [INFO] Found 1 pending job(s)
[2026-01-13T11:45:18.407Z] [INFO] Processing job 406 (receipt) for Customer Receipt
[2026-01-13T11:45:19.230Z] [INFO] Connecting to network printer: 192.168.123.102:9100
[2026-01-13T11:45:24.175Z] [INFO] ✓ Job 406 printed successfully
[2026-01-13T11:48:09.330Z] [INFO] Found 1 pending job(s)
[2026-01-13T11:48:09.331Z] [INFO] Found 1 pending job(s)
[2026-01-13T11:48:09.332Z] [INFO] Processing job 407 (receipt) for Customer Receipt
[2026-01-13T11:48:10.143Z] [INFO] Connecting to network printer: 192.168.123.102:9100
[2026-01-13T11:48:10.423Z] [INFO] ✓ Job 407 printed successfully
[2026-01-13T13:59:37.344Z] [INFO] Found 1 pending job(s)
[2026-01-13T13:59:37.346Z] [INFO] Found 1 pending job(s)
[2026-01-13T13:59:37.347Z] [INFO] Processing job 408 (kot) for Kitchen Printer
[2026-01-13T13:59:38.163Z] [INFO] Connecting to network printer: 192.168.123.101:9100
[2026-01-13T13:59:43.185Z] [INFO] ✓ Job 408 printed successfully
[2026-01-13T14:45:53.417Z] [INFO] Found 1 pending job(s)
[2026-01-13T14:45:53.419Z] [INFO] Found 1 pending job(s)
[2026-01-13T14:45:53.420Z] [INFO] Processing job 409 (receipt) for Customer Receipt
[2026-01-13T14:45:54.237Z] [INFO] Connecting to network printer: 192.168.123.102:9100
[2026-01-13T14:45:59.195Z] [INFO] ✓ Job 409 printed successfully
[2026-01-13T14:45:59.988Z] [INFO] Found 1 pending job(s)
[2026-01-13T14:45:59.989Z] [INFO] Found 1 pending job(s)
[2026-01-13T14:45:59.990Z] [INFO] Processing job 410 (receipt) for Customer Receipt
[2026-01-13T14:46:00.282Z] [INFO] Connecting to network printer: 192.168.123.102:9100
[2026-01-13T14:46:00.566Z] [INFO] ✓ Job 410 printed successfully
[2026-01-13T14:47:44.071Z] [INFO] Found 1 pending job(s)
[2026-01-13T14:47:44.075Z] [INFO] Found 1 pending job(s)
[2026-01-13T14:47:44.082Z] [INFO] Processing job 411 (receipt) for Customer Receipt
[2026-01-13T14:47:45.071Z] [INFO] Connecting to network printer: 192.168.123.102:9100
[2026-01-13T14:47:45.364Z] [INFO] ✓ Job 411 printed successfully
[2026-01-13T15:11:29.068Z] [ERROR] Failed to fetch pending jobs
{
  "error": "fetch failed"
}
[2026-01-13T15:11:33.186Z] [INFO] Found 1 pending job(s)
[2026-01-13T15:11:33.187Z] [INFO] Found 1 pending job(s)
[2026-01-13T15:11:33.188Z] [INFO] Processing job 412 (kot) for Kitchen Printer
[2026-01-13T15:11:34.021Z] [INFO] Connecting to network printer: 192.168.123.101:9100
[2026-01-13T15:11:39.190Z] [INFO] ✓ Job 412 printed successfully
[2026-01-13T16:39:04.376Z] [INFO] Found 1 pending job(s)
[2026-01-13T16:39:04.378Z] [INFO] Found 1 pending job(s)
[2026-01-13T16:39:04.379Z] [INFO] Processing job 413 (receipt) for Customer Receipt
[2026-01-13T16:39:05.189Z] [INFO] Connecting to network printer: 192.168.123.102:9100
[2026-01-13T16:39:10.177Z] [INFO] ✓ Job 413 printed successfully
[2026-01-13T16:42:41.172Z] [ERROR] Failed to fetch pending jobs
{
  "error": "fetch failed"
}
[2026-01-13T16:49:29.307Z] [INFO] Found 1 pending job(s)
[2026-01-13T16:49:29.319Z] [INFO] Found 1 pending job(s)
[2026-01-13T16:49:29.323Z] [INFO] Processing job 414 (receipt) for Customer Receipt
[2026-01-13T16:49:30.154Z] [INFO] Connecting to network printer: 192.168.123.102:9100
[2026-01-13T16:49:30.428Z] [INFO] ✓ Job 414 printed successfully
[2026-01-14T04:23:16.583Z] [INFO] Print server starting...
[2026-01-14T04:23:16.589Z] [INFO] API: https://kamikuralk.online/api
[2026-01-14T04:23:16.590Z] [INFO] Poll interval: 2000ms
[2026-01-14T04:23:16.590Z] [INFO] Retry interval: 30000ms
[2026-01-14T04:23:16.591Z] [INFO] ✓ Print server running. Press Ctrl+C to stop.
[2026-01-14T08:31:30.330Z] [INFO] Found 1 pending job(s)
[2026-01-14T08:31:30.332Z] [INFO] Found 1 pending job(s)
[2026-01-14T08:31:30.333Z] [INFO] Processing job 415 (kot) for Kitchen Printer
[2026-01-14T08:31:32.755Z] [INFO] Connecting to network printer: 192.168.123.101:9100
[2026-01-14T08:31:33.582Z] [INFO] ✓ Job 415 printed successfully
[2026-01-14T08:54:18.161Z] [INFO] Found 1 pending job(s)
[2026-01-14T08:54:18.162Z] [INFO] Found 1 pending job(s)
[2026-01-14T08:54:18.163Z] [INFO] Processing job 416 (receipt) for Customer Receipt
[2026-01-14T08:54:19.014Z] [INFO] Connecting to network printer: 192.168.123.102:9100
[2026-01-14T08:54:19.322Z] [INFO] ✓ Job 416 printed successfully
[2026-01-14T08:56:08.614Z] [INFO] Found 1 pending job(s)
[2026-01-14T08:56:08.615Z] [INFO] Found 1 pending job(s)
[2026-01-14T08:56:08.616Z] [INFO] Processing job 417 (receipt) for Customer Receipt
[2026-01-14T08:56:09.466Z] [INFO] Connecting to network printer: 192.168.123.102:9100
[2026-01-14T08:56:09.747Z] [INFO] ✓ Job 417 printed successfully
[2026-01-14T09:35:48.338Z] [INFO] Found 1 pending job(s)
[2026-01-14T09:35:48.340Z] [INFO] Found 1 pending job(s)
[2026-01-14T09:35:48.341Z] [INFO] Processing job 418 (kot) for Kitchen Printer
[2026-01-14T09:35:49.165Z] [INFO] Connecting to network printer: 192.168.123.101:9100
[2026-01-14T09:35:54.180Z] [INFO] ✓ Job 418 printed successfully
[2026-01-14T10:15:44.430Z] [INFO] Found 1 pending job(s)
[2026-01-14T10:15:44.431Z] [INFO] Found 1 pending job(s)
[2026-01-14T10:15:44.434Z] [INFO] Processing job 419 (receipt) for Customer Receipt
[2026-01-14T10:15:45.267Z] [INFO] Connecting to network printer: 192.168.123.102:9100
[2026-01-14T10:15:50.184Z] [INFO] ✓ Job 419 printed successfully
[2026-01-14T10:17:36.887Z] [INFO] Found 1 pending job(s)
[2026-01-14T10:17:36.888Z] [INFO] Found 1 pending job(s)
[2026-01-14T10:17:36.889Z] [INFO] Processing job 420 (receipt) for Customer Receipt
[2026-01-14T10:17:37.697Z] [INFO] Connecting to network printer: 192.168.123.102:9100
[2026-01-14T10:17:37.975Z] [INFO] ✓ Job 420 printed successfully
[2026-01-14T13:16:12.238Z] [ERROR] Failed to fetch pending jobs
{
  "error": "fetch failed"
}
[2026-01-14T13:59:33.350Z] [INFO] Found 2 pending job(s)
[2026-01-14T13:59:33.351Z] [INFO] Found 2 pending job(s)
[2026-01-14T13:59:33.352Z] [INFO] Processing job 421 (kot) for Kitchen Printer
[2026-01-14T13:59:34.207Z] [INFO] Connecting to network printer: 192.168.123.101:9100
[2026-01-14T13:59:35.367Z] [INFO] Found 1 pending job(s)
[2026-01-14T13:59:35.368Z] [INFO] Found 1 pending job(s)
[2026-01-14T13:59:35.369Z] [INFO] Processing job 422 (bar_ticket) for Bar Printer
[2026-01-14T13:59:35.646Z] [INFO] Connecting to network printer: 192.168.123.102:9100
[2026-01-14T13:59:39.177Z] [INFO] ✓ Job 421 printed successfully
[2026-01-14T13:59:39.178Z] [INFO] Processing job 422 (bar_ticket) for Bar Printer
[2026-01-14T13:59:40.040Z] [WARN] Failed to update job 422 status
{
  "success": false,
  "error": "Job not found or already updated"
}
[2026-01-14T13:59:40.046Z] [INFO] Connecting to network printer: 192.168.123.102:9100
[2026-01-14T13:59:40.686Z] [INFO] ✓ Job 422 printed successfully
[2026-01-14T13:59:42.952Z] [INFO] ✓ Job 422 printed successfully
[2026-01-14T14:12:10.990Z] [INFO] Found 1 pending job(s)
[2026-01-14T14:12:10.991Z] [INFO] Found 1 pending job(s)
[2026-01-14T14:12:10.992Z] [INFO] Processing job 423 (kot) for Kitchen Printer
[2026-01-14T14:12:11.805Z] [INFO] Connecting to network printer: 192.168.123.101:9100
[2026-01-14T14:12:12.081Z] [INFO] ✓ Job 423 printed successfully
[2026-01-14T14:20:39.522Z] [INFO] Found 1 pending job(s)
[2026-01-14T14:20:39.523Z] [INFO] Found 1 pending job(s)
[2026-01-14T14:20:39.524Z] [INFO] Processing job 424 (kot) for Kitchen Printer
[2026-01-14T14:20:40.341Z] [INFO] Connecting to network printer: 192.168.123.101:9100
[2026-01-14T14:20:45.179Z] [INFO] ✓ Job 424 printed successfully
[2026-01-14T14:46:09.493Z] [INFO] Found 1 pending job(s)
[2026-01-14T14:46:09.494Z] [INFO] Found 1 pending job(s)
[2026-01-14T14:46:09.496Z] [INFO] Processing job 425 (receipt) for Customer Receipt
[2026-01-14T14:46:10.347Z] [INFO] Connecting to network printer: 192.168.123.102:9100
[2026-01-14T14:46:15.189Z] [INFO] ✓ Job 425 printed successfully
[2026-01-14T14:48:52.303Z] [INFO] Found 1 pending job(s)
[2026-01-14T14:48:52.311Z] [INFO] Found 1 pending job(s)
[2026-01-14T14:48:52.320Z] [INFO] Processing job 426 (receipt) for Customer Receipt
[2026-01-14T14:48:53.139Z] [INFO] Connecting to network printer: 192.168.123.102:9100
[2026-01-14T14:48:53.419Z] [INFO] ✓ Job 426 printed successfully
[2026-01-14T14:54:19.934Z] [INFO] Found 1 pending job(s)
[2026-01-14T14:54:19.935Z] [INFO] Found 1 pending job(s)
[2026-01-14T14:54:19.937Z] [INFO] Processing job 427 (kot) for Kitchen Printer
[2026-01-14T14:54:20.753Z] [INFO] Connecting to network printer: 192.168.123.101:9100
[2026-01-14T14:54:21.946Z] [INFO] Found 1 pending job(s)
[2026-01-14T14:54:21.947Z] [INFO] Found 1 pending job(s)
[2026-01-14T14:54:21.948Z] [INFO] Processing job 428 (kot) for Kitchen Printer
[2026-01-14T14:54:22.222Z] [INFO] Connecting to network printer: 192.168.123.101:9100
[2026-01-14T14:54:25.676Z] [INFO] ✓ Job 428 printed successfully
[2026-01-14T14:54:28.621Z] [INFO] ✓ Job 427 printed successfully
[2026-01-14T14:56:08.438Z] [INFO] Found 1 pending job(s)
[2026-01-14T14:56:08.439Z] [INFO] Found 1 pending job(s)
[2026-01-14T14:56:08.441Z] [INFO] Processing job 429 (receipt) for Customer Receipt
[2026-01-14T14:56:09.264Z] [INFO] Connecting to network printer: 192.168.123.102:9100
[2026-01-14T14:56:09.557Z] [INFO] ✓ Job 429 printed successfully
[2026-01-14T15:04:40.856Z] [INFO] Found 1 pending job(s)
[2026-01-14T15:04:40.857Z] [INFO] Found 1 pending job(s)
[2026-01-14T15:04:40.858Z] [INFO] Processing job 430 (bar_ticket) for Bar Printer
[2026-01-14T15:04:41.683Z] [INFO] Connecting to network printer: 192.168.123.102:9100
[2026-01-14T15:04:41.971Z] [INFO] ✓ Job 430 printed successfully
[2026-01-14T15:05:00.917Z] [INFO] Found 1 pending job(s)
[2026-01-14T15:05:00.918Z] [INFO] Found 1 pending job(s)
[2026-01-14T15:05:00.919Z] [INFO] Processing job 431 (receipt) for Customer Receipt
[2026-01-14T15:05:01.735Z] [INFO] Connecting to network printer: 192.168.123.102:9100
[2026-01-14T15:05:02.026Z] [INFO] ✓ Job 431 printed successfully
[2026-01-14T15:14:25.517Z] [INFO] Found 1 pending job(s)
[2026-01-14T15:14:25.520Z] [INFO] Found 1 pending job(s)
[2026-01-14T15:14:25.525Z] [INFO] Processing job 432 (bar_ticket) for Bar Printer
[2026-01-14T15:14:26.360Z] [INFO] Connecting to network printer: 192.168.123.102:9100
[2026-01-14T15:14:26.642Z] [INFO] ✓ Job 432 printed successfully
[2026-01-14T15:14:35.553Z] [INFO] Found 1 pending job(s)
[2026-01-14T15:14:35.556Z] [INFO] Found 1 pending job(s)
[2026-01-14T15:14:35.559Z] [INFO] Processing job 433 (receipt) for Customer Receipt
[2026-01-14T15:14:36.403Z] [INFO] Connecting to network printer: 192.168.123.102:9100
[2026-01-14T15:14:36.687Z] [INFO] ✓ Job 433 printed successfully
[2026-01-14T15:16:48.041Z] [INFO] Found 1 pending job(s)
[2026-01-14T15:16:48.042Z] [INFO] Found 1 pending job(s)
[2026-01-14T15:16:48.043Z] [INFO] Processing job 434 (receipt) for Customer Receipt
[2026-01-14T15:16:48.857Z] [INFO] Connecting to network printer: 192.168.123.102:9100
[2026-01-14T15:16:53.679Z] [INFO] ✓ Job 434 printed successfully
[2026-01-14T15:25:52.557Z] [INFO] Found 1 pending job(s)
[2026-01-14T15:25:52.558Z] [INFO] Found 1 pending job(s)
[2026-01-14T15:25:52.559Z] [INFO] Processing job 435 (receipt) for Customer Receipt
[2026-01-14T15:25:53.380Z] [INFO] Connecting to network printer: 192.168.123.102:9100
[2026-01-14T15:25:53.662Z] [INFO] ✓ Job 435 printed successfully
[2026-01-14T16:32:49.264Z] [ERROR] Failed to fetch pending jobs
{
  "error": "fetch failed"
}
[2026-01-14T16:32:50.475Z] [ERROR] Failed to fetch pending jobs
{
  "error": "fetch failed"
}
[2026-01-14T16:32:50.478Z] [ERROR] Failed to fetch pending jobs
{
  "error": "fetch failed"
}
[2026-01-14T16:32:51.283Z] [ERROR] Failed to fetch pending jobs
{
  "error": "fetch failed"
}
[2026-01-15T04:38:06.443Z] [INFO] Print server starting...
[2026-01-15T04:38:06.445Z] [INFO] API: https://kamikuralk.online/api
[2026-01-15T04:38:06.446Z] [INFO] Poll interval: 2000ms
[2026-01-15T04:38:06.447Z] [INFO] Retry interval: 30000ms
[2026-01-15T04:38:06.447Z] [INFO] ✓ Print server running. Press Ctrl+C to stop.
[2026-01-15T05:11:10.759Z] [ERROR] Failed to fetch pending jobs
{
  "error": "fetch failed"
}
[2026-01-15T05:47:41.603Z] [ERROR] Failed to fetch pending jobs
{
  "error": "fetch failed"
}
[2026-01-15T06:54:30.412Z] [INFO] Found 1 pending job(s)
[2026-01-15T06:54:30.416Z] [INFO] Found 1 pending job(s)
[2026-01-15T06:54:30.418Z] [INFO] Processing job 436 (kot) for Kitchen Printer
[2026-01-15T06:54:32.487Z] [INFO] Connecting to network printer: 192.168.123.101:9100
[2026-01-15T06:54:33.035Z] [INFO] ✓ Job 436 printed successfully
[2026-01-15T06:54:38.795Z] [INFO] Found 1 pending job(s)
[2026-01-15T06:54:38.796Z] [INFO] Found 1 pending job(s)
[2026-01-15T06:54:38.797Z] [INFO] Processing job 437 (receipt) for Customer Receipt
[2026-01-15T06:54:39.629Z] [INFO] Connecting to network printer: 192.168.123.102:9100
[2026-01-15T06:54:39.928Z] [INFO] ✓ Job 437 printed successfully
[2026-01-15T06:56:21.288Z] [INFO] Found 1 pending job(s)
[2026-01-15T06:56:21.293Z] [INFO] Found 1 pending job(s)
[2026-01-15T06:56:21.294Z] [INFO] Processing job 438 (receipt) for Customer Receipt
[2026-01-15T06:56:22.118Z] [INFO] Connecting to network printer: 192.168.123.102:9100
[2026-01-15T06:56:22.405Z] [INFO] ✓ Job 438 printed successfully
[2026-01-15T07:11:35.799Z] [INFO] Found 1 pending job(s)
[2026-01-15T07:11:35.802Z] [INFO] Found 1 pending job(s)
[2026-01-15T07:11:35.806Z] [INFO] Processing job 439 (kot) for Kitchen Printer
[2026-01-15T07:11:36.660Z] [INFO] Connecting to network printer: 192.168.123.101:9100
[2026-01-15T07:11:36.948Z] [INFO] ✓ Job 439 printed successfully
[2026-01-15T07:40:32.569Z] [INFO] Found 1 pending job(s)
[2026-01-15T07:40:32.570Z] [INFO] Found 1 pending job(s)
[2026-01-15T07:40:32.571Z] [INFO] Processing job 440 (receipt) for Customer Receipt
[2026-01-15T07:40:33.404Z] [INFO] Connecting to network printer: 192.168.123.102:9100
[2026-01-15T07:40:33.767Z] [INFO] ✓ Job 440 printed successfully
[2026-01-15T07:41:38.960Z] [INFO] Found 1 pending job(s)
[2026-01-15T07:41:38.961Z] [INFO] Found 1 pending job(s)
[2026-01-15T07:41:38.962Z] [INFO] Processing job 441 (receipt) for Customer Receipt
[2026-01-15T07:41:39.800Z] [INFO] Connecting to network printer: 192.168.123.102:9100
[2026-01-15T07:41:40.077Z] [INFO] ✓ Job 441 printed successfully
[2026-01-15T08:50:22.475Z] [INFO] Found 1 pending job(s)
[2026-01-15T08:50:22.477Z] [INFO] Found 1 pending job(s)
[2026-01-15T08:50:22.477Z] [INFO] Processing job 442 (kot) for Kitchen Printer
[2026-01-15T08:50:23.286Z] [INFO] Connecting to network printer: 192.168.123.101:9100
[2026-01-15T08:50:28.204Z] [INFO] ✓ Job 442 printed successfully
[2026-01-15T09:02:56.246Z] [INFO] Found 1 pending job(s)
[2026-01-15T09:02:56.248Z] [INFO] Found 1 pending job(s)
[2026-01-15T09:02:56.249Z] [INFO] Processing job 443 (kot) for Kitchen Printer
[2026-01-15T09:02:57.064Z] [INFO] Connecting to network printer: 192.168.123.101:9100
[2026-01-15T09:02:57.346Z] [INFO] ✓ Job 443 printed successfully
[2026-01-15T09:39:23.596Z] [INFO] Found 1 pending job(s)
[2026-01-15T09:39:23.597Z] [INFO] Found 1 pending job(s)
[2026-01-15T09:39:23.598Z] [INFO] Processing job 444 (receipt) for Customer Receipt
[2026-01-15T09:39:24.417Z] [INFO] Connecting to network printer: 192.168.123.102:9100
[2026-01-15T09:39:30.232Z] [INFO] ✓ Job 444 printed successfully
[2026-01-15T09:53:21.904Z] [INFO] Found 1 pending job(s)
[2026-01-15T09:53:21.908Z] [INFO] Found 1 pending job(s)
[2026-01-15T09:53:21.910Z] [INFO] Processing job 445 (receipt) for Customer Receipt
[2026-01-15T09:53:22.724Z] [INFO] Connecting to network printer: 192.168.123.102:9100
[2026-01-15T09:53:23.028Z] [INFO] ✓ Job 445 printed successfully
[2026-01-15T10:47:28.159Z] [ERROR] Failed to fetch pending jobs
{
  "error": "fetch failed"
}
[2026-01-15T12:39:03.064Z] [INFO] Found 2 pending job(s)
[2026-01-15T12:39:03.066Z] [INFO] Found 2 pending job(s)
[2026-01-15T12:39:03.067Z] [INFO] Processing job 446 (kot) for Kitchen Printer
[2026-01-15T12:39:03.887Z] [INFO] Connecting to network printer: 192.168.123.101:9100
[2026-01-15T12:39:05.078Z] [INFO] Found 1 pending job(s)
[2026-01-15T12:39:05.080Z] [INFO] Found 1 pending job(s)
[2026-01-15T12:39:05.081Z] [INFO] Processing job 447 (bar_ticket) for Bar Printer
[2026-01-15T12:39:05.355Z] [INFO] Connecting to network printer: 192.168.123.102:9100
[2026-01-15T12:39:08.728Z] [INFO] ✓ Job 446 printed successfully
[2026-01-15T12:39:08.729Z] [INFO] Processing job 447 (bar_ticket) for Bar Printer
[2026-01-15T12:39:09.534Z] [WARN] Failed to update job 447 status
{
  "success": false,
  "error": "Job not found or already updated"
}
[2026-01-15T12:39:09.537Z] [INFO] Connecting to network printer: 192.168.123.102:9100
[2026-01-15T12:39:10.224Z] [INFO] ✓ Job 447 printed successfully
[2026-01-15T12:39:12.704Z] [INFO] ✓ Job 447 printed successfully
[2026-01-15T13:17:27.113Z] [INFO] Found 1 pending job(s)
[2026-01-15T13:17:27.114Z] [INFO] Found 1 pending job(s)
[2026-01-15T13:17:27.115Z] [INFO] Processing job 448 (receipt) for Customer Receipt
[2026-01-15T13:17:27.926Z] [INFO] Connecting to network printer: 192.168.123.102:9100
[2026-01-15T13:17:33.759Z] [INFO] ✓ Job 448 printed successfully
[2026-01-15T13:20:29.984Z] [INFO] Found 1 pending job(s)
[2026-01-15T13:20:29.988Z] [INFO] Found 1 pending job(s)
[2026-01-15T13:20:29.992Z] [INFO] Processing job 449 (receipt) for Customer Receipt
[2026-01-15T13:20:30.803Z] [INFO] Connecting to network printer: 192.168.123.102:9100
[2026-01-15T13:20:31.090Z] [INFO] ✓ Job 449 printed successfully
[2026-01-15T13:21:04.123Z] [INFO] Found 1 pending job(s)
[2026-01-15T13:21:04.141Z] [INFO] Found 1 pending job(s)
[2026-01-15T13:21:04.142Z] [INFO] Processing job 450 (receipt) for Customer Receipt
[2026-01-15T13:21:04.952Z] [INFO] Connecting to network printer: 192.168.123.102:9100
[2026-01-15T13:21:05.231Z] [INFO] ✓ Job 450 printed successfully
[2026-01-15T13:21:42.282Z] [INFO] Found 1 pending job(s)
[2026-01-15T13:21:42.285Z] [INFO] Found 1 pending job(s)
[2026-01-15T13:21:42.295Z] [INFO] Processing job 451 (receipt) for Customer Receipt
[2026-01-15T13:21:43.136Z] [INFO] Connecting to network printer: 192.168.123.102:9100
[2026-01-15T13:21:43.418Z] [INFO] ✓ Job 451 printed successfully
[2026-01-15T13:21:56.328Z] [INFO] Found 1 pending job(s)
[2026-01-15T13:21:56.329Z] [INFO] Found 1 pending job(s)
[2026-01-15T13:21:56.331Z] [INFO] Processing job 452 (kot) for Kitchen Printer
[2026-01-15T13:21:57.141Z] [INFO] Connecting to network printer: 192.168.123.101:9100
[2026-01-15T13:22:02.225Z] [INFO] ✓ Job 452 printed successfully
[2026-01-15T13:22:34.534Z] [INFO] Found 1 pending job(s)
[2026-01-15T13:22:34.540Z] [INFO] Found 1 pending job(s)
[2026-01-15T13:22:34.546Z] [INFO] Processing job 453 (receipt) for Customer Receipt
[2026-01-15T13:22:35.391Z] [INFO] Connecting to network printer: 192.168.123.102:9100
[2026-01-15T13:22:35.680Z] [INFO] ✓ Job 453 printed successfully
[2026-01-15T13:23:02.671Z] [INFO] Found 1 pending job(s)
[2026-01-15T13:23:02.672Z] [INFO] Found 1 pending job(s)
[2026-01-15T13:23:02.673Z] [INFO] Processing job 454 (kot) for Kitchen Printer
[2026-01-15T13:23:03.495Z] [INFO] Connecting to network printer: 192.168.123.101:9100
[2026-01-15T13:23:03.779Z] [INFO] ✓ Job 454 printed successfully
[2026-01-15T13:23:28.789Z] [INFO] Found 1 pending job(s)
[2026-01-15T13:23:28.790Z] [INFO] Found 1 pending job(s)
[2026-01-15T13:23:28.792Z] [INFO] Processing job 455 (kot) for Kitchen Printer
[2026-01-15T13:23:29.625Z] [INFO] Connecting to network printer: 192.168.123.101:9100
[2026-01-15T13:23:29.909Z] [INFO] ✓ Job 455 printed successfully
[2026-01-15T13:31:12.980Z] [ERROR] Failed to fetch pending jobs
{
  "error": "fetch failed"
}
[2026-01-15T13:43:27.134Z] [INFO] Found 1 pending job(s)
[2026-01-15T13:43:27.136Z] [INFO] Found 1 pending job(s)
[2026-01-15T13:43:27.137Z] [INFO] Processing job 456 (receipt) for Customer Receipt
[2026-01-15T13:43:27.958Z] [INFO] Connecting to network printer: 192.168.123.102:9100
[2026-01-15T13:43:33.764Z] [INFO] ✓ Job 456 printed successfully
[2026-01-15T13:43:35.158Z] [INFO] Found 1 pending job(s)
[2026-01-15T13:43:35.159Z] [INFO] Found 1 pending job(s)
[2026-01-15T13:43:35.159Z] [INFO] Processing job 457 (receipt) for Customer Receipt
[2026-01-15T13:43:35.434Z] [INFO] Connecting to network printer: 192.168.123.102:9100
[2026-01-15T13:43:35.725Z] [INFO] ✓ Job 457 printed successfully
[2026-01-15T13:47:02.041Z] [INFO] Found 1 pending job(s)
[2026-01-15T13:47:02.042Z] [INFO] Found 1 pending job(s)
[2026-01-15T13:47:02.043Z] [INFO] Processing job 458 (receipt) for Customer Receipt
[2026-01-15T13:47:02.845Z] [INFO] Connecting to network printer: 192.168.123.102:9100
[2026-01-15T13:47:03.124Z] [INFO] ✓ Job 458 printed successfully
[2026-01-15T13:47:58.315Z] [INFO] Found 1 pending job(s)
[2026-01-15T13:47:58.316Z] [INFO] Found 1 pending job(s)
[2026-01-15T13:47:58.317Z] [INFO] Processing job 459 (kot) for Kitchen Printer
[2026-01-15T13:47:59.122Z] [INFO] Connecting to network printer: 192.168.123.101:9100
[2026-01-15T13:48:04.197Z] [INFO] ✓ Job 459 printed successfully
[2026-01-15T13:55:04.190Z] [INFO] Found 1 pending job(s)
[2026-01-15T13:55:04.204Z] [INFO] Found 1 pending job(s)
[2026-01-15T13:55:04.206Z] [INFO] Processing job 460 (receipt) for Customer Receipt
[2026-01-15T13:55:05.027Z] [INFO] Connecting to network printer: 192.168.123.102:9100
[2026-01-15T13:55:05.318Z] [INFO] ✓ Job 460 printed successfully
[2026-01-15T13:56:46.694Z] [INFO] Found 1 pending job(s)
[2026-01-15T13:56:46.696Z] [INFO] Found 1 pending job(s)
[2026-01-15T13:56:46.699Z] [INFO] Processing job 461 (receipt) for Customer Receipt
[2026-01-15T13:56:47.555Z] [INFO] Connecting to network printer: 192.168.123.102:9100
[2026-01-15T13:56:47.835Z] [INFO] ✓ Job 461 printed successfully
[2026-01-15T13:56:54.725Z] [INFO] Found 1 pending job(s)
[2026-01-15T13:56:54.726Z] [INFO] Found 1 pending job(s)
[2026-01-15T13:56:54.727Z] [INFO] Processing job 462 (receipt) for Customer Receipt
[2026-01-15T13:56:55.542Z] [INFO] Connecting to network printer: 192.168.123.102:9100
[2026-01-15T13:56:55.831Z] [INFO] ✓ Job 462 printed successfully
[2026-01-15T14:29:34.628Z] [ERROR] Failed to fetch pending jobs
{
  "error": "fetch failed"
}
[2026-01-15T14:39:11.742Z] [INFO] Found 1 pending job(s)
[2026-01-15T14:39:11.744Z] [INFO] Found 1 pending job(s)
[2026-01-15T14:39:11.745Z] [INFO] Processing job 463 (receipt) for Customer Receipt
[2026-01-15T14:39:12.586Z] [INFO] Connecting to network printer: 192.168.123.102:9100
[2026-01-15T14:39:17.708Z] [INFO] ✓ Job 463 printed successfully
[2026-01-15T14:43:16.924Z] [INFO] Found 2 pending job(s)
[2026-01-15T14:43:16.925Z] [INFO] Found 2 pending job(s)
[2026-01-15T14:43:16.926Z] [INFO] Processing job 464 (kot) for Kitchen Printer
[2026-01-15T14:43:17.735Z] [INFO] Connecting to network printer: 192.168.123.101:9100
[2026-01-15T14:43:18.937Z] [INFO] Found 1 pending job(s)
[2026-01-15T14:43:18.938Z] [INFO] Found 1 pending job(s)
[2026-01-15T14:43:18.940Z] [INFO] Processing job 465 (bar_ticket) for Bar Printer
[2026-01-15T14:43:19.211Z] [INFO] Connecting to network printer: 192.168.123.102:9100
[2026-01-15T14:43:19.493Z] [INFO] ✓ Job 465 printed successfully
[2026-01-15T14:43:22.700Z] [INFO] ✓ Job 464 printed successfully
[2026-01-15T14:43:22.701Z] [INFO] Processing job 465 (bar_ticket) for Bar Printer
[2026-01-15T14:43:23.510Z] [INFO] Connecting to network printer: 192.168.123.102:9100
[2026-01-15T14:43:23.789Z] [INFO] ✓ Job 465 printed successfully
[2026-01-15T14:44:19.263Z] [INFO] Found 1 pending job(s)
[2026-01-15T14:44:19.264Z] [INFO] Found 1 pending job(s)
[2026-01-15T14:44:19.265Z] [INFO] Processing job 466 (receipt) for Customer Receipt
[2026-01-15T14:44:20.076Z] [INFO] Connecting to network printer: 192.168.123.102:9100
[2026-01-15T14:44:20.353Z] [INFO] ✓ Job 466 printed successfully
[2026-01-15T14:49:56.642Z] [INFO] Found 2 pending job(s)
[2026-01-15T14:49:56.644Z] [INFO] Found 2 pending job(s)
[2026-01-15T14:49:56.645Z] [INFO] Processing job 467 (kot) for Kitchen Printer
[2026-01-15T14:49:57.474Z] [INFO] Connecting to network printer: 192.168.123.101:9100
[2026-01-15T14:49:57.751Z] [INFO] ✓ Job 467 printed successfully
[2026-01-15T14:49:57.752Z] [INFO] Processing job 468 (bar_ticket) for Bar Printer
[2026-01-15T14:49:58.030Z] [INFO] Connecting to network printer: 192.168.123.102:9100
[2026-01-15T14:49:58.319Z] [INFO] ✓ Job 468 printed successfully
[2026-01-15T14:54:35.646Z] [ERROR] Failed to fetch pending jobs
{
  "error": "fetch failed"
}
[2026-01-15T15:04:05.991Z] [INFO] Found 1 pending job(s)
[2026-01-15T15:04:05.993Z] [INFO] Found 1 pending job(s)
[2026-01-15T15:04:05.993Z] [INFO] Processing job 469 (kot) for Kitchen Printer
[2026-01-15T15:04:06.840Z] [INFO] Connecting to network printer: 192.168.123.101:9100
[2026-01-15T15:04:11.709Z] [INFO] ✓ Job 469 printed successfully
[2026-01-15T15:36:49.995Z] [INFO] Found 1 pending job(s)
[2026-01-15T15:36:49.997Z] [INFO] Found 1 pending job(s)
[2026-01-15T15:36:49.999Z] [INFO] Processing job 470 (kot) for Kitchen Printer
[2026-01-15T15:36:50.827Z] [INFO] Connecting to network printer: 192.168.123.101:9100
[2026-01-15T15:36:55.697Z] [INFO] ✓ Job 470 printed successfully
[2026-01-15T15:37:34.216Z] [INFO] Found 1 pending job(s)
[2026-01-15T15:37:34.218Z] [INFO] Found 1 pending job(s)
[2026-01-15T15:37:34.219Z] [INFO] Processing job 471 (kot) for Kitchen Printer
[2026-01-15T15:37:34.493Z] [INFO] Connecting to network printer: 192.168.123.101:9100
[2026-01-15T15:37:34.774Z] [INFO] ✓ Job 471 printed successfully
[2026-01-15T15:38:10.399Z] [INFO] Found 1 pending job(s)
[2026-01-15T15:38:10.401Z] [INFO] Found 1 pending job(s)
[2026-01-15T15:38:10.402Z] [INFO] Processing job 472 (receipt) for Customer Receipt
[2026-01-15T15:38:11.198Z] [INFO] Connecting to network printer: 192.168.123.102:9100
[2026-01-15T15:38:16.217Z] [INFO] ✓ Job 472 printed successfully
[2026-01-15T15:41:39.462Z] [INFO] Found 1 pending job(s)
[2026-01-15T15:41:39.477Z] [INFO] Found 1 pending job(s)
[2026-01-15T15:41:39.509Z] [INFO] Processing job 473 (receipt) for Customer Receipt
[2026-01-15T15:41:40.344Z] [INFO] Connecting to network printer: 192.168.123.102:9100
[2026-01-15T15:41:40.617Z] [INFO] ✓ Job 473 printed successfully
[2026-01-15T15:46:51.080Z] [INFO] Found 1 pending job(s)
[2026-01-15T15:46:51.081Z] [INFO] Found 1 pending job(s)
[2026-01-15T15:46:51.082Z] [INFO] Processing job 474 (kot) for Kitchen Printer
[2026-01-15T15:46:51.888Z] [INFO] Connecting to network printer: 192.168.123.101:9100
[2026-01-15T15:46:52.166Z] [INFO] ✓ Job 474 printed successfully
[2026-01-15T15:47:41.312Z] [INFO] Found 1 pending job(s)
[2026-01-15T15:47:41.313Z] [INFO] Found 1 pending job(s)
[2026-01-15T15:47:41.314Z] [INFO] Processing job 475 (receipt) for Customer Receipt
[2026-01-15T15:47:42.121Z] [INFO] Connecting to network printer: 192.168.123.102:9100
[2026-01-15T15:47:42.395Z] [INFO] ✓ Job 475 printed successfully
[2026-01-15T15:50:42.298Z] [INFO] Found 1 pending job(s)
[2026-01-15T15:50:42.299Z] [INFO] Found 1 pending job(s)
[2026-01-15T15:50:42.301Z] [INFO] Processing job 476 (receipt) for Customer Receipt
[2026-01-15T15:50:43.119Z] [INFO] Connecting to network printer: 192.168.123.102:9100
[2026-01-15T15:50:43.391Z] [INFO] ✓ Job 476 printed successfully
[2026-01-15T16:04:30.346Z] [INFO] Found 1 pending job(s)
[2026-01-15T16:04:30.348Z] [INFO] Found 1 pending job(s)
[2026-01-15T16:04:30.349Z] [INFO] Processing job 477 (bar_ticket) for Bar Printer
[2026-01-15T16:04:31.159Z] [INFO] Connecting to network printer: 192.168.123.102:9100
[2026-01-15T16:04:36.205Z] [INFO] ✓ Job 477 printed successfully
[2026-01-15T16:26:48.700Z] [INFO] Found 1 pending job(s)
[2026-01-15T16:26:48.702Z] [INFO] Found 1 pending job(s)
[2026-01-15T16:26:48.704Z] [INFO] Processing job 478 (receipt) for Customer Receipt
[2026-01-15T16:26:49.510Z] [INFO] Connecting to network printer: 192.168.123.102:9100
[2026-01-15T16:26:54.706Z] [INFO] ✓ Job 478 printed successfully
[2026-01-15T16:32:14.483Z] [INFO] Found 1 pending job(s)
[2026-01-15T16:32:14.485Z] [INFO] Found 1 pending job(s)
[2026-01-15T16:32:14.487Z] [INFO] Processing job 479 (receipt) for Customer Receipt
[2026-01-15T16:32:15.312Z] [INFO] Connecting to network printer: 192.168.123.102:9100
[2026-01-15T16:32:15.588Z] [INFO] ✓ Job 479 printed successfully
[2026-01-15T16:54:53.507Z] [INFO] Found 1 pending job(s)
[2026-01-15T16:54:53.508Z] [INFO] Found 1 pending job(s)
[2026-01-15T16:54:53.509Z] [INFO] Processing job 480 (receipt) for Customer Receipt
[2026-01-15T16:54:54.353Z] [INFO] Connecting to network printer: 192.168.123.102:9100
[2026-01-15T16:54:59.212Z] [INFO] ✓ Job 480 printed successfully
[2026-01-15T17:02:23.960Z] [INFO] Found 1 pending job(s)
[2026-01-15T17:02:23.962Z] [INFO] Found 1 pending job(s)
[2026-01-15T17:02:23.963Z] [INFO] Processing job 481 (receipt) for Customer Receipt
[2026-01-15T17:02:24.808Z] [INFO] Connecting to network printer: 192.168.123.102:9100
[2026-01-15T17:02:25.092Z] [INFO] ✓ Job 481 printed successfully
[2026-01-15T17:27:09.558Z] [ERROR] Failed to fetch pending jobs
{
  "error": "fetch failed"
}
[2026-01-16T05:07:28.074Z] [INFO] Print server starting...
[2026-01-16T05:07:28.077Z] [INFO] API: https://kamikuralk.online/api
[2026-01-16T05:07:28.078Z] [INFO] Poll interval: 2000ms
[2026-01-16T05:07:28.079Z] [INFO] Retry interval: 30000ms
[2026-01-16T05:07:28.079Z] [INFO] ✓ Print server running. Press Ctrl+C to stop.
[2026-01-16T05:07:29.073Z] [INFO] Found 2 pending job(s)
[2026-01-16T05:07:29.074Z] [INFO] Found 2 pending job(s)
[2026-01-16T05:07:29.075Z] [INFO] Processing job 482 (kot) for Kitchen Printer
[2026-01-16T05:07:30.523Z] [INFO] Connecting to network printer: 192.168.123.101:9100
[2026-01-16T05:07:30.804Z] [INFO] Found 1 pending job(s)
[2026-01-16T05:07:30.805Z] [INFO] Found 1 pending job(s)
[2026-01-16T05:07:30.805Z] [INFO] Processing job 483 (kot) for Kitchen Printer
[2026-01-16T05:07:30.911Z] [INFO] ✓ Job 482 printed successfully
[2026-01-16T05:07:30.912Z] [INFO] Processing job 483 (kot) for Kitchen Printer
[2026-01-16T05:07:31.203Z] [INFO] Connecting to network printer: 192.168.123.101:9100
[2026-01-16T05:07:31.493Z] [INFO] ✓ Job 483 printed successfully
[2026-01-16T05:07:31.629Z] [INFO] Connecting to network printer: 192.168.123.101:9100
[2026-01-16T05:07:31.931Z] [INFO] ✓ Job 483 printed successfully
[2026-01-16T05:39:50.170Z] [ERROR] Failed to fetch pending jobs
{
  "error": "fetch failed"
}
[2026-01-16T06:14:37.023Z] [INFO] Found 1 pending job(s)
[2026-01-16T06:14:37.024Z] [INFO] Found 1 pending job(s)
[2026-01-16T06:14:37.025Z] [INFO] Processing job 484 (receipt) for Customer Receipt
[2026-01-16T06:14:37.862Z] [INFO] Connecting to network printer: 192.168.123.102:9100
[2026-01-16T06:14:38.147Z] [INFO] ✓ Job 484 printed successfully
[2026-01-16T06:16:01.456Z] [INFO] Found 1 pending job(s)
[2026-01-16T06:16:01.457Z] [INFO] Found 1 pending job(s)
[2026-01-16T06:16:01.459Z] [INFO] Processing job 485 (receipt) for Customer Receipt
[2026-01-16T06:16:02.268Z] [INFO] Connecting to network printer: 192.168.123.102:9100
[2026-01-16T06:16:02.551Z] [INFO] ✓ Job 485 printed successfully
[2026-01-16T06:16:09.495Z] [INFO] Found 1 pending job(s)
[2026-01-16T06:16:09.498Z] [INFO] Found 1 pending job(s)
[2026-01-16T06:16:09.501Z] [INFO] Processing job 486 (receipt) for Customer Receipt
[2026-01-16T06:16:10.309Z] [INFO] Connecting to network printer: 192.168.123.102:9100
[2026-01-16T06:16:10.586Z] [INFO] ✓ Job 486 printed successfully
[2026-01-16T06:35:41.561Z] [ERROR] Failed to fetch pending jobs
{
  "error": "fetch failed"
}
[2026-01-16T07:05:42.831Z] [INFO] Found 2 pending job(s)
[2026-01-16T07:05:42.832Z] [INFO] Found 2 pending job(s)
[2026-01-16T07:05:42.833Z] [INFO] Processing job 487 (kot) for Kitchen Printer
[2026-01-16T07:05:43.657Z] [INFO] Connecting to network printer: 192.168.123.101:9100
[2026-01-16T07:05:44.052Z] [INFO] ✓ Job 487 printed successfully
[2026-01-16T07:05:44.052Z] [INFO] Processing job 488 (bar_ticket) for Bar Printer
[2026-01-16T07:05:44.336Z] [INFO] Connecting to network printer: 192.168.123.102:9100
[2026-01-16T07:05:44.664Z] [INFO] ✓ Job 488 printed successfully
[2026-01-16T07:30:12.688Z] [INFO] Found 1 pending job(s)
[2026-01-16T07:30:12.689Z] [INFO] Found 1 pending job(s)
[2026-01-16T07:30:12.691Z] [INFO] Processing job 489 (kot) for Kitchen Printer
[2026-01-16T07:30:13.502Z] [INFO] Connecting to network printer: 192.168.123.101:9100
[2026-01-16T07:30:13.880Z] [INFO] ✓ Job 489 printed successfully
[2026-01-16T08:04:15.455Z] [INFO] Found 1 pending job(s)
[2026-01-16T08:04:15.466Z] [INFO] Found 1 pending job(s)
[2026-01-16T08:04:15.467Z] [INFO] Processing job 490 (receipt) for Customer Receipt
[2026-01-16T08:04:16.301Z] [INFO] Connecting to network printer: 192.168.123.102:9100
[2026-01-16T08:04:16.641Z] [INFO] ✓ Job 490 printed successfully
[2026-01-16T09:27:15.002Z] [INFO] Found 1 pending job(s)
[2026-01-16T09:27:15.004Z] [INFO] Found 1 pending job(s)
[2026-01-16T09:27:15.005Z] [INFO] Processing job 491 (receipt) for Customer Receipt
[2026-01-16T09:27:15.824Z] [INFO] Connecting to network printer: 192.168.123.102:9100
[2026-01-16T09:27:20.696Z] [INFO] ✓ Job 491 printed successfully
[2026-01-16T09:28:15.259Z] [ERROR] Failed to fetch pending jobs
{
  "error": "fetch failed"
}
[2026-01-16T09:50:05.833Z] [ERROR] Failed to fetch pending jobs
{
  "error": "fetch failed"
}
[2026-01-16T09:57:55.938Z] [ERROR] Failed to fetch pending jobs
{
  "error": "fetch failed"
}
[2026-01-16T10:12:46.372Z] [ERROR] Failed to fetch pending jobs
{
  "error": "fetch failed"
}
[2026-01-16T11:22:47.969Z] [ERROR] Failed to fetch pending jobs
{
  "error": "fetch failed"
}
[2026-01-16T13:26:04.221Z] [INFO] Found 1 pending job(s)
[2026-01-16T13:26:04.223Z] [INFO] Found 1 pending job(s)
[2026-01-16T13:26:04.223Z] [INFO] Processing job 492 (kot) for Kitchen Printer
[2026-01-16T13:26:05.191Z] [INFO] Connecting to network printer: 192.168.123.101:9100
[2026-01-16T13:26:10.228Z] [INFO] ✓ Job 492 printed successfully
[2026-01-16T13:50:55.712Z] [INFO] Found 1 pending job(s)
[2026-01-16T13:50:55.714Z] [INFO] Found 1 pending job(s)
[2026-01-16T13:50:55.715Z] [INFO] Processing job 493 (receipt) for Customer Receipt
[2026-01-16T13:50:56.521Z] [INFO] Connecting to network printer: 192.168.123.102:9100
[2026-01-16T13:51:01.686Z] [INFO] ✓ Job 493 printed successfully
[2026-01-16T14:27:36.836Z] [INFO] Found 1 pending job(s)
[2026-01-16T14:27:36.838Z] [INFO] Found 1 pending job(s)
[2026-01-16T14:27:36.839Z] [INFO] Processing job 494 (kot) for Kitchen Printer
[2026-01-16T14:27:37.706Z] [INFO] Connecting to network printer: 192.168.123.101:9100
[2026-01-16T14:27:42.697Z] [INFO] ✓ Job 494 printed successfully
[2026-01-16T14:39:34.420Z] [INFO] Found 1 pending job(s)
[2026-01-16T14:39:34.421Z] [INFO] Found 1 pending job(s)
[2026-01-16T14:39:34.422Z] [INFO] Processing job 495 (kot) for Kitchen Printer
[2026-01-16T14:39:35.238Z] [INFO] Connecting to network printer: 192.168.123.101:9100
[2026-01-16T14:39:35.515Z] [INFO] ✓ Job 495 printed successfully
[2026-01-16T14:41:00.878Z] [INFO] Found 1 pending job(s)
[2026-01-16T14:41:00.880Z] [INFO] Found 1 pending job(s)
[2026-01-16T14:41:00.881Z] [INFO] Processing job 496 (receipt) for Customer Receipt
[2026-01-16T14:41:01.700Z] [INFO] Connecting to network printer: 192.168.123.102:9100
[2026-01-16T14:41:06.691Z] [INFO] ✓ Job 496 printed successfully
[2026-01-16T15:27:33.059Z] [INFO] Found 1 pending job(s)
[2026-01-16T15:27:33.061Z] [INFO] Found 1 pending job(s)
[2026-01-16T15:27:33.063Z] [INFO] Processing job 497 (receipt) for Customer Receipt
[2026-01-16T15:27:33.882Z] [INFO] Connecting to network printer: 192.168.123.102:9100
[2026-01-16T15:27:38.702Z] [INFO] ✓ Job 497 printed successfully
[2026-01-16T15:27:45.127Z] [INFO] Found 1 pending job(s)
[2026-01-16T15:27:45.128Z] [INFO] Found 1 pending job(s)
[2026-01-16T15:27:45.129Z] [INFO] Processing job 498 (receipt) for Customer Receipt
[2026-01-16T15:27:45.974Z] [INFO] Connecting to network printer: 192.168.123.102:9100
[2026-01-16T15:27:46.259Z] [INFO] ✓ Job 498 printed successfully
[2026-01-16T17:35:38.605Z] [ERROR] Failed to fetch pending jobs
{
  "error": "fetch failed"
}
[2026-01-17T04:45:50.619Z] [INFO] Print server starting...
[2026-01-17T04:45:50.622Z] [INFO] API: https://kamikuralk.online/api
[2026-01-17T04:45:50.623Z] [INFO] Poll interval: 2000ms
[2026-01-17T04:45:50.623Z] [INFO] Retry interval: 30000ms
[2026-01-17T04:45:50.624Z] [INFO] ✓ Print server running. Press Ctrl+C to stop.
[2026-01-17T05:05:27.940Z] [ERROR] Failed to fetch pending jobs
{
  "error": "fetch failed"
}
[2026-01-17T05:14:08.169Z] [ERROR] Failed to fetch pending jobs
{
  "error": "fetch failed"
}
[2026-01-17T05:29:48.486Z] [ERROR] Failed to fetch pending jobs
{
  "error": "fetch failed"
}
[2026-01-17T05:36:58.682Z] [ERROR] Failed to fetch pending jobs
{
  "error": "fetch failed"
}
[2026-01-17T07:21:43.015Z] [INFO] Found 2 pending job(s)
[2026-01-17T07:21:43.016Z] [INFO] Found 2 pending job(s)
[2026-01-17T07:21:43.018Z] [INFO] Processing job 499 (kot) for Kitchen Printer
[2026-01-17T07:21:44.462Z] [INFO] Connecting to network printer: 192.168.123.101:9100
[2026-01-17T07:21:44.857Z] [INFO] ✓ Job 499 printed successfully
[2026-01-17T07:21:44.858Z] [INFO] Processing job 500 (bar_ticket) for Bar Printer
[2026-01-17T07:21:45.003Z] [INFO] Found 1 pending job(s)
[2026-01-17T07:21:45.004Z] [INFO] Found 1 pending job(s)
[2026-01-17T07:21:45.005Z] [INFO] Processing job 500 (bar_ticket) for Bar Printer
[2026-01-17T07:21:45.282Z] [INFO] Connecting to network printer: 192.168.123.102:9100
[2026-01-17T07:21:45.573Z] [INFO] ✓ Job 500 printed successfully
[2026-01-17T07:21:45.668Z] [INFO] Connecting to network printer: 192.168.123.102:9100
[2026-01-17T07:21:45.963Z] [INFO] ✓ Job 500 printed successfully
[2026-01-17T07:39:09.659Z] [ERROR] Failed to fetch pending jobs
{
  "error": "fetch failed"
}
[2026-01-17T07:39:12.138Z] [ERROR] Failed to fetch pending jobs
{
  "error": "fetch failed"
}
[2026-01-17T07:39:12.173Z] [ERROR] Failed to fetch pending jobs
{
  "error": "fetch failed"
}
[2026-01-17T07:39:14.173Z] [ERROR] Failed to fetch pending jobs
{
  "error": "fetch failed"
}
[2026-01-17T07:39:15.673Z] [ERROR] Failed to fetch pending jobs
{
  "error": "fetch failed"
}
[2026-01-17T07:39:17.673Z] [ERROR] Failed to fetch pending jobs
{
  "error": "fetch failed"
}
[2026-01-17T07:39:20.172Z] [ERROR] Failed to fetch pending jobs
{
  "error": "fetch failed"
}
[2026-01-17T07:39:22.172Z] [ERROR] Failed to fetch pending jobs
{
  "error": "fetch failed"
}
[2026-01-17T07:39:27.673Z] [ERROR] Failed to fetch pending jobs
{
  "error": "fetch failed"
}
[2026-01-17T07:39:29.672Z] [ERROR] Failed to fetch pending jobs
{
  "error": "fetch failed"
}
[2026-01-17T07:39:32.171Z] [ERROR] Failed to fetch pending jobs
{
  "error": "fetch failed"
}
[2026-01-17T07:39:36.171Z] [ERROR] Failed to fetch pending jobs
{
  "error": "fetch failed"
}
[2026-01-17T07:45:39.566Z] [INFO] Found 1 pending job(s)
[2026-01-17T07:45:39.567Z] [INFO] Found 1 pending job(s)
[2026-01-17T07:45:39.568Z] [INFO] Processing job 501 (receipt) for Customer Receipt
[2026-01-17T07:45:40.386Z] [INFO] Connecting to network printer: 192.168.123.102:9100
[2026-01-17T07:45:40.764Z] [INFO] ✓ Job 501 printed successfully
[2026-01-17T07:49:34.639Z] [INFO] Found 1 pending job(s)
[2026-01-17T07:49:34.640Z] [INFO] Found 1 pending job(s)
[2026-01-17T07:49:34.641Z] [INFO] Processing job 502 (receipt) for Customer Receipt
[2026-01-17T07:49:35.445Z] [INFO] Connecting to network printer: 192.168.123.102:9100
[2026-01-17T07:49:35.728Z] [INFO] ✓ Job 502 printed successfully
[2026-01-17T08:43:35.751Z] [INFO] Found 1 pending job(s)
[2026-01-17T08:43:35.752Z] [INFO] Found 1 pending job(s)
[2026-01-17T08:43:35.753Z] [INFO] Processing job 503 (kot) for Kitchen Printer
[2026-01-17T08:43:36.570Z] [INFO] Connecting to network printer: 192.168.123.101:9100
[2026-01-17T08:43:41.663Z] [INFO] ✓ Job 503 printed successfully
[2026-01-17T08:56:43.346Z] [ERROR] Failed to fetch pending jobs
{
  "error": "fetch failed"
}
[2026-01-17T08:57:33.404Z] [ERROR] Failed to fetch pending jobs
{
  "error": "fetch failed"
}
[2026-01-17T09:20:09.603Z] [INFO] Found 1 pending job(s)
[2026-01-17T09:20:09.604Z] [INFO] Found 1 pending job(s)
[2026-01-17T09:20:09.605Z] [INFO] Processing job 504 (receipt) for Customer Receipt
[2026-01-17T09:20:10.431Z] [INFO] Connecting to network printer: 192.168.123.102:9100
[2026-01-17T09:20:16.195Z] [INFO] ✓ Job 504 printed successfully
[2026-01-17T09:21:21.904Z] [INFO] Found 1 pending job(s)
[2026-01-17T09:21:21.905Z] [INFO] Found 1 pending job(s)
[2026-01-17T09:21:21.905Z] [INFO] Processing job 505 (receipt) for Customer Receipt
[2026-01-17T09:21:22.713Z] [INFO] Connecting to network printer: 192.168.123.102:9100
[2026-01-17T09:21:23.000Z] [INFO] ✓ Job 505 printed successfully
[2026-01-17T10:50:00.234Z] [INFO] Found 1 pending job(s)
[2026-01-17T10:50:00.235Z] [INFO] Found 1 pending job(s)
[2026-01-17T10:50:00.236Z] [INFO] Processing job 506 (kot) for Kitchen Printer
[2026-01-17T10:50:01.053Z] [INFO] Connecting to network printer: 192.168.123.101:9100
[2026-01-17T10:50:06.192Z] [INFO] ✓ Job 506 printed successfully
[2026-01-17T10:59:08.812Z] [INFO] Found 1 pending job(s)
[2026-01-17T10:59:08.813Z] [INFO] Found 1 pending job(s)
[2026-01-17T10:59:08.814Z] [INFO] Processing job 507 (kot) for Kitchen Printer
[2026-01-17T10:59:09.641Z] [INFO] Connecting to network printer: 192.168.123.101:9100
[2026-01-17T10:59:09.918Z] [INFO] ✓ Job 507 printed successfully
[2026-01-17T11:18:13.838Z] [INFO] Found 1 pending job(s)
[2026-01-17T11:18:13.839Z] [INFO] Found 1 pending job(s)
[2026-01-17T11:18:13.840Z] [INFO] Processing job 508 (kot) for Kitchen Printer
[2026-01-17T11:18:14.656Z] [INFO] Connecting to network printer: 192.168.123.101:9100
[2026-01-17T11:18:19.688Z] [INFO] ✓ Job 508 printed successfully
[2026-01-17T11:35:54.729Z] [INFO] Found 1 pending job(s)
[2026-01-17T11:35:54.730Z] [INFO] Found 1 pending job(s)
[2026-01-17T11:35:54.731Z] [INFO] Processing job 509 (receipt) for Customer Receipt
[2026-01-17T11:35:55.535Z] [INFO] Connecting to network printer: 192.168.123.102:9100
[2026-01-17T11:36:00.674Z] [INFO] ✓ Job 509 printed successfully
[2026-01-17T11:37:25.097Z] [INFO] Found 1 pending job(s)
[2026-01-17T11:37:25.098Z] [INFO] Found 1 pending job(s)
[2026-01-17T11:37:25.099Z] [INFO] Processing job 510 (receipt) for Customer Receipt
[2026-01-17T11:37:25.929Z] [INFO] Connecting to network printer: 192.168.123.102:9100
[2026-01-17T11:37:26.207Z] [INFO] ✓ Job 510 printed successfully
[2026-01-17T11:40:29.913Z] [INFO] Found 1 pending job(s)
[2026-01-17T11:40:29.914Z] [INFO] Found 1 pending job(s)
[2026-01-17T11:40:29.915Z] [INFO] Processing job 511 (receipt) for Customer Receipt
[2026-01-17T11:40:30.755Z] [INFO] Connecting to network printer: 192.168.123.102:9100
[2026-01-17T11:40:31.034Z] [INFO] ✓ Job 511 printed successfully
[2026-01-17T11:46:01.446Z] [INFO] Found 1 pending job(s)
[2026-01-17T11:46:01.447Z] [INFO] Found 1 pending job(s)
[2026-01-17T11:46:01.448Z] [INFO] Processing job 512 (kot) for Kitchen Printer
[2026-01-17T11:46:02.272Z] [INFO] Connecting to network printer: 192.168.123.101:9100
[2026-01-17T11:46:07.169Z] [INFO] ✓ Job 512 printed successfully
[2026-01-17T11:52:31.251Z] [INFO] Found 1 pending job(s)
[2026-01-17T11:52:31.252Z] [INFO] Found 1 pending job(s)
[2026-01-17T11:52:31.253Z] [INFO] Processing job 513 (kot) for Kitchen Printer
[2026-01-17T11:52:32.085Z] [INFO] Connecting to network printer: 192.168.123.101:9100
[2026-01-17T11:52:32.373Z] [INFO] ✓ Job 513 printed successfully
[2026-01-17T12:04:28.590Z] [INFO] Found 1 pending job(s)
[2026-01-17T12:04:28.592Z] [INFO] Found 1 pending job(s)
[2026-01-17T12:04:28.593Z] [INFO] Processing job 514 (receipt) for Customer Receipt
[2026-01-17T12:04:29.407Z] [INFO] Connecting to network printer: 192.168.123.102:9100
[2026-01-17T12:04:35.229Z] [INFO] ✓ Job 514 printed successfully
[2026-01-17T12:04:56.699Z] [INFO] Found 1 pending job(s)
[2026-01-17T12:04:56.700Z] [INFO] Found 1 pending job(s)
[2026-01-17T12:04:56.701Z] [INFO] Processing job 515 (receipt) for Customer Receipt
[2026-01-17T12:04:57.529Z] [INFO] Connecting to network printer: 192.168.123.102:9100
[2026-01-17T12:04:57.806Z] [INFO] ✓ Job 515 printed successfully
[2026-01-17T12:05:16.765Z] [INFO] Found 1 pending job(s)
[2026-01-17T12:05:16.766Z] [INFO] Found 1 pending job(s)
[2026-01-17T12:05:16.766Z] [INFO] Processing job 516 (receipt) for Customer Receipt
[2026-01-17T12:05:17.574Z] [INFO] Connecting to network printer: 192.168.123.102:9100
[2026-01-17T12:05:17.851Z] [INFO] ✓ Job 516 printed successfully
[2026-01-17T13:48:37.601Z] [INFO] Found 1 pending job(s)
[2026-01-17T13:48:37.602Z] [INFO] Found 1 pending job(s)
[2026-01-17T13:48:37.603Z] [INFO] Processing job 517 (kot) for Kitchen Printer
[2026-01-17T13:48:38.434Z] [INFO] Connecting to network printer: 192.168.123.101:9100
[2026-01-17T13:48:44.203Z] [INFO] ✓ Job 517 printed successfully
[2026-01-17T14:30:41.462Z] [ERROR] Failed to fetch pending jobs
{
  "error": "fetch failed"
}
[2026-01-17T14:32:41.963Z] [INFO] Found 1 pending job(s)
[2026-01-17T14:32:41.964Z] [INFO] Found 1 pending job(s)
[2026-01-17T14:32:41.964Z] [INFO] Processing job 518 (kot) for Kitchen Printer
[2026-01-17T14:32:42.787Z] [INFO] Connecting to network printer: 192.168.123.101:9100
[2026-01-17T14:32:47.672Z] [INFO] ✓ Job 518 printed successfully
[2026-01-17T14:37:51.416Z] [INFO] Found 1 pending job(s)
[2026-01-17T14:37:51.417Z] [INFO] Found 1 pending job(s)
[2026-01-17T14:37:51.418Z] [INFO] Processing job 519 (receipt) for Customer Receipt
[2026-01-17T14:37:52.272Z] [INFO] Connecting to network printer: 192.168.123.102:9100
[2026-01-17T14:37:57.192Z] [INFO] ✓ Job 519 printed successfully
[2026-01-17T14:40:26.172Z] [INFO] Found 1 pending job(s)
[2026-01-17T14:40:26.173Z] [INFO] Found 1 pending job(s)
[2026-01-17T14:40:26.173Z] [INFO] Processing job 520 (kot) for Kitchen Printer
[2026-01-17T14:40:27.001Z] [INFO] Connecting to network printer: 192.168.123.101:9100
[2026-01-17T14:40:27.275Z] [INFO] ✓ Job 520 printed successfully
[2026-01-17T14:52:23.553Z] [INFO] Found 1 pending job(s)
[2026-01-17T14:52:23.554Z] [INFO] Found 1 pending job(s)
[2026-01-17T14:52:23.555Z] [INFO] Processing job 521 (receipt) for Customer Receipt
[2026-01-17T14:52:24.366Z] [INFO] Connecting to network printer: 192.168.123.102:9100
[2026-01-17T14:52:24.643Z] [INFO] ✓ Job 521 printed successfully
[2026-01-17T15:16:32.908Z] [INFO] Found 1 pending job(s)
[2026-01-17T15:16:32.910Z] [INFO] Found 1 pending job(s)
[2026-01-17T15:16:32.911Z] [INFO] Processing job 522 (receipt) for Customer Receipt
[2026-01-17T15:16:34.139Z] [INFO] Connecting to network printer: 192.168.123.102:9100
[2026-01-17T15:16:39.169Z] [INFO] ✓ Job 522 printed successfully
[2026-01-17T15:21:47.765Z] [INFO] Found 1 pending job(s)
[2026-01-17T15:21:47.766Z] [INFO] Found 1 pending job(s)
[2026-01-17T15:21:47.766Z] [INFO] Processing job 523 (receipt) for Customer Receipt
[2026-01-17T15:21:48.576Z] [INFO] Connecting to network printer: 192.168.123.102:9100
[2026-01-17T15:21:48.853Z] [INFO] ✓ Job 523 printed successfully
[2026-01-17T16:06:34.265Z] [INFO] Found 1 pending job(s)
[2026-01-17T16:06:34.266Z] [INFO] Found 1 pending job(s)
[2026-01-17T16:06:34.267Z] [INFO] Processing job 524 (kot) for Kitchen Printer
[2026-01-17T16:06:35.100Z] [INFO] Connecting to network printer: 192.168.123.101:9100
[2026-01-17T16:06:40.163Z] [INFO] ✓ Job 524 printed successfully
[2026-01-17T16:29:08.478Z] [INFO] Found 1 pending job(s)
[2026-01-17T16:29:08.479Z] [INFO] Found 1 pending job(s)
[2026-01-17T16:29:08.480Z] [INFO] Processing job 525 (kot) for Kitchen Printer
[2026-01-17T16:29:09.310Z] [INFO] Connecting to network printer: 192.168.123.101:9100
[2026-01-17T16:29:14.171Z] [INFO] ✓ Job 525 printed successfully
[2026-01-17T16:31:04.984Z] [INFO] Found 2 pending job(s)
[2026-01-17T16:31:04.985Z] [INFO] Found 2 pending job(s)
[2026-01-17T16:31:04.986Z] [INFO] Processing job 526 (kot) for Kitchen Printer
[2026-01-17T16:31:05.792Z] [INFO] Connecting to network printer: 192.168.123.101:9100
[2026-01-17T16:31:06.070Z] [INFO] ✓ Job 526 printed successfully
[2026-01-17T16:31:06.071Z] [INFO] Processing job 527 (bar_ticket) for Bar Printer
[2026-01-17T16:31:06.340Z] [INFO] Connecting to network printer: 192.168.123.102:9100
[2026-01-17T16:31:11.708Z] [INFO] ✓ Job 527 printed successfully
[2026-01-17T16:51:08.671Z] [INFO] Found 2 pending job(s)
[2026-01-17T16:51:08.672Z] [INFO] Found 2 pending job(s)
[2026-01-17T16:51:08.673Z] [INFO] Processing job 528 (kot) for Kitchen Printer
[2026-01-17T16:51:09.488Z] [INFO] Connecting to network printer: 192.168.123.101:9100
[2026-01-17T16:51:10.687Z] [INFO] Found 1 pending job(s)
[2026-01-17T16:51:10.688Z] [INFO] Found 1 pending job(s)
[2026-01-17T16:51:10.689Z] [INFO] Processing job 529 (bar_ticket) for Bar Printer
[2026-01-17T16:51:10.963Z] [INFO] Connecting to network printer: 192.168.123.102:9100
[2026-01-17T16:51:14.666Z] [INFO] ✓ Job 528 printed successfully
[2026-01-17T16:51:14.667Z] [INFO] Processing job 529 (bar_ticket) for Bar Printer
[2026-01-17T16:51:15.480Z] [WARN] Failed to update job 529 status
{
  "success": false,
  "error": "Job not found or already updated"
}
[2026-01-17T16:51:15.482Z] [INFO] Connecting to network printer: 192.168.123.102:9100
[2026-01-17T16:51:16.177Z] [INFO] ✓ Job 529 printed successfully
[2026-01-17T16:51:18.279Z] [INFO] ✓ Job 529 printed successfully
[2026-01-17T16:52:35.112Z] [INFO] Found 1 pending job(s)
[2026-01-17T16:52:35.113Z] [INFO] Found 1 pending job(s)
[2026-01-17T16:52:35.114Z] [INFO] Processing job 530 (receipt) for Customer Receipt
[2026-01-17T16:52:35.931Z] [INFO] Connecting to network printer: 192.168.123.102:9100
[2026-01-17T16:52:36.216Z] [INFO] ✓ Job 530 printed successfully
[2026-01-17T16:55:27.838Z] [INFO] Found 1 pending job(s)
[2026-01-17T16:55:27.839Z] [INFO] Found 1 pending job(s)
[2026-01-17T16:55:27.840Z] [INFO] Processing job 531 (kot) for Kitchen Printer
[2026-01-17T16:55:28.656Z] [INFO] Connecting to network printer: 192.168.123.101:9100
[2026-01-17T16:55:28.935Z] [INFO] ✓ Job 531 printed successfully
[2026-01-17T17:10:34.384Z] [INFO] Found 1 pending job(s)
[2026-01-17T17:10:34.386Z] [INFO] Found 1 pending job(s)
[2026-01-17T17:10:34.388Z] [INFO] Processing job 532 (kot) for Kitchen Printer
[2026-01-17T17:10:35.225Z] [INFO] Connecting to network printer: 192.168.123.101:9100
[2026-01-17T17:10:35.516Z] [INFO] ✓ Job 532 printed successfully
[2026-01-17T17:16:24.104Z] [INFO] Found 1 pending job(s)
[2026-01-17T17:16:24.106Z] [INFO] Found 1 pending job(s)
[2026-01-17T17:16:24.107Z] [INFO] Processing job 533 (receipt) for Customer Receipt
[2026-01-17T17:16:24.918Z] [INFO] Connecting to network printer: 192.168.123.102:9100
[2026-01-17T17:16:30.711Z] [INFO] ✓ Job 533 printed successfully
[2026-01-17T17:18:58.834Z] [INFO] Found 1 pending job(s)
[2026-01-17T17:18:58.835Z] [INFO] Found 1 pending job(s)
[2026-01-17T17:18:58.836Z] [INFO] Processing job 534 (receipt) for Customer Receipt
[2026-01-17T17:18:59.682Z] [INFO] Connecting to network printer: 192.168.123.102:9100
[2026-01-17T17:18:59.961Z] [INFO] ✓ Job 534 printed successfully
[2026-01-17T17:23:38.239Z] [INFO] Found 1 pending job(s)
[2026-01-17T17:23:38.240Z] [INFO] Found 1 pending job(s)
[2026-01-17T17:23:38.241Z] [INFO] Processing job 535 (receipt) for Customer Receipt
[2026-01-17T17:23:39.050Z] [INFO] Connecting to network printer: 192.168.123.102:9100
[2026-01-17T17:23:39.330Z] [INFO] ✓ Job 535 printed successfully
[2026-01-17T17:23:56.359Z] [INFO] Found 1 pending job(s)
[2026-01-17T17:23:56.361Z] [INFO] Found 1 pending job(s)
[2026-01-17T17:23:56.361Z] [INFO] Processing job 536 (receipt) for Customer Receipt
[2026-01-17T17:23:57.174Z] [INFO] Connecting to network printer: 192.168.123.102:9100
[2026-01-17T17:23:57.455Z] [INFO] ✓ Job 536 printed successfully
[2026-01-17T17:29:18.042Z] [INFO] Found 1 pending job(s)
[2026-01-17T17:29:18.043Z] [INFO] Found 1 pending job(s)
[2026-01-17T17:29:18.044Z] [INFO] Processing job 537 (receipt) for Customer Receipt
[2026-01-17T17:29:18.881Z] [INFO] Connecting to network printer: 192.168.123.102:9100
[2026-01-17T17:29:19.162Z] [INFO] ✓ Job 537 printed successfully
[2026-01-17T17:48:02.017Z] [INFO] Found 1 pending job(s)
[2026-01-17T17:48:02.019Z] [INFO] Found 1 pending job(s)
[2026-01-17T17:48:02.019Z] [INFO] Processing job 538 (receipt) for Customer Receipt
[2026-01-17T17:48:03.544Z] [INFO] Connecting to network printer: 192.168.123.102:9100
[2026-01-17T17:48:08.682Z] [INFO] ✓ Job 538 printed successfully
[2026-01-17T17:48:51.893Z] [INFO] Found 1 pending job(s)
[2026-01-17T17:48:51.899Z] [INFO] Found 1 pending job(s)
[2026-01-17T17:48:51.901Z] [INFO] Processing job 539 (receipt) for Customer Receipt
[2026-01-17T17:48:52.741Z] [INFO] Connecting to network printer: 192.168.123.102:9100
[2026-01-17T17:48:53.028Z] [INFO] ✓ Job 539 printed successfully
[2026-01-18T05:45:10.888Z] [INFO] Print server starting...
[2026-01-18T05:45:10.891Z] [INFO] API: https://kamikuralk.online/api
[2026-01-18T05:45:10.892Z] [INFO] Poll interval: 2000ms
[2026-01-18T05:45:10.893Z] [INFO] Retry interval: 30000ms
[2026-01-18T05:45:10.894Z] [INFO] ✓ Print server running. Press Ctrl+C to stop.
[2026-01-18T05:46:13.462Z] [INFO] Found 1 pending job(s)
[2026-01-18T05:46:13.463Z] [INFO] Found 1 pending job(s)
[2026-01-18T05:46:13.465Z] [INFO] Processing job 540 (kot) for Kitchen Printer
[2026-01-18T05:46:15.390Z] [INFO] Connecting to network printer: 192.168.123.101:9100
[2026-01-18T05:46:15.867Z] [INFO] ✓ Job 540 printed successfully
[2026-01-18T07:31:15.751Z] [INFO] Found 1 pending job(s)
[2026-01-18T07:31:15.755Z] [INFO] Found 1 pending job(s)
[2026-01-18T07:31:15.756Z] [INFO] Processing job 541 (receipt) for Customer Receipt
[2026-01-18T07:31:16.610Z] [INFO] Connecting to network printer: 192.168.123.102:9100
[2026-01-18T07:31:16.908Z] [INFO] ✓ Job 541 printed successfully
[2026-01-18T07:31:27.808Z] [INFO] Found 1 pending job(s)
[2026-01-18T07:31:27.809Z] [INFO] Found 1 pending job(s)
[2026-01-18T07:31:27.810Z] [INFO] Processing job 542 (receipt) for Customer Receipt
[2026-01-18T07:31:28.623Z] [INFO] Connecting to network printer: 192.168.123.102:9100
[2026-01-18T07:31:28.910Z] [INFO] ✓ Job 542 printed successfully
[2026-01-18T08:00:38.643Z] [ERROR] Failed to fetch pending jobs
{
  "error": "fetch failed"
}
[2026-01-18T08:24:22.112Z] [INFO] Found 1 pending job(s)
[2026-01-18T08:24:22.113Z] [INFO] Found 1 pending job(s)
[2026-01-18T08:24:22.114Z] [INFO] Processing job 543 (kot) for Kitchen Printer
[2026-01-18T08:24:22.929Z] [INFO] Connecting to network printer: 192.168.123.101:9100
[2026-01-18T08:24:23.303Z] [INFO] ✓ Job 543 printed successfully
[2026-01-18T08:49:02.535Z] [INFO] Found 1 pending job(s)
[2026-01-18T08:49:02.537Z] [INFO] Found 1 pending job(s)
[2026-01-18T08:49:02.537Z] [INFO] Processing job 544 (receipt) for Customer Receipt
[2026-01-18T08:49:03.392Z] [INFO] Connecting to network printer: 192.168.123.102:9100
[2026-01-18T08:49:09.210Z] [INFO] ✓ Job 544 printed successfully
[2026-01-18T08:50:32.992Z] [INFO] Found 1 pending job(s)
[2026-01-18T08:50:32.993Z] [INFO] Found 1 pending job(s)
[2026-01-18T08:50:32.994Z] [INFO] Processing job 545 (receipt) for Customer Receipt
[2026-01-18T08:50:33.807Z] [INFO] Connecting to network printer: 192.168.123.102:9100
[2026-01-18T08:50:34.107Z] [INFO] ✓ Job 545 printed successfully
[2026-01-18T09:35:08.806Z] [INFO] Found 2 pending job(s)
[2026-01-18T09:35:08.807Z] [INFO] Found 2 pending job(s)
[2026-01-18T09:35:08.808Z] [INFO] Processing job 546 (kot) for Kitchen Printer
[2026-01-18T09:35:09.621Z] [INFO] Connecting to network printer: 192.168.123.101:9100
[2026-01-18T09:35:10.820Z] [INFO] Found 1 pending job(s)
[2026-01-18T09:35:10.821Z] [INFO] Found 1 pending job(s)
[2026-01-18T09:35:10.822Z] [INFO] Processing job 547 (bar_ticket) for Bar Printer
[2026-01-18T09:35:11.094Z] [INFO] Connecting to network printer: 192.168.123.102:9100
[2026-01-18T09:35:14.684Z] [INFO] ✓ Job 546 printed successfully
[2026-01-18T09:35:14.685Z] [INFO] Processing job 547 (bar_ticket) for Bar Printer
[2026-01-18T09:35:15.503Z] [WARN] Failed to update job 547 status
{
  "success": false,
  "error": "Job not found or already updated"
}
[2026-01-18T09:35:15.506Z] [INFO] Connecting to network printer: 192.168.123.102:9100
[2026-01-18T09:35:16.186Z] [INFO] ✓ Job 547 printed successfully
[2026-01-18T09:35:18.414Z] [INFO] ✓ Job 547 printed successfully
[2026-01-18T09:58:05.834Z] [INFO] Found 1 pending job(s)
[2026-01-18T09:58:05.835Z] [INFO] Found 1 pending job(s)
[2026-01-18T09:58:05.836Z] [INFO] Processing job 548 (kot) for Kitchen Printer
[2026-01-18T09:58:06.680Z] [INFO] Connecting to network printer: 192.168.123.101:9100
[2026-01-18T09:58:11.977Z] [INFO] ✓ Job 548 printed successfully
[2026-01-18T09:58:58.195Z] [INFO] Found 1 pending job(s)
[2026-01-18T09:58:58.197Z] [INFO] Found 1 pending job(s)
[2026-01-18T09:58:58.198Z] [INFO] Processing job 549 (receipt) for Customer Receipt
[2026-01-18T09:58:59.052Z] [INFO] Connecting to network printer: 192.168.123.102:9100
[2026-01-18T09:59:04.197Z] [INFO] ✓ Job 549 printed successfully
[2026-01-18T10:17:01.767Z] [INFO] Found 1 pending job(s)
[2026-01-18T10:17:01.768Z] [INFO] Found 1 pending job(s)
[2026-01-18T10:17:01.770Z] [INFO] Processing job 550 (kot) for Kitchen Printer
[2026-01-18T10:17:02.618Z] [INFO] Connecting to network printer: 192.168.123.101:9100
[2026-01-18T10:17:02.923Z] [INFO] ✓ Job 550 printed successfully
[2026-01-18T10:19:46.518Z] [INFO] Found 1 pending job(s)
[2026-01-18T10:19:46.519Z] [INFO] Found 1 pending job(s)
[2026-01-18T10:19:46.520Z] [INFO] Processing job 551 (kot) for Kitchen Printer
[2026-01-18T10:19:47.328Z] [INFO] Connecting to network printer: 192.168.123.101:9100
[2026-01-18T10:19:52.200Z] [INFO] ✓ Job 551 printed successfully
[2026-01-18T10:50:19.882Z] [INFO] Found 1 pending job(s)
[2026-01-18T10:50:19.883Z] [INFO] Found 1 pending job(s)
[2026-01-18T10:50:19.884Z] [INFO] Processing job 552 (receipt) for Customer Receipt
[2026-01-18T10:50:20.692Z] [INFO] Connecting to network printer: 192.168.123.102:9100
[2026-01-18T10:50:25.691Z] [INFO] ✓ Job 552 printed successfully
[2026-01-18T10:54:41.616Z] [INFO] Found 1 pending job(s)
[2026-01-18T10:54:41.617Z] [INFO] Found 1 pending job(s)
[2026-01-18T10:54:41.620Z] [INFO] Processing job 553 (receipt) for Customer Receipt
[2026-01-18T10:54:42.445Z] [INFO] Connecting to network printer: 192.168.123.102:9100
[2026-01-18T10:54:42.737Z] [INFO] ✓ Job 553 printed successfully
[2026-01-18T10:55:09.863Z] [INFO] Found 1 pending job(s)
[2026-01-18T10:55:09.865Z] [INFO] Found 1 pending job(s)
[2026-01-18T10:55:09.866Z] [INFO] Processing job 554 (receipt) for Customer Receipt
[2026-01-18T10:55:11.374Z] [INFO] Connecting to network printer: 192.168.123.102:9100
[2026-01-18T10:55:11.679Z] [INFO] ✓ Job 554 printed successfully
[2026-01-18T10:56:20.033Z] [INFO] Found 1 pending job(s)
[2026-01-18T10:56:20.036Z] [INFO] Found 1 pending job(s)
[2026-01-18T10:56:20.038Z] [INFO] Processing job 555 (receipt) for Customer Receipt
[2026-01-18T10:56:20.847Z] [INFO] Connecting to network printer: 192.168.123.102:9100
[2026-01-18T10:56:21.139Z] [INFO] ✓ Job 555 printed successfully
[2026-01-18T11:20:47.390Z] [INFO] Found 1 pending job(s)
[2026-01-18T11:20:47.391Z] [INFO] Found 1 pending job(s)
[2026-01-18T11:20:47.392Z] [INFO] Processing job 556 (receipt) for Customer Receipt
[2026-01-18T11:20:48.216Z] [INFO] Connecting to network printer: 192.168.123.102:9100
[2026-01-18T11:20:53.177Z] [INFO] ✓ Job 556 printed successfully
[2026-01-18T11:27:53.431Z] [INFO] Found 1 pending job(s)
[2026-01-18T11:27:53.433Z] [INFO] Found 1 pending job(s)
[2026-01-18T11:27:53.434Z] [INFO] Processing job 557 (receipt) for Customer Receipt
[2026-01-18T11:27:54.244Z] [INFO] Connecting to network printer: 192.168.123.102:9100
[2026-01-18T11:27:54.531Z] [INFO] ✓ Job 557 printed successfully
[2026-01-18T12:51:36.977Z] [ERROR] Failed to fetch pending jobs
{
  "error": "fetch failed"
}
[2026-01-18T13:01:05.983Z] [INFO] Found 1 pending job(s)
[2026-01-18T13:01:05.985Z] [INFO] Found 1 pending job(s)
[2026-01-18T13:01:05.986Z] [INFO] Processing job 558 (kot) for Kitchen Printer
[2026-01-18T13:01:06.809Z] [INFO] Connecting to network printer: 192.168.123.101:9100
[2026-01-18T13:01:11.684Z] [INFO] ✓ Job 558 printed successfully
[2026-01-18T13:36:20.911Z] [INFO] Found 1 pending job(s)
[2026-01-18T13:36:20.913Z] [INFO] Found 1 pending job(s)
[2026-01-18T13:36:20.914Z] [INFO] Processing job 559 (kot) for Kitchen Printer
[2026-01-18T13:36:22.461Z] [INFO] Connecting to network printer: 192.168.123.101:9100
[2026-01-18T13:36:27.667Z] [INFO] ✓ Job 559 printed successfully
[2026-01-18T13:42:34.789Z] [INFO] Found 1 pending job(s)
[2026-01-18T13:42:34.791Z] [INFO] Found 1 pending job(s)
[2026-01-18T13:42:34.793Z] [INFO] Processing job 560 (receipt) for Customer Receipt
[2026-01-18T13:42:35.608Z] [INFO] Connecting to network printer: 192.168.123.102:9100
[2026-01-18T13:42:40.668Z] [INFO] ✓ Job 560 printed successfully
[2026-01-18T14:01:00.447Z] [INFO] Found 2 pending job(s)
[2026-01-18T14:01:00.448Z] [INFO] Found 2 pending job(s)
[2026-01-18T14:01:00.449Z] [INFO] Processing job 561 (kot) for Kitchen Printer
[2026-01-18T14:01:01.290Z] [INFO] Connecting to network printer: 192.168.123.101:9100
[2026-01-18T14:01:02.456Z] [INFO] Found 1 pending job(s)
[2026-01-18T14:01:02.457Z] [INFO] Found 1 pending job(s)
[2026-01-18T14:01:02.458Z] [INFO] Processing job 562 (bar_ticket) for Bar Printer
[2026-01-18T14:01:02.735Z] [INFO] Connecting to network printer: 192.168.123.102:9100
[2026-01-18T14:01:03.015Z] [INFO] ✓ Job 562 printed successfully
[2026-01-18T14:01:06.168Z] [INFO] ✓ Job 561 printed successfully
[2026-01-18T14:01:06.169Z] [INFO] Processing job 562 (bar_ticket) for Bar Printer
[2026-01-18T14:01:07.986Z] [INFO] Connecting to network printer: 192.168.123.102:9100
[2026-01-18T14:01:08.273Z] [INFO] ✓ Job 562 printed successfully
[2026-01-18T14:07:58.602Z] [INFO] Found 1 pending job(s)
[2026-01-18T14:07:58.619Z] [INFO] Found 1 pending job(s)
[2026-01-18T14:07:58.621Z] [INFO] Processing job 563 (kot) for Kitchen Printer
[2026-01-18T14:07:59.440Z] [INFO] Connecting to network printer: 192.168.123.101:9100
[2026-01-18T14:07:59.723Z] [INFO] ✓ Job 563 printed successfully
[2026-01-18T14:10:39.296Z] [INFO] Found 1 pending job(s)
[2026-01-18T14:10:39.313Z] [INFO] Found 1 pending job(s)
[2026-01-18T14:10:39.316Z] [INFO] Processing job 564 (receipt) for Customer Receipt
[2026-01-18T14:10:40.139Z] [INFO] Connecting to network printer: 192.168.123.102:9100
[2026-01-18T14:10:45.179Z] [INFO] ✓ Job 564 printed successfully
[2026-01-18T14:15:10.578Z] [INFO] Found 1 pending job(s)
[2026-01-18T14:15:10.581Z] [INFO] Found 1 pending job(s)
[2026-01-18T14:15:10.582Z] [INFO] Processing job 565 (kot) for Kitchen Printer
[2026-01-18T14:15:11.425Z] [INFO] Connecting to network printer: 192.168.123.101:9100
[2026-01-18T14:15:11.704Z] [INFO] ✓ Job 565 printed successfully
[2026-01-18T14:15:30.647Z] [INFO] Found 1 pending job(s)
[2026-01-18T14:15:30.648Z] [INFO] Found 1 pending job(s)
[2026-01-18T14:15:30.649Z] [INFO] Processing job 566 (receipt) for Customer Receipt
[2026-01-18T14:15:31.462Z] [INFO] Connecting to network printer: 192.168.123.102:9100
[2026-01-18T14:15:31.743Z] [INFO] ✓ Job 566 printed successfully
[2026-01-18T14:49:21.042Z] [INFO] Found 1 pending job(s)
[2026-01-18T14:49:21.043Z] [INFO] Found 1 pending job(s)
[2026-01-18T14:49:21.044Z] [INFO] Processing job 567 (receipt) for Customer Receipt
[2026-01-18T14:49:21.855Z] [INFO] Connecting to network printer: 192.168.123.102:9100
[2026-01-18T14:49:26.671Z] [INFO] ✓ Job 567 printed successfully
[2026-01-18T14:51:13.611Z] [INFO] Found 1 pending job(s)
[2026-01-18T14:51:13.619Z] [INFO] Found 1 pending job(s)
[2026-01-18T14:51:13.622Z] [INFO] Processing job 568 (receipt) for Customer Receipt
[2026-01-18T14:51:14.446Z] [INFO] Connecting to network printer: 192.168.123.102:9100
[2026-01-18T14:51:14.728Z] [INFO] ✓ Job 568 printed successfully
[2026-01-18T14:54:34.575Z] [INFO] Found 1 pending job(s)
[2026-01-18T14:54:34.577Z] [INFO] Found 1 pending job(s)
[2026-01-18T14:54:34.578Z] [INFO] Processing job 569 (receipt) for Customer Receipt
[2026-01-18T14:54:35.395Z] [INFO] Connecting to network printer: 192.168.123.102:9100
[2026-01-18T14:54:35.676Z] [INFO] ✓ Job 569 printed successfully
[2026-01-18T14:57:07.228Z] [INFO] Found 1 pending job(s)
[2026-01-18T14:57:07.230Z] [INFO] Found 1 pending job(s)
[2026-01-18T14:57:07.233Z] [INFO] Processing job 570 (receipt) for Customer Receipt
[2026-01-18T14:57:08.061Z] [INFO] Connecting to network printer: 192.168.123.102:9100
[2026-01-18T14:57:08.344Z] [INFO] ✓ Job 570 printed successfully
[2026-01-18T16:26:22.495Z] [ERROR] Failed to fetch pending jobs
{
  "error": "fetch failed"
}
[2026-01-18T16:26:22.575Z] [ERROR] Failed to fetch pending jobs
{
  "error": "fetch failed"
}
[2026-01-18T16:26:22.578Z] [ERROR] Failed to fetch pending jobs
{
  "error": "fetch failed"
}
[2026-01-18T16:26:25.646Z] [ERROR] Failed to fetch pending jobs
{
  "error": "fetch failed"
}
[2026-01-18T16:27:53.169Z] [INFO] Found 1 pending job(s)
[2026-01-18T16:27:53.170Z] [INFO] Found 1 pending job(s)
[2026-01-18T16:27:53.171Z] [INFO] Processing job 571 (kot) for Kitchen Printer
[2026-01-18T16:27:54.006Z] [INFO] Connecting to network printer: 192.168.123.101:9100
[2026-01-18T16:27:59.171Z] [INFO] ✓ Job 571 printed successfully
[2026-01-18T16:52:50.681Z] [INFO] Found 1 pending job(s)
[2026-01-18T16:52:50.682Z] [INFO] Found 1 pending job(s)
[2026-01-18T16:52:50.683Z] [INFO] Processing job 572 (bar_ticket) for Bar Printer
[2026-01-18T16:52:51.499Z] [INFO] Connecting to network printer: 192.168.123.102:9100
[2026-01-18T16:52:56.685Z] [INFO] ✓ Job 572 printed successfully
[2026-01-18T17:06:48.996Z] [INFO] Found 1 pending job(s)
[2026-01-18T17:06:48.998Z] [INFO] Found 1 pending job(s)
[2026-01-18T17:06:49.000Z] [INFO] Processing job 573 (receipt) for Customer Receipt
[2026-01-18T17:06:49.821Z] [INFO] Connecting to network printer: 192.168.123.102:9100
[2026-01-18T17:06:50.108Z] [INFO] ✓ Job 573 printed successfully
[2026-01-18T17:08:17.373Z] [INFO] Found 1 pending job(s)
[2026-01-18T17:08:17.374Z] [INFO] Found 1 pending job(s)
[2026-01-18T17:08:17.376Z] [INFO] Processing job 574 (receipt) for Customer Receipt
[2026-01-18T17:08:18.190Z] [INFO] Connecting to network printer: 192.168.123.102:9100
[2026-01-18T17:08:18.476Z] [INFO] ✓ Job 574 printed successfully
[2026-01-19T04:32:01.713Z] [INFO] Print server starting...
[2026-01-19T04:32:01.719Z] [INFO] API: https://kamikuralk.online/api
[2026-01-19T04:32:01.720Z] [INFO] Poll interval: 2000ms
[2026-01-19T04:32:01.721Z] [INFO] Retry interval: 30000ms
[2026-01-19T04:32:01.723Z] [INFO] ✓ Print server running. Press Ctrl+C to stop.
[2026-01-19T04:47:44.878Z] [ERROR] Failed to fetch pending jobs
{
  "error": "fetch failed"
}
[2026-01-19T07:49:46.213Z] [ERROR] Failed to fetch pending jobs
{
  "error": "fetch failed"
}
[2026-01-19T07:49:46.863Z] [ERROR] Failed to fetch pending jobs
{
  "error": "fetch failed"
}
[2026-01-19T07:49:47.734Z] [ERROR] Failed to fetch pending jobs
{
  "error": "fetch failed"
}
[2026-01-19T07:49:49.746Z] [ERROR] Failed to fetch pending jobs
{
  "error": "fetch failed"
}
[2026-01-19T07:49:51.762Z] [ERROR] Failed to fetch pending jobs
{
  "error": "fetch failed"
}
[2026-01-19T07:49:53.778Z] [ERROR] Failed to fetch pending jobs
{
  "error": "fetch failed"
}
[2026-01-19T07:49:55.813Z] [ERROR] Failed to fetch pending jobs
{
  "error": "fetch failed"
}
[2026-01-19T07:49:57.848Z] [ERROR] Failed to fetch pending jobs
{
  "error": "fetch failed"
}
[2026-01-19T07:49:59.887Z] [ERROR] Failed to fetch pending jobs
{
  "error": "fetch failed"
}
[2026-01-19T07:50:01.901Z] [ERROR] Failed to fetch pending jobs
{
  "error": "fetch failed"
}
[2026-01-19T07:50:03.930Z] [ERROR] Failed to fetch pending jobs
{
  "error": "fetch failed"
}
[2026-01-19T07:50:05.961Z] [ERROR] Failed to fetch pending jobs
{
  "error": "fetch failed"
}
[2026-01-19T07:50:07.966Z] [ERROR] Failed to fetch pending jobs
{
  "error": "fetch failed"
}
[2026-01-19T07:50:09.986Z] [ERROR] Failed to fetch pending jobs
{
  "error": "fetch failed"
}
[2026-01-19T07:50:12.025Z] [ERROR] Failed to fetch pending jobs
{
  "error": "fetch failed"
}
[2026-01-19T07:50:14.051Z] [ERROR] Failed to fetch pending jobs
{
  "error": "fetch failed"
}
[2026-01-19T07:50:16.075Z] [ERROR] Failed to fetch pending jobs
{
  "error": "fetch failed"
}
[2026-01-19T09:17:43.204Z] [ERROR] Failed to fetch pending jobs
{
  "error": "fetch failed"
}
[2026-01-19T13:20:31.774Z] [INFO] Found 2 pending job(s)
[2026-01-19T13:20:31.777Z] [INFO] Found 2 pending job(s)
[2026-01-19T13:20:31.779Z] [INFO] Processing job 575 (kot) for Kitchen Printer
[2026-01-19T13:20:33.609Z] [INFO] Connecting to network printer: 192.168.123.101:9100
[2026-01-19T13:20:33.913Z] [INFO] Found 1 pending job(s)
[2026-01-19T13:20:33.917Z] [INFO] Found 1 pending job(s)
[2026-01-19T13:20:33.918Z] [INFO] Processing job 576 (bar_ticket) for Bar Printer
[2026-01-19T13:20:34.096Z] [INFO] ✓ Job 575 printed successfully
[2026-01-19T13:20:34.098Z] [INFO] Processing job 576 (bar_ticket) for Bar Printer
[2026-01-19T13:20:34.411Z] [INFO] Connecting to network printer: 192.168.123.102:9100
[2026-01-19T13:20:34.726Z] [INFO] ✓ Job 576 printed successfully
[2026-01-19T13:20:34.838Z] [INFO] Connecting to network printer: 192.168.123.102:9100
[2026-01-19T13:20:35.157Z] [INFO] ✓ Job 576 printed successfully
[2026-01-19T14:15:22.728Z] [INFO] Found 1 pending job(s)
[2026-01-19T14:15:22.730Z] [INFO] Found 1 pending job(s)
[2026-01-19T14:15:22.730Z] [INFO] Processing job 577 (receipt) for Customer Receipt
[2026-01-19T14:15:23.542Z] [INFO] Connecting to network printer: 192.168.123.102:9100
[2026-01-19T14:15:28.541Z] [INFO] ✓ Job 577 printed successfully
[2026-01-19T14:18:41.729Z] [INFO] Found 1 pending job(s)
[2026-01-19T14:18:41.730Z] [INFO] Found 1 pending job(s)
[2026-01-19T14:18:41.732Z] [INFO] Processing job 578 (receipt) for Customer Receipt
[2026-01-19T14:18:42.574Z] [INFO] Connecting to network printer: 192.168.123.102:9100
[2026-01-19T14:18:42.858Z] [INFO] ✓ Job 578 printed successfully
[2026-01-19T14:49:17.110Z] [INFO] Found 2 pending job(s)
[2026-01-19T14:49:17.111Z] [INFO] Found 2 pending job(s)
[2026-01-19T14:49:17.112Z] [INFO] Processing job 579 (kot) for Kitchen Printer
[2026-01-19T14:49:17.930Z] [INFO] Connecting to network printer: 192.168.123.101:9100
[2026-01-19T14:49:19.124Z] [INFO] Found 1 pending job(s)
[2026-01-19T14:49:19.125Z] [INFO] Found 1 pending job(s)
[2026-01-19T14:49:19.127Z] [INFO] Processing job 580 (bar_ticket) for Bar Printer
[2026-01-19T14:49:19.402Z] [INFO] Connecting to network printer: 192.168.123.102:9100
[2026-01-19T14:49:23.040Z] [INFO] ✓ Job 579 printed successfully
[2026-01-19T14:49:23.042Z] [INFO] Processing job 580 (bar_ticket) for Bar Printer
[2026-01-19T14:49:23.844Z] [WARN] Failed to update job 580 status
{
  "success": false,
  "error": "Job not found or already updated"
}
[2026-01-19T14:49:23.847Z] [INFO] Connecting to network printer: 192.168.123.102:9100
[2026-01-19T14:49:24.537Z] [INFO] ✓ Job 580 printed successfully
[2026-01-19T14:49:26.726Z] [INFO] ✓ Job 580 printed successfully
[2026-01-19T15:10:37.707Z] [INFO] Found 1 pending job(s)
[2026-01-19T15:10:37.708Z] [INFO] Found 1 pending job(s)
[2026-01-19T15:10:37.709Z] [INFO] Processing job 581 (kot) for Kitchen Printer
[2026-01-19T15:10:38.515Z] [INFO] Connecting to network printer: 192.168.123.101:9100
[2026-01-19T15:10:38.799Z] [INFO] ✓ Job 581 printed successfully
[2026-01-19T15:22:07.311Z] [INFO] Found 2 pending job(s)
[2026-01-19T15:22:07.312Z] [INFO] Found 2 pending job(s)
[2026-01-19T15:22:07.313Z] [INFO] Processing job 582 (bar_ticket) for Bar Printer
[2026-01-19T15:22:08.125Z] [INFO] Connecting to network printer: 192.168.123.102:9100
[2026-01-19T15:22:09.328Z] [INFO] Found 1 pending job(s)
[2026-01-19T15:22:09.329Z] [INFO] Found 1 pending job(s)
[2026-01-19T15:22:09.332Z] [INFO] Processing job 583 (kot) for Kitchen Printer
[2026-01-19T15:22:09.606Z] [INFO] Connecting to network printer: 192.168.123.101:9100
[2026-01-19T15:22:13.072Z] [INFO] ✓ Job 582 printed successfully
[2026-01-19T15:22:13.073Z] [INFO] Processing job 583 (kot) for Kitchen Printer
[2026-01-19T15:22:13.885Z] [WARN] Failed to update job 583 status
{
  "success": false,
  "error": "Job not found or already updated"
}
[2026-01-19T15:22:13.887Z] [INFO] Connecting to network printer: 192.168.123.101:9100
[2026-01-19T15:22:14.552Z] [INFO] ✓ Job 583 printed successfully
[2026-01-19T15:22:16.922Z] [INFO] ✓ Job 583 printed successfully
[2026-01-19T15:25:20.234Z] [INFO] Found 1 pending job(s)
[2026-01-19T15:25:20.236Z] [INFO] Found 1 pending job(s)
[2026-01-19T15:25:20.238Z] [INFO] Processing job 584 (receipt) for Customer Receipt
[2026-01-19T15:25:21.085Z] [INFO] Connecting to network printer: 192.168.123.102:9100
[2026-01-19T15:25:21.381Z] [INFO] ✓ Job 584 printed successfully
[2026-01-19T15:25:52.553Z] [INFO] Found 1 pending job(s)
[2026-01-19T15:25:52.556Z] [INFO] Found 1 pending job(s)
[2026-01-19T15:25:52.559Z] [INFO] Processing job 585 (receipt) for Customer Receipt
[2026-01-19T15:25:53.812Z] [INFO] Connecting to network printer: 192.168.123.102:9100
[2026-01-19T15:25:54.214Z] [INFO] ✓ Job 585 printed successfully
[2026-01-19T15:26:44.808Z] [INFO] Found 1 pending job(s)
[2026-01-19T15:26:44.809Z] [INFO] Found 1 pending job(s)
[2026-01-19T15:26:44.810Z] [INFO] Processing job 586 (receipt) for Customer Receipt
[2026-01-19T15:26:45.623Z] [INFO] Connecting to network printer: 192.168.123.102:9100
[2026-01-19T15:26:45.945Z] [INFO] ✓ Job 586 printed successfully
[2026-01-19T15:27:04.881Z] [INFO] Found 1 pending job(s)
[2026-01-19T15:27:04.882Z] [INFO] Found 1 pending job(s)
[2026-01-19T15:27:04.883Z] [INFO] Processing job 587 (receipt) for Customer Receipt
[2026-01-19T15:27:05.709Z] [INFO] Connecting to network printer: 192.168.123.102:9100
[2026-01-19T15:27:05.995Z] [INFO] ✓ Job 587 printed successfully
[2026-01-19T15:27:35.032Z] [INFO] Found 1 pending job(s)
[2026-01-19T15:27:35.033Z] [INFO] Found 1 pending job(s)
[2026-01-19T15:27:35.034Z] [INFO] Processing job 588 (receipt) for Customer Receipt
[2026-01-19T15:27:35.868Z] [INFO] Connecting to network printer: 192.168.123.102:9100
[2026-01-19T15:27:36.158Z] [INFO] ✓ Job 588 printed successfully
[2026-01-19T15:27:57.118Z] [INFO] Found 1 pending job(s)
[2026-01-19T15:27:57.120Z] [INFO] Found 1 pending job(s)
[2026-01-19T15:27:57.121Z] [INFO] Processing job 589 (receipt) for Customer Receipt
[2026-01-19T15:27:57.958Z] [INFO] Connecting to network printer: 192.168.123.102:9100
[2026-01-19T15:27:58.244Z] [INFO] ✓ Job 589 printed successfully
[2026-01-19T15:34:07.072Z] [INFO] Found 1 pending job(s)
[2026-01-19T15:34:07.073Z] [INFO] Found 1 pending job(s)
[2026-01-19T15:34:07.076Z] [INFO] Processing job 590 (receipt) for Customer Receipt
[2026-01-19T15:34:07.905Z] [INFO] Connecting to network printer: 192.168.123.102:9100
[2026-01-19T15:34:08.189Z] [INFO] ✓ Job 590 printed successfully
[2026-01-19T15:57:00.076Z] [INFO] Found 1 pending job(s)
[2026-01-19T15:57:00.078Z] [INFO] Found 1 pending job(s)
[2026-01-19T15:57:00.081Z] [INFO] Processing job 591 (receipt) for Customer Receipt
[2026-01-19T15:57:00.914Z] [INFO] Connecting to network printer: 192.168.123.102:9100
[2026-01-19T15:57:06.038Z] [INFO] ✓ Job 591 printed successfully
[2026-01-19T15:57:22.181Z] [INFO] Found 1 pending job(s)
[2026-01-19T15:57:22.182Z] [INFO] Found 1 pending job(s)
[2026-01-19T15:57:22.184Z] [INFO] Processing job 592 (receipt) for Customer Receipt
[2026-01-19T15:57:22.998Z] [INFO] Connecting to network printer: 192.168.123.102:9100
[2026-01-19T15:57:23.282Z] [INFO] ✓ Job 592 printed successfully
[2026-01-19T16:00:06.977Z] [INFO] Found 1 pending job(s)
[2026-01-19T16:00:06.978Z] [INFO] Found 1 pending job(s)
[2026-01-19T16:00:06.980Z] [INFO] Processing job 593 (receipt) for Customer Receipt
[2026-01-19T16:00:07.787Z] [INFO] Connecting to network printer: 192.168.123.102:9100
[2026-01-19T16:00:08.080Z] [INFO] ✓ Job 593 printed successfully
[2026-01-19T16:00:57.178Z] [INFO] Found 1 pending job(s)
[2026-01-19T16:00:57.181Z] [INFO] Found 1 pending job(s)
[2026-01-19T16:00:57.182Z] [INFO] Processing job 594 (receipt) for Customer Receipt
[2026-01-19T16:00:57.990Z] [INFO] Connecting to network printer: 192.168.123.102:9100
[2026-01-19T16:00:58.279Z] [INFO] ✓ Job 594 printed successfully
[2026-01-19T16:02:35.647Z] [INFO] Found 1 pending job(s)
[2026-01-19T16:02:35.649Z] [INFO] Found 1 pending job(s)
[2026-01-19T16:02:35.651Z] [INFO] Processing job 595 (kot) for Kitchen Printer
[2026-01-19T16:02:36.466Z] [INFO] Connecting to network printer: 192.168.123.101:9100
[2026-01-19T16:02:41.539Z] [INFO] ✓ Job 595 printed successfully
[2026-01-19T16:02:49.702Z] [INFO] Found 1 pending job(s)
[2026-01-19T16:02:49.703Z] [INFO] Found 1 pending job(s)
[2026-01-19T16:02:49.704Z] [INFO] Processing job 596 (receipt) for Customer Receipt
[2026-01-19T16:02:50.516Z] [INFO] Connecting to network printer: 192.168.123.102:9100
[2026-01-19T16:02:50.809Z] [INFO] ✓ Job 596 printed successfully
[2026-01-19T16:07:55.302Z] [INFO] Found 1 pending job(s)
[2026-01-19T16:07:55.303Z] [INFO] Found 1 pending job(s)
[2026-01-19T16:07:55.304Z] [INFO] Processing job 597 (receipt) for Customer Receipt
[2026-01-19T16:07:56.134Z] [INFO] Connecting to network printer: 192.168.123.102:9100
[2026-01-19T16:07:56.413Z] [INFO] ✓ Job 597 printed successfully
[2026-01-19T16:09:19.672Z] [INFO] Found 1 pending job(s)
[2026-01-19T16:09:19.674Z] [INFO] Found 1 pending job(s)
[2026-01-19T16:09:19.675Z] [INFO] Processing job 598 (receipt) for Customer Receipt
[2026-01-19T16:09:20.492Z] [INFO] Connecting to network printer: 192.168.123.102:9100
[2026-01-19T16:09:20.783Z] [INFO] ✓ Job 598 printed successfully
[2026-01-19T16:10:15.957Z] [INFO] Found 2 pending job(s)
[2026-01-19T16:10:15.958Z] [INFO] Found 2 pending job(s)
[2026-01-19T16:10:15.961Z] [INFO] Processing job 599 (bar_ticket) for Bar Printer
[2026-01-19T16:10:16.771Z] [INFO] Connecting to network printer: 192.168.123.102:9100
[2026-01-19T16:10:17.059Z] [INFO] ✓ Job 599 printed successfully
[2026-01-19T16:10:17.060Z] [INFO] Processing job 600 (kot) for Kitchen Printer
[2026-01-19T16:10:17.363Z] [INFO] Connecting to network printer: 192.168.123.101:9100
[2026-01-19T16:10:17.650Z] [INFO] ✓ Job 600 printed successfully
[2026-01-19T16:10:52.134Z] [INFO] Found 1 pending job(s)
[2026-01-19T16:10:52.135Z] [INFO] Found 1 pending job(s)
[2026-01-19T16:10:52.142Z] [INFO] Processing job 601 (receipt) for Customer Receipt
[2026-01-19T16:10:52.965Z] [INFO] Connecting to network printer: 192.168.123.102:9100
[2026-01-19T16:10:53.253Z] [INFO] ✓ Job 601 printed successfully
[2026-01-19T16:13:51.082Z] [INFO] Found 1 pending job(s)
[2026-01-19T16:13:51.083Z] [INFO] Found 1 pending job(s)
[2026-01-19T16:13:51.084Z] [INFO] Processing job 602 (receipt) for Customer Receipt
[2026-01-19T16:13:51.900Z] [INFO] Connecting to network printer: 192.168.123.102:9100
[2026-01-19T16:13:52.191Z] [INFO] ✓ Job 602 printed successfully
[2026-01-19T16:14:45.385Z] [INFO] Found 2 pending job(s)
[2026-01-19T16:14:45.386Z] [INFO] Found 2 pending job(s)
[2026-01-19T16:14:45.387Z] [INFO] Processing job 603 (kot) for Kitchen Printer
[2026-01-19T16:14:46.198Z] [INFO] Connecting to network printer: 192.168.123.101:9100
[2026-01-19T16:14:46.495Z] [INFO] ✓ Job 603 printed successfully
[2026-01-19T16:14:46.496Z] [INFO] Processing job 604 (bar_ticket) for Bar Printer
[2026-01-19T16:14:46.770Z] [INFO] Connecting to network printer: 192.168.123.102:9100
[2026-01-19T16:14:47.059Z] [INFO] ✓ Job 604 printed successfully
[2026-01-19T16:14:55.409Z] [INFO] Found 1 pending job(s)
[2026-01-19T16:14:55.412Z] [INFO] Found 1 pending job(s)
[2026-01-19T16:14:55.414Z] [INFO] Processing job 605 (receipt) for Customer Receipt
[2026-01-19T16:14:56.236Z] [INFO] Connecting to network printer: 192.168.123.102:9100
[2026-01-19T16:14:56.527Z] [INFO] ✓ Job 605 printed successfully
[2026-01-19T16:15:33.599Z] [INFO] Found 1 pending job(s)
[2026-01-19T16:15:33.600Z] [INFO] Found 1 pending job(s)
[2026-01-19T16:15:33.602Z] [INFO] Processing job 606 (receipt) for Customer Receipt
[2026-01-19T16:15:34.444Z] [INFO] Connecting to network printer: 192.168.123.102:9100
[2026-01-19T16:15:34.728Z] [INFO] ✓ Job 606 printed successfully
[2026-01-19T16:16:03.706Z] [INFO] Found 1 pending job(s)
[2026-01-19T16:16:03.707Z] [INFO] Found 1 pending job(s)
[2026-01-19T16:16:03.709Z] [INFO] Processing job 607 (kot) for Kitchen Printer
[2026-01-19T16:16:04.546Z] [INFO] Connecting to network printer: 192.168.123.101:9100
[2026-01-19T16:16:04.839Z] [INFO] ✓ Job 607 printed successfully
[2026-01-19T16:16:13.757Z] [INFO] Found 1 pending job(s)
[2026-01-19T16:16:13.758Z] [INFO] Found 1 pending job(s)
[2026-01-19T16:16:13.760Z] [INFO] Processing job 608 (receipt) for Customer Receipt
[2026-01-19T16:16:14.576Z] [INFO] Connecting to network printer: 192.168.123.102:9100
[2026-01-19T16:16:14.864Z] [INFO] ✓ Job 608 printed successfully
[2026-01-19T16:16:45.907Z] [INFO] Found 1 pending job(s)
[2026-01-19T16:16:45.908Z] [INFO] Found 1 pending job(s)
[2026-01-19T16:16:45.909Z] [INFO] Processing job 609 (receipt) for Customer Receipt
[2026-01-19T16:16:46.731Z] [INFO] Connecting to network printer: 192.168.123.102:9100
[2026-01-19T16:16:47.025Z] [INFO] ✓ Job 609 printed successfully
[2026-01-19T16:17:40.160Z] [INFO] Found 2 pending job(s)
[2026-01-19T16:17:40.161Z] [INFO] Found 2 pending job(s)
[2026-01-19T16:17:40.162Z] [INFO] Processing job 610 (bar_ticket) for Bar Printer
[2026-01-19T16:17:40.975Z] [INFO] Connecting to network printer: 192.168.123.102:9100
[2026-01-19T16:17:42.171Z] [INFO] Found 1 pending job(s)
[2026-01-19T16:17:42.174Z] [INFO] Found 1 pending job(s)
[2026-01-19T16:17:42.176Z] [INFO] Processing job 611 (kot) for Kitchen Printer
[2026-01-19T16:17:42.452Z] [INFO] Connecting to network printer: 192.168.123.101:9100
[2026-01-19T16:17:42.744Z] [INFO] ✓ Job 611 printed successfully
[2026-01-19T16:17:46.108Z] [INFO] ✓ Job 610 printed successfully
[2026-01-19T16:17:46.110Z] [INFO] Processing job 611 (kot) for Kitchen Printer
[2026-01-19T16:17:46.929Z] [INFO] Connecting to network printer: 192.168.123.101:9100
[2026-01-19T16:17:47.236Z] [INFO] ✓ Job 611 printed successfully
[2026-01-19T16:17:48.182Z] [INFO] Found 1 pending job(s)
[2026-01-19T16:17:48.190Z] [INFO] Found 1 pending job(s)
[2026-01-19T16:17:48.192Z] [INFO] Processing job 612 (receipt) for Customer Receipt
[2026-01-19T16:17:48.473Z] [INFO] Connecting to network printer: 192.168.123.102:9100
[2026-01-19T16:17:48.768Z] [INFO] ✓ Job 612 printed successfully
[2026-01-19T16:18:24.362Z] [INFO] Found 1 pending job(s)
[2026-01-19T16:18:24.363Z] [INFO] Found 1 pending job(s)
[2026-01-19T16:18:24.364Z] [INFO] Processing job 613 (receipt) for Customer Receipt
[2026-01-19T16:18:25.227Z] [INFO] Connecting to network printer: 192.168.123.102:9100
[2026-01-19T16:18:25.513Z] [INFO] ✓ Job 613 printed successfully
[2026-01-19T16:19:16.588Z] [INFO] Found 2 pending job(s)
[2026-01-19T16:19:16.589Z] [INFO] Found 2 pending job(s)
[2026-01-19T16:19:16.592Z] [INFO] Processing job 614 (bar_ticket) for Bar Printer
[2026-01-19T16:19:17.423Z] [INFO] Connecting to network printer: 192.168.123.102:9100
[2026-01-19T16:19:17.714Z] [INFO] ✓ Job 614 printed successfully
[2026-01-19T16:19:17.715Z] [INFO] Processing job 615 (kot) for Kitchen Printer
[2026-01-19T16:19:17.991Z] [INFO] Connecting to network printer: 192.168.123.101:9100
[2026-01-19T16:19:18.283Z] [INFO] ✓ Job 615 printed successfully
[2026-01-19T16:19:24.621Z] [INFO] Found 1 pending job(s)
[2026-01-19T16:19:24.622Z] [INFO] Found 1 pending job(s)
[2026-01-19T16:19:24.624Z] [INFO] Processing job 616 (receipt) for Customer Receipt
[2026-01-19T16:19:25.418Z] [INFO] Connecting to network printer: 192.168.123.102:9100
[2026-01-19T16:19:25.699Z] [INFO] ✓ Job 616 printed successfully
[2026-01-19T16:20:12.871Z] [INFO] Found 1 pending job(s)
[2026-01-19T16:20:12.872Z] [INFO] Found 1 pending job(s)
[2026-01-19T16:20:12.873Z] [INFO] Processing job 617 (receipt) for Customer Receipt
[2026-01-19T16:20:13.675Z] [INFO] Connecting to network printer: 192.168.123.102:9100
[2026-01-19T16:20:13.971Z] [INFO] ✓ Job 617 printed successfully
[2026-01-19T16:20:36.933Z] [INFO] Found 1 pending job(s)
[2026-01-19T16:20:36.935Z] [INFO] Found 1 pending job(s)
[2026-01-19T16:20:36.936Z] [INFO] Processing job 618 (kot) for Kitchen Printer
[2026-01-19T16:20:37.764Z] [INFO] Connecting to network printer: 192.168.123.101:9100
[2026-01-19T16:20:38.047Z] [INFO] ✓ Job 618 printed successfully
[2026-01-19T16:20:44.989Z] [INFO] Found 1 pending job(s)
[2026-01-19T16:20:44.991Z] [INFO] Found 1 pending job(s)
[2026-01-19T16:20:44.992Z] [INFO] Processing job 619 (receipt) for Customer Receipt
[2026-01-19T16:20:45.813Z] [INFO] Connecting to network printer: 192.168.123.102:9100
[2026-01-19T16:20:46.095Z] [INFO] ✓ Job 619 printed successfully
[2026-01-19T16:21:13.145Z] [INFO] Found 1 pending job(s)
[2026-01-19T16:21:13.146Z] [INFO] Found 1 pending job(s)
[2026-01-19T16:21:13.148Z] [INFO] Processing job 620 (receipt) for Customer Receipt
[2026-01-19T16:21:13.947Z] [INFO] Connecting to network printer: 192.168.123.102:9100
[2026-01-19T16:21:14.227Z] [INFO] ✓ Job 620 printed successfully
[2026-01-19T16:21:45.265Z] [INFO] Found 2 pending job(s)
[2026-01-19T16:21:45.266Z] [INFO] Found 2 pending job(s)
[2026-01-19T16:21:45.267Z] [INFO] Processing job 621 (kot) for Kitchen Printer
[2026-01-19T16:21:46.097Z] [INFO] Connecting to network printer: 192.168.123.101:9100
[2026-01-19T16:21:46.381Z] [INFO] ✓ Job 621 printed successfully
[2026-01-19T16:21:46.390Z] [INFO] Processing job 622 (bar_ticket) for Bar Printer
[2026-01-19T16:21:46.673Z] [INFO] Connecting to network printer: 192.168.123.102:9100
[2026-01-19T16:21:46.958Z] [INFO] ✓ Job 622 printed successfully
[2026-01-19T16:21:53.345Z] [INFO] Found 1 pending job(s)
[2026-01-19T16:21:53.346Z] [INFO] Found 1 pending job(s)
[2026-01-19T16:21:53.347Z] [INFO] Processing job 623 (receipt) for Customer Receipt
[2026-01-19T16:21:54.181Z] [INFO] Connecting to network printer: 192.168.123.102:9100
[2026-01-19T16:21:54.463Z] [INFO] ✓ Job 623 printed successfully
[2026-01-19T16:22:29.568Z] [INFO] Found 1 pending job(s)
[2026-01-19T16:22:29.569Z] [INFO] Found 1 pending job(s)
[2026-01-19T16:22:29.571Z] [INFO] Processing job 624 (receipt) for Customer Receipt
[2026-01-19T16:22:31.569Z] [INFO] Found 1 pending job(s)
[2026-01-19T16:22:31.576Z] [INFO] Found 1 pending job(s)
[2026-01-19T16:22:31.578Z] [INFO] Processing job 624 (receipt) for Customer Receipt
[2026-01-19T16:22:32.376Z] [INFO] Connecting to network printer: 192.168.123.102:9100
[2026-01-19T16:22:32.677Z] [INFO] ✓ Job 624 printed successfully
[2026-01-19T16:22:37.727Z] [INFO] Connecting to network printer: 192.168.123.102:9100
[2026-01-19T16:22:38.006Z] [INFO] ✓ Job 624 printed successfully
[2026-01-19T16:23:23.806Z] [INFO] Found 1 pending job(s)
[2026-01-19T16:23:23.808Z] [INFO] Found 1 pending job(s)
[2026-01-19T16:23:23.809Z] [INFO] Processing job 625 (kot) for Kitchen Printer
[2026-01-19T16:23:24.638Z] [INFO] Connecting to network printer: 192.168.123.101:9100
[2026-01-19T16:23:29.552Z] [INFO] ✓ Job 625 printed successfully
[2026-01-19T16:23:35.851Z] [INFO] Found 1 pending job(s)
[2026-01-19T16:23:35.853Z] [INFO] Found 1 pending job(s)
[2026-01-19T16:23:35.853Z] [INFO] Processing job 626 (receipt) for Customer Receipt
[2026-01-19T16:23:36.658Z] [INFO] Connecting to network printer: 192.168.123.102:9100
[2026-01-19T16:23:36.942Z] [INFO] ✓ Job 626 printed successfully
[2026-01-19T16:25:50.415Z] [INFO] Found 2 pending job(s)
[2026-01-19T16:25:50.417Z] [INFO] Found 2 pending job(s)
[2026-01-19T16:25:50.418Z] [INFO] Processing job 627 (kot) for Kitchen Printer
[2026-01-19T16:25:51.259Z] [INFO] Connecting to network printer: 192.168.123.101:9100
[2026-01-19T16:25:51.548Z] [INFO] ✓ Job 627 printed successfully
[2026-01-19T16:25:51.549Z] [INFO] Processing job 628 (bar_ticket) for Bar Printer
[2026-01-19T16:25:51.830Z] [INFO] Connecting to network printer: 192.168.123.102:9100
[2026-01-19T16:25:52.120Z] [INFO] ✓ Job 628 printed successfully
[2026-01-19T16:26:32.546Z] [INFO] Found 1 pending job(s)
[2026-01-19T16:26:32.547Z] [INFO] Found 1 pending job(s)
[2026-01-19T16:26:32.548Z] [INFO] Processing job 629 (receipt) for Customer Receipt
[2026-01-19T16:26:33.349Z] [INFO] Connecting to network printer: 192.168.123.102:9100
[2026-01-19T16:26:33.638Z] [INFO] ✓ Job 629 printed successfully
[2026-01-19T16:28:04.938Z] [INFO] Found 1 pending job(s)
[2026-01-19T16:28:04.939Z] [INFO] Found 1 pending job(s)
[2026-01-19T16:28:04.941Z] [INFO] Processing job 630 (receipt) for Customer Receipt
[2026-01-19T16:28:05.769Z] [INFO] Connecting to network printer: 192.168.123.102:9100
[2026-01-19T16:28:06.071Z] [INFO] ✓ Job 630 printed successfully
[2026-01-19T16:28:31.077Z] [INFO] Found 1 pending job(s)
[2026-01-19T16:28:31.079Z] [INFO] Found 1 pending job(s)
[2026-01-19T16:28:31.081Z] [INFO] Processing job 631 (kot) for Kitchen Printer
[2026-01-19T16:28:31.905Z] [INFO] Connecting to network printer: 192.168.123.101:9100
[2026-01-19T16:28:32.200Z] [INFO] ✓ Job 631 printed successfully
[2026-01-19T16:28:37.088Z] [INFO] Found 1 pending job(s)
[2026-01-19T16:28:37.089Z] [INFO] Found 1 pending job(s)
[2026-01-19T16:28:37.090Z] [INFO] Processing job 632 (receipt) for Customer Receipt
[2026-01-19T16:28:37.921Z] [INFO] Connecting to network printer: 192.168.123.102:9100
[2026-01-19T16:28:38.205Z] [INFO] ✓ Job 632 printed successfully
[2026-01-19T16:29:15.242Z] [INFO] Found 1 pending job(s)
[2026-01-19T16:29:15.247Z] [INFO] Found 1 pending job(s)
[2026-01-19T16:29:15.248Z] [INFO] Processing job 633 (receipt) for Customer Receipt
[2026-01-19T16:29:16.073Z] [INFO] Connecting to network printer: 192.168.123.102:9100
[2026-01-19T16:29:16.363Z] [INFO] ✓ Job 633 printed successfully
[2026-01-19T16:30:07.513Z] [INFO] Found 1 pending job(s)
[2026-01-19T16:30:07.514Z] [INFO] Found 1 pending job(s)
[2026-01-19T16:30:07.515Z] [INFO] Processing job 634 (receipt) for Customer Receipt
[2026-01-19T16:30:08.344Z] [INFO] Connecting to network printer: 192.168.123.102:9100
[2026-01-19T16:30:08.626Z] [INFO] ✓ Job 634 printed successfully
[2026-01-20T04:27:07.280Z] [INFO] Print server starting...
[2026-01-20T04:27:07.282Z] [INFO] API: https://kamikuralk.online/api
[2026-01-20T04:27:07.283Z] [INFO] Poll interval: 2000ms
[2026-01-20T04:27:07.284Z] [INFO] Retry interval: 30000ms
[2026-01-20T04:27:07.285Z] [INFO] ✓ Print server running. Press Ctrl+C to stop.
[2026-01-20T07:49:02.540Z] [INFO] Found 1 pending job(s)
[2026-01-20T07:49:02.551Z] [INFO] Found 1 pending job(s)
[2026-01-20T07:49:02.554Z] [INFO] Processing job 635 (kot) for Kitchen Printer
[2026-01-20T07:49:04.661Z] [INFO] Connecting to network printer: 192.168.123.101:9100
[2026-01-20T07:49:05.179Z] [INFO] ✓ Job 635 printed successfully
[2026-01-20T08:48:13.196Z] [INFO] Found 1 pending job(s)
[2026-01-20T08:48:13.198Z] [INFO] Found 1 pending job(s)
[2026-01-20T08:48:13.200Z] [INFO] Processing job 636 (receipt) for Customer Receipt
[2026-01-20T08:48:14.024Z] [INFO] Connecting to network printer: 192.168.123.102:9100
[2026-01-20T08:48:14.307Z] [INFO] ✓ Job 636 printed successfully
[2026-01-20T08:50:25.832Z] [INFO] Found 1 pending job(s)
[2026-01-20T08:50:25.834Z] [INFO] Found 1 pending job(s)
[2026-01-20T08:50:25.835Z] [INFO] Processing job 637 (receipt) for Customer Receipt
[2026-01-20T08:50:26.659Z] [INFO] Connecting to network printer: 192.168.123.102:9100
[2026-01-20T08:50:26.935Z] [INFO] ✓ Job 637 printed successfully
[2026-01-20T10:03:11.779Z] [ERROR] Failed to fetch pending jobs
{
  "error": "fetch failed"
}
[2026-01-20T13:44:07.126Z] [INFO] Found 1 pending job(s)
[2026-01-20T13:44:07.132Z] [INFO] Found 1 pending job(s)
[2026-01-20T13:44:07.133Z] [INFO] Processing job 638 (kot) for Kitchen Printer
[2026-01-20T13:44:07.958Z] [INFO] Connecting to network printer: 192.168.123.101:9100
[2026-01-20T13:44:12.806Z] [INFO] ✓ Job 638 printed successfully
[2026-01-20T13:56:58.168Z] [INFO] Found 1 pending job(s)
[2026-01-20T13:56:58.170Z] [INFO] Found 1 pending job(s)
[2026-01-20T13:56:58.171Z] [INFO] Processing job 639 (bar_ticket) for Bar Printer
[2026-01-20T13:56:58.997Z] [INFO] Connecting to network printer: 192.168.123.102:9100
[2026-01-20T13:57:03.791Z] [INFO] ✓ Job 639 printed successfully
[2026-01-20T14:04:18.048Z] [ERROR] Failed to fetch pending jobs
{
  "error": "fetch failed"
}
[2026-01-20T14:54:33.574Z] [INFO] Found 1 pending job(s)
[2026-01-20T14:54:33.579Z] [INFO] Found 1 pending job(s)
[2026-01-20T14:54:33.580Z] [INFO] Processing job 640 (kot) for Kitchen Printer
[2026-01-20T14:54:34.399Z] [INFO] Connecting to network printer: 192.168.123.101:9100
[2026-01-20T14:54:39.305Z] [INFO] ✓ Job 640 printed successfully
[2026-01-20T14:59:39.186Z] [INFO] Found 2 pending job(s)
[2026-01-20T14:59:39.232Z] [INFO] Found 2 pending job(s)
[2026-01-20T14:59:39.234Z] [INFO] Processing job 641 (bar_ticket) for Bar Printer
[2026-01-20T14:59:40.076Z] [INFO] Connecting to network printer: 192.168.123.102:9100
[2026-01-20T14:59:41.203Z] [INFO] Found 1 pending job(s)
[2026-01-20T14:59:41.204Z] [INFO] Found 1 pending job(s)
[2026-01-20T14:59:41.204Z] [INFO] Processing job 642 (kot) for Kitchen Printer
[2026-01-20T14:59:41.491Z] [INFO] Connecting to network printer: 192.168.123.101:9100
[2026-01-20T14:59:41.778Z] [INFO] ✓ Job 642 printed successfully
[2026-01-20T14:59:45.853Z] [INFO] ✓ Job 641 printed successfully
[2026-01-20T14:59:45.854Z] [INFO] Processing job 642 (kot) for Kitchen Printer
[2026-01-20T14:59:46.127Z] [INFO] Connecting to network printer: 192.168.123.101:9100
[2026-01-20T14:59:46.410Z] [INFO] ✓ Job 642 printed successfully
[2026-01-20T15:32:53.418Z] [INFO] Found 1 pending job(s)
[2026-01-20T15:32:53.419Z] [INFO] Found 1 pending job(s)
[2026-01-20T15:32:53.420Z] [INFO] Processing job 643 (bar_ticket) for Bar Printer
[2026-01-20T15:32:54.230Z] [INFO] Connecting to network printer: 192.168.123.102:9100
[2026-01-20T15:32:59.285Z] [INFO] ✓ Job 643 printed successfully
[2026-01-20T15:44:53.023Z] [INFO] Found 1 pending job(s)
[2026-01-20T15:44:53.028Z] [INFO] Found 1 pending job(s)
[2026-01-20T15:44:53.042Z] [INFO] Processing job 644 (kot) for Kitchen Printer
[2026-01-20T15:44:53.848Z] [INFO] Connecting to network printer: 192.168.123.101:9100
[2026-01-20T15:44:58.802Z] [INFO] ✓ Job 644 printed successfully
[2026-01-20T15:49:22.105Z] [INFO] Found 1 pending job(s)
[2026-01-20T15:49:22.106Z] [INFO] Found 1 pending job(s)
[2026-01-20T15:49:22.108Z] [INFO] Processing job 645 (receipt) for Customer Receipt
[2026-01-20T15:49:22.925Z] [INFO] Connecting to network printer: 192.168.123.102:9100
[2026-01-20T15:49:23.226Z] [INFO] ✓ Job 645 printed successfully
[2026-01-20T15:50:30.566Z] [INFO] Found 1 pending job(s)
[2026-01-20T15:50:30.568Z] [INFO] Found 1 pending job(s)
[2026-01-20T15:50:30.569Z] [INFO] Processing job 646 (receipt) for Customer Receipt
[2026-01-20T15:50:31.391Z] [INFO] Connecting to network printer: 192.168.123.102:9100
[2026-01-20T15:50:31.671Z] [INFO] ✓ Job 646 printed successfully
[2026-01-20T15:51:16.796Z] [INFO] Found 1 pending job(s)
[2026-01-20T15:51:16.797Z] [INFO] Found 1 pending job(s)
[2026-01-20T15:51:16.799Z] [INFO] Processing job 647 (kot) for Kitchen Printer
[2026-01-20T15:51:17.632Z] [INFO] Connecting to network printer: 192.168.123.101:9100
[2026-01-20T15:51:17.910Z] [INFO] ✓ Job 647 printed successfully
[2026-01-20T15:58:04.339Z] [ERROR] Failed to fetch pending jobs
{
  "error": "fetch failed"
}
[2026-01-20T15:58:14.735Z] [ERROR] Failed to fetch pending jobs
{
  "error": "fetch failed"
}
[2026-01-20T15:58:24.526Z] [ERROR] Failed to fetch pending jobs
{
  "error": "fetch failed"
}
[2026-01-20T15:58:26.552Z] [ERROR] Failed to fetch pending jobs
{
  "error": "fetch failed"
}
[2026-01-20T15:58:32.587Z] [ERROR] Failed to fetch pending jobs
{
  "error": "fetch failed"
}
[2026-01-20T15:58:33.338Z] [ERROR] Failed to fetch pending jobs
{
  "error": "fetch failed"
}
[2026-01-20T15:58:36.624Z] [ERROR] Failed to fetch pending jobs
{
  "error": "fetch failed"
}
[2026-01-20T15:58:44.738Z] [ERROR] Failed to fetch pending jobs
{
  "error": "fetch failed"
}
[2026-01-20T15:58:46.109Z] [ERROR] Failed to fetch pending jobs
{
  "error": "fetch failed"
}
[2026-01-20T15:58:48.775Z] [ERROR] Failed to fetch pending jobs
{
  "error": "fetch failed"
}
[2026-01-20T15:58:49.786Z] [ERROR] Failed to fetch pending jobs
{
  "error": "fetch failed"
}
[2026-01-20T16:02:35.520Z] [INFO] Found 1 pending job(s)
[2026-01-20T16:02:35.521Z] [INFO] Found 1 pending job(s)
[2026-01-20T16:02:35.522Z] [INFO] Processing job 648 (receipt) for Customer Receipt
[2026-01-20T16:02:36.327Z] [INFO] Connecting to network printer: 192.168.123.102:9100
[2026-01-20T16:02:41.288Z] [INFO] ✓ Job 648 printed successfully
[2026-01-20T16:17:38.545Z] [INFO] Found 1 pending job(s)
[2026-01-20T16:17:38.552Z] [INFO] Found 1 pending job(s)
[2026-01-20T16:17:38.554Z] [INFO] Processing job 649 (receipt) for Customer Receipt
[2026-01-20T16:17:39.386Z] [INFO] Connecting to network printer: 192.168.123.102:9100
[2026-01-20T16:17:39.667Z] [INFO] ✓ Job 649 printed successfully
[2026-01-20T16:34:25.362Z] [INFO] Found 1 pending job(s)
[2026-01-20T16:34:25.378Z] [INFO] Found 1 pending job(s)
[2026-01-20T16:34:25.380Z] [INFO] Processing job 650 (receipt) for Customer Receipt
[2026-01-20T16:34:26.195Z] [INFO] Connecting to network printer: 192.168.123.102:9100
[2026-01-20T16:34:31.300Z] [INFO] ✓ Job 650 printed successfully
[2026-01-20T16:39:26.857Z] [INFO] Found 1 pending job(s)
[2026-01-20T16:39:26.859Z] [INFO] Found 1 pending job(s)
[2026-01-20T16:39:26.861Z] [INFO] Processing job 651 (receipt) for Customer Receipt
[2026-01-20T16:39:27.707Z] [INFO] Connecting to network printer: 192.168.123.102:9100
[2026-01-20T16:39:27.991Z] [INFO] ✓ Job 651 printed successfully
[2026-01-21T07:36:14.134Z] [INFO] Print server starting...
[2026-01-21T07:36:14.137Z] [INFO] API: https://kamikuralk.online/api
[2026-01-21T07:36:14.138Z] [INFO] Poll interval: 2000ms
[2026-01-21T07:36:14.138Z] [INFO] Retry interval: 30000ms
[2026-01-21T07:36:14.139Z] [INFO] ✓ Print server running. Press Ctrl+C to stop.
[2026-01-21T07:36:15.089Z] [INFO] Found 2 pending job(s)
[2026-01-21T07:36:15.090Z] [INFO] Found 2 pending job(s)
[2026-01-21T07:36:15.091Z] [INFO] Processing job 652 (kot) for Kitchen Printer
[2026-01-21T07:36:16.562Z] [INFO] Connecting to network printer: 192.168.123.101:9100
[2026-01-21T07:36:16.834Z] [INFO] Found 1 pending job(s)
[2026-01-21T07:36:16.835Z] [INFO] Found 1 pending job(s)
[2026-01-21T07:36:16.836Z] [INFO] Processing job 654 (receipt) for Customer Receipt
[2026-01-21T07:36:16.929Z] [INFO] ✓ Job 652 printed successfully
[2026-01-21T07:36:16.930Z] [INFO] Processing job 654 (receipt) for Customer Receipt
[2026-01-21T07:36:17.204Z] [INFO] Connecting to network printer: 192.168.123.102:9100
[2026-01-21T07:36:17.488Z] [INFO] ✓ Job 654 printed successfully
[2026-01-21T07:36:17.647Z] [INFO] Connecting to network printer: 192.168.123.102:9100
[2026-01-21T07:36:17.933Z] [INFO] ✓ Job 654 printed successfully
[2026-01-21T07:37:15.087Z] [INFO] Found 1 pending job(s)
[2026-01-21T07:37:15.088Z] [INFO] Found 1 pending job(s)
[2026-01-21T07:37:15.088Z] [INFO] Processing job 655 (receipt) for Customer Receipt
[2026-01-21T07:37:15.901Z] [INFO] Connecting to network printer: 192.168.123.102:9100
[2026-01-21T07:37:16.191Z] [INFO] ✓ Job 655 printed successfully
[2026-01-21T07:38:37.431Z] [INFO] Found 1 pending job(s)
[2026-01-21T07:38:37.432Z] [INFO] Found 1 pending job(s)
[2026-01-21T07:38:37.435Z] [INFO] Processing job 656 (receipt) for Customer Receipt
[2026-01-21T07:38:38.247Z] [INFO] Connecting to network printer: 192.168.123.102:9100
[2026-01-21T07:38:38.547Z] [INFO] ✓ Job 656 printed successfully
[2026-01-21T07:40:45.750Z] [ERROR] Failed to fetch pending jobs
{
  "error": "fetch failed"
}
[2026-01-21T07:49:05.994Z] [ERROR] Failed to fetch pending jobs
{
  "error": "fetch failed"
}
[2026-01-21T08:03:26.348Z] [ERROR] Failed to fetch pending jobs
{
  "error": "fetch failed"
}
[2026-01-21T08:12:04.832Z] [INFO] Found 2 pending job(s)
[2026-01-21T08:12:04.833Z] [INFO] Found 2 pending job(s)
[2026-01-21T08:12:04.835Z] [INFO] Processing job 657 (kot) for Kitchen Printer
[2026-01-21T08:12:05.638Z] [INFO] Connecting to network printer: 192.168.123.101:9100
[2026-01-21T08:12:06.006Z] [INFO] ✓ Job 657 printed successfully
[2026-01-21T08:12:06.007Z] [INFO] Processing job 658 (bar_ticket) for Bar Printer
[2026-01-21T08:12:06.275Z] [INFO] Connecting to network printer: 192.168.123.102:9100
[2026-01-21T08:12:06.636Z] [INFO] ✓ Job 658 printed successfully
[2026-01-21T08:26:51.180Z] [INFO] Found 1 pending job(s)
[2026-01-21T08:26:51.181Z] [INFO] Found 1 pending job(s)
[2026-01-21T08:26:51.183Z] [INFO] Processing job 659 (kot) for Kitchen Printer
[2026-01-21T08:26:51.982Z] [INFO] Connecting to network printer: 192.168.123.101:9100
[2026-01-21T08:26:52.256Z] [INFO] ✓ Job 659 printed successfully
[2026-01-21T09:47:55.415Z] [INFO] Found 1 pending job(s)
[2026-01-21T09:47:55.416Z] [INFO] Found 1 pending job(s)
[2026-01-21T09:47:55.422Z] [INFO] Processing job 660 (receipt) for Customer Receipt
[2026-01-21T09:47:56.266Z] [INFO] Connecting to network printer: 192.168.123.102:9100
[2026-01-21T09:48:02.100Z] [INFO] ✓ Job 660 printed successfully
[2026-01-21T09:49:52.140Z] [INFO] Found 1 pending job(s)
[2026-01-21T09:49:52.142Z] [INFO] Found 1 pending job(s)
[2026-01-21T09:49:52.144Z] [INFO] Processing job 661 (receipt) for Customer Receipt
[2026-01-21T09:49:52.959Z] [INFO] Connecting to network printer: 192.168.123.102:9100
[2026-01-21T09:49:53.246Z] [INFO] ✓ Job 661 printed successfully
[2026-01-21T09:53:01.011Z] [INFO] Found 1 pending job(s)
[2026-01-21T09:53:01.013Z] [INFO] Found 1 pending job(s)
[2026-01-21T09:53:01.016Z] [INFO] Processing job 662 (kot) for Kitchen Printer
[2026-01-21T09:53:01.843Z] [INFO] Connecting to network printer: 192.168.123.101:9100
[2026-01-21T09:53:07.020Z] [INFO] ✓ Job 662 printed successfully
[2026-01-21T09:54:05.284Z] [INFO] Found 1 pending job(s)
[2026-01-21T09:54:05.285Z] [INFO] Found 1 pending job(s)
[2026-01-21T09:54:05.289Z] [INFO] Processing job 663 (receipt) for Customer Receipt
[2026-01-21T09:54:06.107Z] [INFO] Connecting to network printer: 192.168.123.102:9100
[2026-01-21T09:54:06.381Z] [INFO] ✓ Job 663 printed successfully
[2026-01-21T09:54:39.471Z] [INFO] Found 1 pending job(s)
[2026-01-21T09:54:39.472Z] [INFO] Found 1 pending job(s)
[2026-01-21T09:54:39.475Z] [INFO] Processing job 664 (receipt) for Customer Receipt
[2026-01-21T09:54:40.279Z] [INFO] Connecting to network printer: 192.168.123.102:9100
[2026-01-21T09:54:40.560Z] [INFO] ✓ Job 664 printed successfully
[2026-01-21T10:03:14.128Z] [INFO] Found 1 pending job(s)
[2026-01-21T10:03:14.135Z] [INFO] Found 1 pending job(s)
[2026-01-21T10:03:14.138Z] [INFO] Processing job 665 (kot) for Kitchen Printer
[2026-01-21T10:03:14.970Z] [INFO] Connecting to network printer: 192.168.123.101:9100
[2026-01-21T10:03:15.248Z] [INFO] ✓ Job 665 printed successfully
[2026-01-21T10:06:17.068Z] [INFO] Found 1 pending job(s)
[2026-01-21T10:06:17.070Z] [INFO] Found 1 pending job(s)
[2026-01-21T10:06:17.071Z] [INFO] Processing job 666 (bar_ticket) for Bar Printer
[2026-01-21T10:06:17.920Z] [INFO] Connecting to network printer: 192.168.123.102:9100
[2026-01-21T10:06:18.201Z] [INFO] ✓ Job 666 printed successfully
[2026-01-21T10:22:19.830Z] [ERROR] Failed to fetch pending jobs
{
  "error": "fetch failed"
}
[2026-01-21T10:54:09.630Z] [INFO] Found 1 pending job(s)
[2026-01-21T10:54:09.632Z] [INFO] Found 1 pending job(s)
[2026-01-21T10:54:09.642Z] [INFO] Processing job 667 (receipt) for Customer Receipt
[2026-01-21T10:54:10.511Z] [INFO] Connecting to network printer: 192.168.123.102:9100
[2026-01-21T10:54:15.538Z] [INFO] ✓ Job 667 printed successfully
[2026-01-21T10:57:12.442Z] [INFO] Found 1 pending job(s)
[2026-01-21T10:57:12.444Z] [INFO] Found 1 pending job(s)
[2026-01-21T10:57:12.447Z] [INFO] Processing job 668 (receipt) for Customer Receipt
[2026-01-21T10:57:13.343Z] [INFO] Connecting to network printer: 192.168.123.102:9100
[2026-01-21T10:57:13.638Z] [INFO] ✓ Job 668 printed successfully
[2026-01-21T14:29:37.477Z] [INFO] Found 1 pending job(s)
[2026-01-21T14:29:37.486Z] [INFO] Found 1 pending job(s)
[2026-01-21T14:29:37.488Z] [INFO] Processing job 669 (kot) for Kitchen Printer
[2026-01-21T14:29:38.372Z] [INFO] Connecting to network printer: 192.168.123.101:9100
[2026-01-21T14:29:44.076Z] [INFO] ✓ Job 669 printed successfully
[2026-01-21T14:54:25.211Z] [INFO] Found 1 pending job(s)
[2026-01-21T14:54:25.215Z] [INFO] Found 1 pending job(s)
[2026-01-21T14:54:25.217Z] [INFO] Processing job 670 (kot) for Kitchen Printer
[2026-01-21T14:54:26.038Z] [INFO] Connecting to network printer: 192.168.123.101:9100
[2026-01-21T14:54:31.021Z] [INFO] ✓ Job 670 printed successfully
[2026-01-21T15:47:43.497Z] [INFO] Found 1 pending job(s)
[2026-01-21T15:47:43.505Z] [INFO] Found 1 pending job(s)
[2026-01-21T15:47:43.506Z] [INFO] Processing job 671 (receipt) for Customer Receipt
[2026-01-21T15:47:44.325Z] [INFO] Connecting to network printer: 192.168.123.102:9100
[2026-01-21T15:47:49.525Z] [INFO] ✓ Job 671 printed successfully
[2026-01-21T16:07:21.374Z] [INFO] Found 1 pending job(s)
[2026-01-21T16:07:21.378Z] [INFO] Found 1 pending job(s)
[2026-01-21T16:07:21.379Z] [INFO] Processing job 672 (receipt) for Customer Receipt
[2026-01-21T16:07:22.205Z] [INFO] Connecting to network printer: 192.168.123.102:9100
[2026-01-21T16:07:22.495Z] [INFO] ✓ Job 672 printed successfully
[2026-01-22T06:51:06.134Z] [INFO] Print server starting...
[2026-01-22T06:51:06.137Z] [INFO] API: https://kamikuralk.online/api
[2026-01-22T06:51:06.139Z] [INFO] Poll interval: 2000ms
[2026-01-22T06:51:06.139Z] [INFO] Retry interval: 30000ms
[2026-01-22T06:51:06.140Z] [INFO] ✓ Print server running. Press Ctrl+C to stop.
[2026-01-22T06:51:07.193Z] [INFO] Found 1 pending job(s)
[2026-01-22T06:51:07.194Z] [INFO] Found 1 pending job(s)
[2026-01-22T06:51:07.195Z] [INFO] Processing job 673 (kot) for Kitchen Printer
[2026-01-22T06:51:09.805Z] [INFO] Connecting to network printer: 192.168.123.101:9100
[2026-01-22T06:51:10.465Z] [INFO] ✓ Job 673 printed successfully
[2026-01-22T07:20:03.354Z] [INFO] Found 1 pending job(s)
[2026-01-22T07:20:03.356Z] [INFO] Found 1 pending job(s)
[2026-01-22T07:20:03.359Z] [INFO] Processing job 674 (receipt) for Customer Receipt
[2026-01-22T07:20:04.252Z] [INFO] Connecting to network printer: 192.168.123.102:9100
[2026-01-22T07:20:04.605Z] [INFO] ✓ Job 674 printed successfully
[2026-01-22T07:21:25.749Z] [INFO] Found 1 pending job(s)
[2026-01-22T07:21:25.751Z] [INFO] Found 1 pending job(s)
[2026-01-22T07:21:25.751Z] [INFO] Processing job 675 (receipt) for Customer Receipt
[2026-01-22T07:21:26.625Z] [INFO] Connecting to network printer: 192.168.123.102:9100
[2026-01-22T07:21:26.904Z] [INFO] ✓ Job 675 printed successfully
[2026-01-22T08:36:04.735Z] [INFO] Found 1 pending job(s)
[2026-01-22T08:36:04.737Z] [INFO] Found 1 pending job(s)
[2026-01-22T08:36:04.740Z] [INFO] Processing job 676 (receipt) for Customer Receipt
[2026-01-22T08:36:05.556Z] [INFO] Connecting to network printer: 192.168.123.102:9100
[2026-01-22T08:36:05.873Z] [INFO] ✓ Job 676 printed successfully
[2026-01-22T08:36:18.793Z] [INFO] Found 2 pending job(s)
[2026-01-22T08:36:18.795Z] [INFO] Found 2 pending job(s)
[2026-01-22T08:36:18.798Z] [INFO] Processing job 677 (kot) for Kitchen Printer
[2026-01-22T08:36:19.618Z] [INFO] Connecting to network printer: 192.168.123.101:9100
[2026-01-22T08:36:20.002Z] [INFO] ✓ Job 677 printed successfully
[2026-01-22T08:36:20.004Z] [INFO] Processing job 678 (bar_ticket) for Bar Printer
[2026-01-22T08:36:20.286Z] [INFO] Connecting to network printer: 192.168.123.102:9100
[2026-01-22T08:36:20.567Z] [INFO] ✓ Job 678 printed successfully
[2026-01-22T09:16:59.328Z] [INFO] Found 1 pending job(s)
[2026-01-22T09:16:59.330Z] [INFO] Found 1 pending job(s)
[2026-01-22T09:16:59.332Z] [INFO] Processing job 679 (bar_ticket) for Bar Printer
[2026-01-22T09:17:00.170Z] [INFO] Connecting to network printer: 192.168.123.102:9100
[2026-01-22T09:17:05.022Z] [INFO] ✓ Job 679 printed successfully
[2026-01-22T09:17:11.420Z] [INFO] Found 1 pending job(s)
[2026-01-22T09:17:11.438Z] [INFO] Found 1 pending job(s)
[2026-01-22T09:17:11.440Z] [INFO] Processing job 680 (receipt) for Customer Receipt
[2026-01-22T09:17:12.300Z] [INFO] Connecting to network printer: 192.168.123.102:9100
[2026-01-22T09:17:12.580Z] [INFO] ✓ Job 680 printed successfully
[2026-01-22T09:26:22.290Z] [INFO] Found 1 pending job(s)
[2026-01-22T09:26:22.292Z] [INFO] Found 1 pending job(s)
[2026-01-22T09:26:22.302Z] [INFO] Processing job 681 (receipt) for Customer Receipt
[2026-01-22T09:26:23.157Z] [INFO] Connecting to network printer: 192.168.123.102:9100
[2026-01-22T09:26:23.438Z] [INFO] ✓ Job 681 printed successfully
[2026-01-22T09:31:25.647Z] [INFO] Found 1 pending job(s)
[2026-01-22T09:31:25.648Z] [INFO] Found 1 pending job(s)
[2026-01-22T09:31:25.651Z] [INFO] Processing job 682 (receipt) for Customer Receipt
[2026-01-22T09:31:26.568Z] [INFO] Connecting to network printer: 192.168.123.102:9100
[2026-01-22T09:31:26.883Z] [INFO] ✓ Job 682 printed successfully
[2026-01-22T11:31:18.386Z] [ERROR] Failed to fetch pending jobs
{
  "error": "fetch failed"
}
[2026-01-22T12:26:41.603Z] [INFO] Found 2 pending job(s)
[2026-01-22T12:26:41.607Z] [INFO] Found 2 pending job(s)
[2026-01-22T12:26:41.611Z] [INFO] Processing job 683 (kot) for Kitchen Printer
[2026-01-22T12:26:42.825Z] [INFO] Connecting to network printer: 192.168.123.101:9100
[2026-01-22T12:26:43.942Z] [INFO] Found 1 pending job(s)
[2026-01-22T12:26:43.943Z] [INFO] Found 1 pending job(s)
[2026-01-22T12:26:43.946Z] [INFO] Processing job 684 (bar_ticket) for Bar Printer
[2026-01-22T12:26:44.262Z] [INFO] Connecting to network printer: 192.168.123.102:9100
[2026-01-22T12:26:48.553Z] [INFO] ✓ Job 683 printed successfully
[2026-01-22T12:26:48.554Z] [INFO] Processing job 684 (bar_ticket) for Bar Printer
[2026-01-22T12:26:48.840Z] [WARN] Failed to update job 684 status
{
  "success": false,
  "error": "Job not found or already updated"
}
[2026-01-22T12:26:48.845Z] [INFO] Connecting to network printer: 192.168.123.102:9100
[2026-01-22T12:26:49.547Z] [INFO] ✓ Job 684 printed successfully
[2026-01-22T12:26:51.620Z] [INFO] ✓ Job 684 printed successfully
[2026-01-22T12:38:14.978Z] [INFO] Found 1 pending job(s)
[2026-01-22T12:38:14.979Z] [INFO] Found 1 pending job(s)
[2026-01-22T12:38:14.981Z] [INFO] Processing job 685 (kot) for Kitchen Printer
[2026-01-22T12:38:15.833Z] [INFO] Connecting to network printer: 192.168.123.101:9100
[2026-01-22T12:38:16.126Z] [INFO] ✓ Job 685 printed successfully
[2026-01-22T12:55:21.926Z] [ERROR] Failed to fetch pending jobs
{
  "error": "fetch failed"
}
[2026-01-22T12:59:57.528Z] [INFO] Found 1 pending job(s)
[2026-01-22T12:59:57.530Z] [INFO] Found 1 pending job(s)
[2026-01-22T12:59:57.538Z] [INFO] Processing job 686 (receipt) for Customer Receipt
[2026-01-22T12:59:58.351Z] [INFO] Connecting to network printer: 192.168.123.102:9100
[2026-01-22T13:00:03.534Z] [INFO] ✓ Job 686 printed successfully
[2026-01-22T13:01:40.064Z] [INFO] Found 1 pending job(s)
[2026-01-22T13:01:40.067Z] [INFO] Found 1 pending job(s)
[2026-01-22T13:01:40.074Z] [INFO] Processing job 687 (receipt) for Customer Receipt
[2026-01-22T13:01:40.883Z] [INFO] Connecting to network printer: 192.168.123.102:9100
[2026-01-22T13:01:41.169Z] [INFO] ✓ Job 687 printed successfully
[2026-01-22T13:03:44.678Z] [INFO] Found 1 pending job(s)
[2026-01-22T13:03:44.679Z] [INFO] Found 1 pending job(s)
[2026-01-22T13:03:44.683Z] [INFO] Processing job 688 (receipt) for Customer Receipt
[2026-01-22T13:03:45.497Z] [INFO] Connecting to network printer: 192.168.123.102:9100
[2026-01-22T13:03:45.783Z] [INFO] ✓ Job 688 printed successfully
[2026-01-22T13:04:31.024Z] [INFO] Found 1 pending job(s)
[2026-01-22T13:04:31.025Z] [INFO] Found 1 pending job(s)
[2026-01-22T13:04:31.028Z] [INFO] Processing job 689 (receipt) for Customer Receipt
[2026-01-22T13:04:31.887Z] [INFO] Connecting to network printer: 192.168.123.102:9100
[2026-01-22T13:04:32.174Z] [INFO] ✓ Job 689 printed successfully
[2026-01-22T13:52:23.300Z] [ERROR] Failed to fetch pending jobs
{
  "error": "fetch failed"
}
[2026-01-22T15:00:30.153Z] [INFO] Found 1 pending job(s)
[2026-01-22T15:00:30.156Z] [INFO] Found 1 pending job(s)
[2026-01-22T15:00:30.159Z] [INFO] Processing job 690 (kot) for Kitchen Printer
[2026-01-22T15:00:30.969Z] [INFO] Connecting to network printer: 192.168.123.101:9100
[2026-01-22T15:00:36.017Z] [INFO] ✓ Job 690 printed successfully
[2026-01-22T15:13:42.585Z] [INFO] Found 2 pending job(s)
[2026-01-22T15:13:42.617Z] [INFO] Found 2 pending job(s)
[2026-01-22T15:13:42.626Z] [INFO] Processing job 691 (kot) for Kitchen Printer
[2026-01-22T15:13:44.119Z] [INFO] Connecting to network printer: 192.168.123.101:9100
[2026-01-22T15:13:44.213Z] [INFO] Found 1 pending job(s)
[2026-01-22T15:13:44.219Z] [INFO] Found 1 pending job(s)
[2026-01-22T15:13:44.222Z] [INFO] Processing job 692 (bar_ticket) for Bar Printer
[2026-01-22T15:13:44.434Z] [INFO] ✓ Job 691 printed successfully
[2026-01-22T15:13:44.442Z] [INFO] Processing job 692 (bar_ticket) for Bar Printer
[2026-01-22T15:13:44.745Z] [INFO] Connecting to network printer: 192.168.123.102:9100
[2026-01-22T15:13:45.096Z] [WARN] Failed to update job 692 status
{
  "success": false,
  "error": "Job not found or already updated"
}
[2026-01-22T15:13:45.102Z] [INFO] Connecting to network printer: 192.168.123.102:9100
[2026-01-22T15:13:50.021Z] [INFO] ✓ Job 692 printed successfully
[2026-01-22T15:13:52.066Z] [INFO] ✓ Job 692 printed successfully
[2026-01-22T15:13:56.226Z] [INFO] Found 1 pending job(s)
[2026-01-22T15:13:56.228Z] [INFO] Found 1 pending job(s)
[2026-01-22T15:13:56.230Z] [INFO] Processing job 693 (receipt) for Customer Receipt
[2026-01-22T15:13:57.062Z] [INFO] Connecting to network printer: 192.168.123.102:9100
[2026-01-22T15:13:57.342Z] [INFO] ✓ Job 693 printed successfully
[2026-01-22T15:30:57.195Z] [INFO] Found 1 pending job(s)
[2026-01-22T15:30:57.196Z] [INFO] Found 1 pending job(s)
[2026-01-22T15:30:57.199Z] [INFO] Processing job 694 (receipt) for Customer Receipt
[2026-01-22T15:30:58.024Z] [INFO] Connecting to network printer: 192.168.123.102:9100
[2026-01-22T15:30:58.301Z] [INFO] ✓ Job 694 printed successfully
[2026-01-22T15:32:15.511Z] [INFO] Found 1 pending job(s)
[2026-01-22T15:32:15.512Z] [INFO] Found 1 pending job(s)
[2026-01-22T15:32:15.516Z] [INFO] Processing job 695 (receipt) for Customer Receipt
[2026-01-22T15:32:16.327Z] [INFO] Connecting to network printer: 192.168.123.102:9100
[2026-01-22T15:32:16.601Z] [INFO] ✓ Job 695 printed successfully
[2026-01-22T15:54:56.340Z] [INFO] Found 1 pending job(s)
[2026-01-22T15:54:56.342Z] [INFO] Found 1 pending job(s)
[2026-01-22T15:54:56.345Z] [INFO] Processing job 696 (receipt) for Customer Receipt
[2026-01-22T15:54:57.182Z] [INFO] Connecting to network printer: 192.168.123.102:9100
[2026-01-22T15:55:02.017Z] [INFO] ✓ Job 696 printed successfully
[2026-01-22T15:57:51.239Z] [INFO] Found 1 pending job(s)
[2026-01-22T15:57:51.264Z] [INFO] Found 1 pending job(s)
[2026-01-22T15:57:51.266Z] [INFO] Processing job 697 (receipt) for Customer Receipt
[2026-01-22T15:57:52.094Z] [INFO] Connecting to network printer: 192.168.123.102:9100
[2026-01-22T15:57:52.372Z] [INFO] ✓ Job 697 printed successfully
[2026-01-23T05:30:13.169Z] [INFO] Print server starting...
[2026-01-23T05:30:13.172Z] [INFO] API: https://kamikuralk.online/api
[2026-01-23T05:30:13.173Z] [INFO] Poll interval: 2000ms
[2026-01-23T05:30:13.174Z] [INFO] Retry interval: 30000ms
[2026-01-23T05:30:13.174Z] [INFO] ✓ Print server running. Press Ctrl+C to stop.
[2026-01-23T06:26:49.378Z] [ERROR] Failed to fetch pending jobs
{
  "error": "fetch failed"
}
[2026-01-23T08:21:43.018Z] [ERROR] Failed to fetch pending jobs
{
  "error": "fetch failed"
}
[2026-01-23T08:24:41.826Z] [INFO] Found 1 pending job(s)
[2026-01-23T08:24:41.827Z] [INFO] Found 1 pending job(s)
[2026-01-23T08:24:41.828Z] [INFO] Processing job 698 (kot) for Kitchen Printer
[2026-01-23T08:24:43.757Z] [INFO] Connecting to network printer: 192.168.123.101:9100
[2026-01-23T08:24:44.186Z] [INFO] ✓ Job 698 printed successfully
[2026-01-23T08:24:52.066Z] [INFO] Found 1 pending job(s)
[2026-01-23T08:24:52.067Z] [INFO] Found 1 pending job(s)
[2026-01-23T08:24:52.067Z] [INFO] Processing job 699 (receipt) for Customer Receipt
[2026-01-23T08:24:52.876Z] [INFO] Connecting to network printer: 192.168.123.102:9100
[2026-01-23T08:24:53.162Z] [INFO] ✓ Job 699 printed successfully
[2026-01-23T08:29:43.291Z] [INFO] Found 2 pending job(s)
[2026-01-23T08:29:43.292Z] [INFO] Found 2 pending job(s)
[2026-01-23T08:29:43.296Z] [INFO] Processing job 700 (kot) for Kitchen Printer
[2026-01-23T08:29:44.130Z] [INFO] Connecting to network printer: 192.168.123.101:9100
[2026-01-23T08:29:44.417Z] [INFO] ✓ Job 700 printed successfully
[2026-01-23T08:29:44.418Z] [INFO] Processing job 701 (bar_ticket) for Bar Printer
[2026-01-23T08:29:44.691Z] [INFO] Connecting to network printer: 192.168.123.102:9100
[2026-01-23T08:29:44.970Z] [INFO] ✓ Job 701 printed successfully
[2026-01-23T08:30:07.332Z] [INFO] Found 1 pending job(s)
[2026-01-23T08:30:07.333Z] [INFO] Found 1 pending job(s)
[2026-01-23T08:30:07.334Z] [INFO] Processing job 702 (receipt) for Customer Receipt
[2026-01-23T08:30:08.173Z] [INFO] Connecting to network printer: 192.168.123.102:9100
[2026-01-23T08:30:08.456Z] [INFO] ✓ Job 702 printed successfully
[2026-01-23T09:07:03.697Z] [INFO] Found 1 pending job(s)
[2026-01-23T09:07:03.698Z] [INFO] Found 1 pending job(s)
[2026-01-23T09:07:03.699Z] [INFO] Processing job 703 (receipt) for Customer Receipt
[2026-01-23T09:07:04.555Z] [INFO] Connecting to network printer: 192.168.123.102:9100
[2026-01-23T09:07:09.571Z] [INFO] ✓ Job 703 printed successfully
[2026-01-23T09:08:14.011Z] [INFO] Found 1 pending job(s)
[2026-01-23T09:08:14.011Z] [INFO] Found 1 pending job(s)
[2026-01-23T09:08:14.012Z] [INFO] Processing job 704 (receipt) for Customer Receipt
[2026-01-23T09:08:14.840Z] [INFO] Connecting to network printer: 192.168.123.102:9100
[2026-01-23T09:08:15.131Z] [INFO] ✓ Job 704 printed successfully
[2026-01-23T10:15:25.816Z] [ERROR] Failed to fetch pending jobs
{
  "error": "fetch failed"
}
[2026-01-23T10:43:20.216Z] [INFO] Found 1 pending job(s)
[2026-01-23T10:43:20.217Z] [INFO] Found 1 pending job(s)
[2026-01-23T10:43:20.218Z] [INFO] Processing job 705 (kot) for Kitchen Printer
[2026-01-23T10:43:21.041Z] [INFO] Connecting to network printer: 192.168.123.101:9100
[2026-01-23T10:43:26.044Z] [INFO] ✓ Job 705 printed successfully
[2026-01-23T11:30:48.430Z] [ERROR] Failed to fetch pending jobs
{
  "error": "fetch failed"
}
[2026-01-23T13:37:03.835Z] [INFO] Found 1 pending job(s)
[2026-01-23T13:37:03.838Z] [INFO] Found 1 pending job(s)
[2026-01-23T13:37:03.841Z] [INFO] Processing job 706 (receipt) for Customer Receipt
[2026-01-23T13:37:04.684Z] [INFO] Connecting to network printer: 192.168.123.102:9100
[2026-01-23T13:37:09.543Z] [INFO] ✓ Job 706 printed successfully
[2026-01-23T13:41:55.252Z] [INFO] Found 1 pending job(s)
[2026-01-23T13:41:55.254Z] [INFO] Found 1 pending job(s)
[2026-01-23T13:41:55.255Z] [INFO] Processing job 707 (kot) for Kitchen Printer
[2026-01-23T13:41:56.064Z] [INFO] Connecting to network printer: 192.168.123.101:9100
[2026-01-23T13:42:01.030Z] [INFO] ✓ Job 707 printed successfully
[2026-01-23T13:42:55.587Z] [INFO] Found 1 pending job(s)
[2026-01-23T13:42:55.590Z] [INFO] Found 1 pending job(s)
[2026-01-23T13:42:55.591Z] [INFO] Processing job 708 (kot) for Kitchen Printer
[2026-01-23T13:42:56.402Z] [INFO] Connecting to network printer: 192.168.123.101:9100
[2026-01-23T13:42:56.678Z] [INFO] ✓ Job 708 printed successfully
[2026-01-23T14:17:00.159Z] [INFO] Found 1 pending job(s)
[2026-01-23T14:17:00.161Z] [INFO] Found 1 pending job(s)
[2026-01-23T14:17:00.162Z] [INFO] Processing job 709 (kot) for Kitchen Printer
[2026-01-23T14:17:00.988Z] [INFO] Connecting to network printer: 192.168.123.101:9100
[2026-01-23T14:17:06.034Z] [INFO] ✓ Job 709 printed successfully
[2026-01-23T14:26:39.152Z] [INFO] Found 1 pending job(s)
[2026-01-23T14:26:39.153Z] [INFO] Found 1 pending job(s)
[2026-01-23T14:26:39.154Z] [INFO] Processing job 710 (receipt) for Customer Receipt
[2026-01-23T14:26:39.981Z] [INFO] Connecting to network printer: 192.168.123.102:9100
[2026-01-23T14:26:45.027Z] [INFO] ✓ Job 710 printed successfully
[2026-01-23T14:28:45.737Z] [INFO] Found 1 pending job(s)
[2026-01-23T14:28:45.738Z] [INFO] Found 1 pending job(s)
[2026-01-23T14:28:45.739Z] [INFO] Processing job 711 (receipt) for Customer Receipt
[2026-01-23T14:28:46.563Z] [INFO] Connecting to network printer: 192.168.123.102:9100
[2026-01-23T14:28:46.855Z] [INFO] ✓ Job 711 printed successfully
[2026-01-23T14:37:52.051Z] [INFO] Found 1 pending job(s)
[2026-01-23T14:37:52.052Z] [INFO] Found 1 pending job(s)
[2026-01-23T14:37:52.053Z] [INFO] Processing job 712 (kot) for Kitchen Printer
[2026-01-23T14:37:52.889Z] [INFO] Connecting to network printer: 192.168.123.101:9100
[2026-01-23T14:37:58.046Z] [INFO] ✓ Job 712 printed successfully
[2026-01-23T15:04:17.500Z] [INFO] Found 2 pending job(s)
[2026-01-23T15:04:17.501Z] [INFO] Found 2 pending job(s)
[2026-01-23T15:04:17.504Z] [INFO] Processing job 713 (kot) for Kitchen Printer
[2026-01-23T15:04:18.310Z] [INFO] Connecting to network printer: 192.168.123.101:9100
[2026-01-23T15:04:19.519Z] [INFO] Found 1 pending job(s)
[2026-01-23T15:04:19.522Z] [INFO] Found 1 pending job(s)
[2026-01-23T15:04:19.524Z] [INFO] Processing job 714 (bar_ticket) for Bar Printer
[2026-01-23T15:04:19.803Z] [INFO] Connecting to network printer: 192.168.123.102:9100
[2026-01-23T15:04:24.073Z] [INFO] ✓ Job 713 printed successfully
[2026-01-23T15:04:24.074Z] [INFO] Processing job 714 (bar_ticket) for Bar Printer
[2026-01-23T15:04:24.346Z] [WARN] Failed to update job 714 status
{
  "success": false,
  "error": "Job not found or already updated"
}
[2026-01-23T15:04:24.352Z] [INFO] Connecting to network printer: 192.168.123.102:9100
[2026-01-23T15:04:25.033Z] [INFO] ✓ Job 714 printed successfully
[2026-01-23T15:04:27.125Z] [INFO] ✓ Job 714 printed successfully
[2026-01-23T15:15:36.881Z] [INFO] Found 1 pending job(s)
[2026-01-23T15:15:36.882Z] [INFO] Found 1 pending job(s)
[2026-01-23T15:15:36.884Z] [INFO] Processing job 715 (receipt) for Customer Receipt
[2026-01-23T15:15:37.699Z] [INFO] Connecting to network printer: 192.168.123.102:9100
[2026-01-23T15:15:37.976Z] [INFO] ✓ Job 715 printed successfully
[2026-01-23T15:17:07.354Z] [INFO] Found 1 pending job(s)
[2026-01-23T15:17:07.355Z] [INFO] Found 1 pending job(s)
[2026-01-23T15:17:07.356Z] [INFO] Processing job 716 (receipt) for Customer Receipt
[2026-01-23T15:17:08.167Z] [INFO] Connecting to network printer: 192.168.123.102:9100
[2026-01-23T15:17:08.446Z] [INFO] ✓ Job 716 printed successfully
[2026-01-23T15:51:30.154Z] [INFO] Found 1 pending job(s)
[2026-01-23T15:51:30.155Z] [INFO] Found 1 pending job(s)
[2026-01-23T15:51:30.156Z] [INFO] Processing job 717 (kot) for Kitchen Printer
[2026-01-23T15:51:30.970Z] [INFO] Connecting to network printer: 192.168.123.101:9100
[2026-01-23T15:51:36.061Z] [INFO] ✓ Job 717 printed successfully
[2026-01-23T15:51:52.230Z] [INFO] Found 1 pending job(s)
[2026-01-23T15:51:52.233Z] [INFO] Found 1 pending job(s)
[2026-01-23T15:51:52.235Z] [INFO] Processing job 718 (receipt) for Customer Receipt
[2026-01-23T15:51:53.050Z] [INFO] Connecting to network printer: 192.168.123.102:9100
[2026-01-23T15:51:58.034Z] [INFO] ✓ Job 718 printed successfully
[2026-01-23T15:53:30.634Z] [INFO] Found 1 pending job(s)
[2026-01-23T15:53:30.635Z] [INFO] Found 1 pending job(s)
[2026-01-23T15:53:30.636Z] [INFO] Processing job 719 (receipt) for Customer Receipt
[2026-01-23T15:53:31.453Z] [INFO] Connecting to network printer: 192.168.123.102:9100
[2026-01-23T15:53:31.751Z] [INFO] ✓ Job 719 printed successfully
[2026-01-23T16:12:02.257Z] [INFO] Found 1 pending job(s)
[2026-01-23T16:12:02.262Z] [INFO] Found 1 pending job(s)
[2026-01-23T16:12:02.264Z] [INFO] Processing job 720 (receipt) for Customer Receipt
[2026-01-23T16:12:03.119Z] [INFO] Connecting to network printer: 192.168.123.102:9100
[2026-01-23T16:12:08.042Z] [INFO] ✓ Job 720 printed successfully
[2026-01-23T16:13:30.711Z] [INFO] Found 1 pending job(s)
[2026-01-23T16:13:30.712Z] [INFO] Found 1 pending job(s)
[2026-01-23T16:13:30.713Z] [INFO] Processing job 721 (receipt) for Customer Receipt
[2026-01-23T16:13:31.545Z] [INFO] Connecting to network printer: 192.168.123.102:9100
[2026-01-23T16:13:31.828Z] [INFO] ✓ Job 721 printed successfully
[2026-01-23T16:32:38.578Z] [INFO] Found 1 pending job(s)
[2026-01-23T16:32:38.580Z] [INFO] Found 1 pending job(s)
[2026-01-23T16:32:38.582Z] [INFO] Processing job 722 (kot) for Kitchen Printer
[2026-01-23T16:32:39.413Z] [INFO] Connecting to network printer: 192.168.123.101:9100
[2026-01-23T16:32:44.536Z] [INFO] ✓ Job 722 printed successfully
[2026-01-23T17:11:10.361Z] [INFO] Found 1 pending job(s)
[2026-01-23T17:11:10.367Z] [INFO] Found 1 pending job(s)
[2026-01-23T17:11:10.369Z] [INFO] Processing job 723 (receipt) for Customer Receipt
[2026-01-23T17:11:11.190Z] [INFO] Connecting to network printer: 192.168.123.102:9100
[2026-01-23T17:11:16.048Z] [INFO] ✓ Job 723 printed successfully
[2026-01-23T17:23:04.150Z] [INFO] Found 1 pending job(s)
[2026-01-23T17:23:04.153Z] [INFO] Found 1 pending job(s)
[2026-01-23T17:23:04.154Z] [INFO] Processing job 724 (receipt) for Customer Receipt
[2026-01-23T17:23:04.960Z] [INFO] Connecting to network printer: 192.168.123.102:9100
[2026-01-23T17:23:05.235Z] [INFO] ✓ Job 724 printed successfully
[2026-01-24T04:39:25.516Z] [INFO] Print server starting...
[2026-01-24T04:39:25.520Z] [INFO] API: https://kamikuralk.online/api
[2026-01-24T04:39:25.521Z] [INFO] Poll interval: 2000ms
[2026-01-24T04:39:25.522Z] [INFO] Retry interval: 30000ms
[2026-01-24T04:39:25.524Z] [INFO] ✓ Print server running. Press Ctrl+C to stop.
[2026-01-24T07:45:54.648Z] [INFO] Found 2 pending job(s)
[2026-01-24T07:45:54.650Z] [INFO] Found 2 pending job(s)
[2026-01-24T07:45:54.651Z] [INFO] Processing job 725 (kot) for Kitchen Printer
[2026-01-24T07:45:56.140Z] [INFO] Connecting to network printer: 192.168.123.101:9100
[2026-01-24T07:45:56.511Z] [INFO] ✓ Job 725 printed successfully
[2026-01-24T07:45:56.511Z] [INFO] Processing job 726 (bar_ticket) for Bar Printer
[2026-01-24T07:45:56.673Z] [INFO] Found 1 pending job(s)
[2026-01-24T07:45:56.674Z] [INFO] Found 1 pending job(s)
[2026-01-24T07:45:56.675Z] [INFO] Processing job 726 (bar_ticket) for Bar Printer
[2026-01-24T07:45:56.950Z] [INFO] Connecting to network printer: 192.168.123.102:9100
[2026-01-24T07:45:57.233Z] [INFO] ✓ Job 726 printed successfully
[2026-01-24T07:45:57.357Z] [INFO] Connecting to network printer: 192.168.123.102:9100
[2026-01-24T07:45:57.644Z] [INFO] ✓ Job 726 printed successfully
[2026-01-24T08:09:55.308Z] [INFO] Found 2 pending job(s)
[2026-01-24T08:09:55.309Z] [INFO] Found 2 pending job(s)
[2026-01-24T08:09:55.310Z] [INFO] Processing job 727 (kot) for Kitchen Printer
[2026-01-24T08:09:56.113Z] [INFO] Connecting to network printer: 192.168.123.101:9100
[2026-01-24T08:09:56.467Z] [INFO] ✓ Job 727 printed successfully
[2026-01-24T08:09:56.468Z] [INFO] Processing job 728 (bar_ticket) for Bar Printer
[2026-01-24T08:09:56.747Z] [INFO] Connecting to network printer: 192.168.123.102:9100
[2026-01-24T08:09:57.062Z] [INFO] ✓ Job 728 printed successfully
[2026-01-24T08:11:41.837Z] [INFO] Found 1 pending job(s)
[2026-01-24T08:11:41.838Z] [INFO] Found 1 pending job(s)
[2026-01-24T08:11:41.838Z] [INFO] Processing job 729 (kot) for Kitchen Printer
[2026-01-24T08:11:42.666Z] [INFO] Connecting to network printer: 192.168.123.101:9100
[2026-01-24T08:11:42.940Z] [INFO] ✓ Job 729 printed successfully
[2026-01-24T08:33:17.944Z] [INFO] Found 1 pending job(s)
[2026-01-24T08:33:17.945Z] [INFO] Found 1 pending job(s)
[2026-01-24T08:33:17.946Z] [INFO] Processing job 730 (kot) for Kitchen Printer
[2026-01-24T08:33:18.765Z] [INFO] Connecting to network printer: 192.168.123.101:9100
[2026-01-24T08:33:19.113Z] [INFO] ✓ Job 730 printed successfully
[2026-01-24T08:49:06.279Z] [INFO] Found 1 pending job(s)
[2026-01-24T08:49:06.281Z] [INFO] Found 1 pending job(s)
[2026-01-24T08:49:06.281Z] [INFO] Processing job 731 (receipt) for Customer Receipt
[2026-01-24T08:49:07.117Z] [INFO] Connecting to network printer: 192.168.123.102:9100
[2026-01-24T08:49:12.165Z] [INFO] ✓ Job 731 printed successfully
[2026-01-24T08:51:38.925Z] [INFO] Found 1 pending job(s)
[2026-01-24T08:51:38.926Z] [INFO] Found 1 pending job(s)
[2026-01-24T08:51:38.927Z] [INFO] Processing job 732 (receipt) for Customer Receipt
[2026-01-24T08:51:39.745Z] [INFO] Connecting to network printer: 192.168.123.102:9100
[2026-01-24T08:51:40.020Z] [INFO] ✓ Job 732 printed successfully
[2026-01-24T09:02:21.864Z] [INFO] Found 1 pending job(s)
[2026-01-24T09:02:21.866Z] [INFO] Found 1 pending job(s)
[2026-01-24T09:02:21.866Z] [INFO] Processing job 733 (receipt) for Customer Receipt
[2026-01-24T09:02:22.670Z] [INFO] Connecting to network printer: 192.168.123.102:9100
[2026-01-24T09:02:22.945Z] [INFO] ✓ Job 733 printed successfully
[2026-01-24T09:02:44.002Z] [INFO] Found 1 pending job(s)
[2026-01-24T09:02:44.003Z] [INFO] Found 1 pending job(s)
[2026-01-24T09:02:44.004Z] [INFO] Processing job 734 (receipt) for Customer Receipt
[2026-01-24T09:02:44.822Z] [INFO] Connecting to network printer: 192.168.123.102:9100
[2026-01-24T09:02:45.095Z] [INFO] ✓ Job 734 printed successfully
[2026-01-24T09:03:00.030Z] [INFO] Found 1 pending job(s)
[2026-01-24T09:03:00.032Z] [INFO] Found 1 pending job(s)
[2026-01-24T09:03:00.033Z] [INFO] Processing job 735 (receipt) for Customer Receipt
[2026-01-24T09:03:00.834Z] [INFO] Connecting to network printer: 192.168.123.102:9100
[2026-01-24T09:03:01.121Z] [INFO] ✓ Job 735 printed successfully
[2026-01-24T09:05:46.826Z] [INFO] Found 1 pending job(s)
[2026-01-24T09:05:46.828Z] [INFO] Found 1 pending job(s)
[2026-01-24T09:05:46.829Z] [INFO] Processing job 736 (receipt) for Customer Receipt
[2026-01-24T09:05:47.661Z] [INFO] Connecting to network printer: 192.168.123.102:9100
[2026-01-24T09:05:47.948Z] [INFO] ✓ Job 736 printed successfully
[2026-01-24T09:11:54.530Z] [INFO] Found 1 pending job(s)
[2026-01-24T09:11:54.531Z] [INFO] Found 1 pending job(s)
[2026-01-24T09:11:54.532Z] [INFO] Processing job 737 (receipt) for Customer Receipt
[2026-01-24T09:11:55.347Z] [INFO] Connecting to network printer: 192.168.123.102:9100
[2026-01-24T09:12:00.182Z] [INFO] ✓ Job 737 printed successfully
[2026-01-24T09:12:22.630Z] [INFO] Found 1 pending job(s)
[2026-01-24T09:12:22.630Z] [INFO] Found 1 pending job(s)
[2026-01-24T09:12:22.631Z] [INFO] Processing job 738 (receipt) for Customer Receipt
[2026-01-24T09:12:23.456Z] [INFO] Connecting to network printer: 192.168.123.102:9100
[2026-01-24T09:12:23.742Z] [INFO] ✓ Job 738 printed successfully
[2026-01-24T09:13:32.939Z] [INFO] Found 1 pending job(s)
[2026-01-24T09:13:32.939Z] [INFO] Found 1 pending job(s)
[2026-01-24T09:13:32.940Z] [INFO] Processing job 739 (receipt) for Customer Receipt
[2026-01-24T09:13:33.748Z] [INFO] Connecting to network printer: 192.168.123.102:9100
[2026-01-24T09:13:34.032Z] [INFO] ✓ Job 739 printed successfully
[2026-01-24T09:15:19.437Z] [INFO] Found 1 pending job(s)
[2026-01-24T09:15:19.438Z] [INFO] Found 1 pending job(s)
[2026-01-24T09:15:19.438Z] [INFO] Processing job 740 (receipt) for Customer Receipt
[2026-01-24T09:15:20.267Z] [INFO] Connecting to network printer: 192.168.123.102:9100
[2026-01-24T09:15:20.547Z] [INFO] ✓ Job 740 printed successfully
[2026-01-24T09:15:41.561Z] [INFO] Found 1 pending job(s)
[2026-01-24T09:15:41.562Z] [INFO] Found 1 pending job(s)
[2026-01-24T09:15:41.563Z] [INFO] Processing job 741 (receipt) for Customer Receipt
[2026-01-24T09:15:42.370Z] [INFO] Connecting to network printer: 192.168.123.102:9100
[2026-01-24T09:15:42.661Z] [INFO] ✓ Job 741 printed successfully
[2026-01-24T09:16:03.667Z] [INFO] Found 1 pending job(s)
[2026-01-24T09:16:03.668Z] [INFO] Found 1 pending job(s)
[2026-01-24T09:16:03.669Z] [INFO] Processing job 742 (receipt) for Customer Receipt
[2026-01-24T09:16:04.485Z] [INFO] Connecting to network printer: 192.168.123.102:9100
[2026-01-24T09:16:04.783Z] [INFO] ✓ Job 742 printed successfully
[2026-01-24T10:47:37.756Z] [ERROR] Failed to fetch pending jobs
{
  "error": "fetch failed"
}
[2026-01-24T11:01:47.468Z] [ERROR] Failed to fetch pending jobs
{
  "error": "fetch failed"
}
[2026-01-24T11:03:30.098Z] [INFO] Found 2 pending job(s)
[2026-01-24T11:03:30.100Z] [INFO] Found 2 pending job(s)
[2026-01-24T11:03:30.103Z] [INFO] Processing job 743 (kot) for Kitchen Printer
[2026-01-24T11:03:30.913Z] [INFO] Connecting to network printer: 192.168.123.101:9100
[2026-01-24T11:03:32.099Z] [INFO] Found 1 pending job(s)
[2026-01-24T11:03:32.102Z] [INFO] Found 1 pending job(s)
[2026-01-24T11:03:32.103Z] [INFO] Processing job 744 (bar_ticket) for Bar Printer
[2026-01-24T11:03:32.378Z] [INFO] Connecting to network printer: 192.168.123.102:9100
[2026-01-24T11:03:36.755Z] [INFO] ✓ Job 743 printed successfully
[2026-01-24T11:03:36.756Z] [INFO] Processing job 744 (bar_ticket) for Bar Printer
[2026-01-24T11:03:37.029Z] [WARN] Failed to update job 744 status
{
  "success": false,
  "error": "Job not found or already updated"
}
[2026-01-24T11:03:37.031Z] [INFO] Connecting to network printer: 192.168.123.102:9100
[2026-01-24T11:03:37.196Z] [INFO] ✓ Job 744 printed successfully
[2026-01-24T11:03:37.315Z] [WARN] Failed to update job 744 status
{
  "success": false,
  "error": "Job not found or already updated"
}
[2026-01-24T11:03:37.317Z] [INFO] ✓ Job 744 printed successfully
[2026-01-24T11:55:44.719Z] [INFO] Found 1 pending job(s)
[2026-01-24T11:55:44.720Z] [INFO] Found 1 pending job(s)
[2026-01-24T11:55:44.721Z] [INFO] Processing job 745 (receipt) for Customer Receipt
[2026-01-24T11:55:45.520Z] [INFO] Connecting to network printer: 192.168.123.102:9100
[2026-01-24T11:55:50.670Z] [INFO] ✓ Job 745 printed successfully
[2026-01-24T11:57:11.100Z] [INFO] Found 1 pending job(s)
[2026-01-24T11:57:11.101Z] [INFO] Found 1 pending job(s)
[2026-01-24T11:57:11.101Z] [INFO] Processing job 746 (receipt) for Customer Receipt
[2026-01-24T11:57:11.894Z] [INFO] Connecting to network printer: 192.168.123.102:9100
[2026-01-24T11:57:12.167Z] [INFO] ✓ Job 746 printed successfully
[2026-01-24T14:13:51.211Z] [INFO] Found 2 pending job(s)
[2026-01-24T14:13:51.212Z] [INFO] Found 2 pending job(s)
[2026-01-24T14:13:51.213Z] [INFO] Processing job 747 (bar_ticket) for Bar Printer
[2026-01-24T14:13:52.049Z] [INFO] Connecting to network printer: 192.168.123.102:9100
[2026-01-24T14:13:53.230Z] [INFO] Found 1 pending job(s)
[2026-01-24T14:13:53.231Z] [INFO] Found 1 pending job(s)
[2026-01-24T14:13:53.231Z] [INFO] Processing job 748 (kot) for Kitchen Printer
[2026-01-24T14:13:53.519Z] [INFO] Connecting to network printer: 192.168.123.101:9100
[2026-01-24T14:13:57.184Z] [INFO] ✓ Job 747 printed successfully
[2026-01-24T14:13:57.185Z] [INFO] Processing job 748 (kot) for Kitchen Printer
[2026-01-24T14:13:58.004Z] [WARN] Failed to update job 748 status
{
  "success": false,
  "error": "Job not found or already updated"
}
[2026-01-24T14:13:58.006Z] [INFO] Connecting to network printer: 192.168.123.101:9100
[2026-01-24T14:13:58.675Z] [INFO] ✓ Job 748 printed successfully
[2026-01-24T14:14:00.833Z] [INFO] ✓ Job 748 printed successfully
[2026-01-24T15:03:13.709Z] [INFO] Found 1 pending job(s)
[2026-01-24T15:03:13.710Z] [INFO] Found 1 pending job(s)
[2026-01-24T15:03:13.711Z] [INFO] Processing job 749 (receipt) for Customer Receipt
[2026-01-24T15:03:14.501Z] [INFO] Connecting to network printer: 192.168.123.102:9100
[2026-01-24T15:03:19.673Z] [INFO] ✓ Job 749 printed successfully
[2026-01-24T15:07:37.024Z] [INFO] Found 1 pending job(s)
[2026-01-24T15:07:37.025Z] [INFO] Found 1 pending job(s)
[2026-01-24T15:07:37.026Z] [INFO] Processing job 750 (receipt) for Customer Receipt
[2026-01-24T15:07:37.846Z] [INFO] Connecting to network printer: 192.168.123.102:9100
[2026-01-24T15:07:38.120Z] [INFO] ✓ Job 750 printed successfully
[2026-01-24T15:14:22.888Z] [INFO] Found 1 pending job(s)
[2026-01-24T15:14:22.888Z] [INFO] Found 1 pending job(s)
[2026-01-24T15:14:22.889Z] [INFO] Processing job 751 (kot) for Kitchen Printer
[2026-01-24T15:14:23.681Z] [INFO] Connecting to network printer: 192.168.123.101:9100
[2026-01-24T15:14:28.669Z] [INFO] ✓ Job 751 printed successfully
[2026-01-24T15:14:57.026Z] [INFO] Found 1 pending job(s)
[2026-01-24T15:14:57.028Z] [INFO] Found 1 pending job(s)
[2026-01-24T15:14:57.030Z] [INFO] Processing job 752 (kot) for Kitchen Printer
[2026-01-24T15:14:57.833Z] [INFO] Connecting to network printer: 192.168.123.101:9100
[2026-01-24T15:14:58.109Z] [INFO] ✓ Job 752 printed successfully
[2026-01-24T15:17:25.669Z] [INFO] Found 1 pending job(s)
[2026-01-24T15:17:25.670Z] [INFO] Found 1 pending job(s)
[2026-01-24T15:17:25.671Z] [INFO] Processing job 753 (receipt) for Customer Receipt
[2026-01-24T15:17:26.488Z] [INFO] Connecting to network printer: 192.168.123.102:9100
[2026-01-24T15:17:26.767Z] [INFO] ✓ Job 753 printed successfully
[2026-01-24T16:01:59.701Z] [INFO] Found 1 pending job(s)
[2026-01-24T16:01:59.702Z] [INFO] Found 1 pending job(s)
[2026-01-24T16:01:59.702Z] [INFO] Processing job 754 (kot) for Kitchen Printer
[2026-01-24T16:02:00.524Z] [INFO] Connecting to network printer: 192.168.123.101:9100
[2026-01-24T16:02:05.694Z] [INFO] ✓ Job 754 printed successfully
[2026-01-24T16:08:19.420Z] [INFO] Found 1 pending job(s)
[2026-01-24T16:08:19.421Z] [INFO] Found 1 pending job(s)
[2026-01-24T16:08:19.422Z] [INFO] Processing job 755 (receipt) for Customer Receipt
[2026-01-24T16:08:20.255Z] [INFO] Connecting to network printer: 192.168.123.102:9100
[2026-01-24T16:08:25.189Z] [INFO] ✓ Job 755 printed successfully
[2026-01-24T16:09:43.665Z] [INFO] Found 1 pending job(s)
[2026-01-24T16:09:43.666Z] [INFO] Found 1 pending job(s)
[2026-01-24T16:09:43.667Z] [INFO] Processing job 756 (receipt) for Customer Receipt
[2026-01-24T16:09:44.497Z] [INFO] Connecting to network printer: 192.168.123.102:9100
[2026-01-24T16:09:44.801Z] [INFO] ✓ Job 756 printed successfully
[2026-01-24T16:34:03.899Z] [INFO] Found 1 pending job(s)
[2026-01-24T16:34:03.901Z] [INFO] Found 1 pending job(s)
[2026-01-24T16:34:03.902Z] [INFO] Processing job 757 (receipt) for Customer Receipt
[2026-01-24T16:34:04.733Z] [INFO] Connecting to network printer: 192.168.123.102:9100
[2026-01-24T16:34:09.680Z] [INFO] ✓ Job 757 printed successfully
[2026-01-24T16:35:06.143Z] [INFO] Found 1 pending job(s)
[2026-01-24T16:35:06.144Z] [INFO] Found 1 pending job(s)
[2026-01-24T16:35:06.144Z] [INFO] Processing job 758 (receipt) for Customer Receipt
[2026-01-24T16:35:06.981Z] [INFO] Connecting to network printer: 192.168.123.102:9100
[2026-01-24T16:35:07.255Z] [INFO] ✓ Job 758 printed successfully
[2026-01-25T04:20:59.109Z] [INFO] Print server starting...
[2026-01-25T04:20:59.125Z] [INFO] API: https://kamikuralk.online/api
[2026-01-25T04:20:59.127Z] [INFO] Poll interval: 2000ms
[2026-01-25T04:20:59.127Z] [INFO] Retry interval: 30000ms
[2026-01-25T04:20:59.129Z] [INFO] ✓ Print server running. Press Ctrl+C to stop.
[2026-01-25T05:23:45.253Z] [ERROR] Failed to fetch pending jobs
{
  "error": "fetch failed"
}
[2026-01-25T05:34:16.575Z] [ERROR] Failed to fetch pending jobs
{
  "error": "fetch failed"
}
[2026-01-25T06:00:51.426Z] [ERROR] Failed to fetch pending jobs
{
  "error": "HTTP 500: Internal Server Error"
}
[2026-01-25T06:00:53.531Z] [ERROR] Failed to fetch pending jobs
{
  "error": "HTTP 500: Internal Server Error"
}
[2026-01-25T06:14:02.873Z] [ERROR] Failed to fetch pending jobs
{
  "error": "fetch failed"
}
[2026-01-25T06:14:04.899Z] [ERROR] Failed to fetch pending jobs
{
  "error": "fetch failed"
}
[2026-01-25T06:14:06.918Z] [ERROR] Failed to fetch pending jobs
{
  "error": "fetch failed"
}
[2026-01-25T06:14:08.943Z] [ERROR] Failed to fetch pending jobs
{
  "error": "fetch failed"
}
[2026-01-25T06:14:09.994Z] [ERROR] Failed to fetch pending jobs
{
  "error": "fetch failed"
}
[2026-01-25T06:14:10.975Z] [ERROR] Failed to fetch pending jobs
{
  "error": "fetch failed"
}
[2026-01-25T06:14:12.991Z] [ERROR] Failed to fetch pending jobs
{
  "error": "fetch failed"
}
[2026-01-25T06:14:15.012Z] [ERROR] Failed to fetch pending jobs
{
  "error": "fetch failed"
}
[2026-01-25T06:14:17.036Z] [ERROR] Failed to fetch pending jobs
{
  "error": "fetch failed"
}
[2026-01-25T06:14:19.061Z] [ERROR] Failed to fetch pending jobs
{
  "error": "fetch failed"
}
[2026-01-25T06:18:14.512Z] [ERROR] Failed to fetch pending jobs
{
  "error": "fetch failed"
}
[2026-01-25T06:18:16.016Z] [ERROR] Failed to fetch pending jobs
{
  "error": "fetch failed"
}
[2026-01-25T06:18:18.044Z] [ERROR] Failed to fetch pending jobs
{
  "error": "fetch failed"
}
[2026-01-25T06:18:20.074Z] [ERROR] Failed to fetch pending jobs
{
  "error": "fetch failed"
}
[2026-01-25T06:51:48.205Z] [ERROR] Failed to fetch pending jobs
{
  "error": "fetch failed"
}
[2026-01-25T07:14:57.481Z] [INFO] Found 1 pending job(s)
[2026-01-25T07:14:57.482Z] [INFO] Found 1 pending job(s)
[2026-01-25T07:14:57.483Z] [INFO] Processing job 759 (kot) for Kitchen Printer
[2026-01-25T07:14:59.499Z] [INFO] Connecting to network printer: 192.168.123.101:9100
[2026-01-25T07:15:00.089Z] [INFO] ✓ Job 759 printed successfully
[2026-01-25T07:47:55.854Z] [INFO] Found 1 pending job(s)
[2026-01-25T07:47:55.856Z] [INFO] Found 1 pending job(s)
[2026-01-25T07:47:55.857Z] [INFO] Processing job 760 (kot) for Kitchen Printer
[2026-01-25T07:47:56.667Z] [INFO] Connecting to network printer: 192.168.123.101:9100
[2026-01-25T07:47:56.959Z] [INFO] ✓ Job 760 printed successfully
[2026-01-25T07:53:07.464Z] [INFO] Found 1 pending job(s)
[2026-01-25T07:53:07.466Z] [INFO] Found 1 pending job(s)
[2026-01-25T07:53:07.467Z] [INFO] Processing job 761 (receipt) for Customer Receipt
[2026-01-25T07:53:08.289Z] [INFO] Connecting to network printer: 192.168.123.102:9100
[2026-01-25T07:53:08.599Z] [INFO] ✓ Job 761 printed successfully
[2026-01-25T07:53:15.516Z] [INFO] Found 1 pending job(s)
[2026-01-25T07:53:15.517Z] [INFO] Found 1 pending job(s)
[2026-01-25T07:53:15.518Z] [INFO] Processing job 762 (receipt) for Customer Receipt
[2026-01-25T07:53:16.328Z] [INFO] Connecting to network printer: 192.168.123.102:9100
[2026-01-25T07:53:16.611Z] [INFO] ✓ Job 762 printed successfully
[2026-01-25T07:54:37.869Z] [INFO] Found 1 pending job(s)
[2026-01-25T07:54:37.870Z] [INFO] Found 1 pending job(s)
[2026-01-25T07:54:37.871Z] [INFO] Processing job 763 (receipt) for Customer Receipt
[2026-01-25T07:54:38.676Z] [INFO] Connecting to network printer: 192.168.123.102:9100
[2026-01-25T07:54:38.959Z] [INFO] ✓ Job 763 printed successfully
[2026-01-25T08:27:36.062Z] [INFO] Found 1 pending job(s)
[2026-01-25T08:27:36.064Z] [INFO] Found 1 pending job(s)
[2026-01-25T08:27:36.064Z] [INFO] Processing job 764 (receipt) for Customer Receipt
[2026-01-25T08:27:36.905Z] [INFO] Connecting to network printer: 192.168.123.102:9100
[2026-01-25T08:27:37.276Z] [INFO] ✓ Job 764 printed successfully
[2026-01-25T08:29:50.898Z] [INFO] Found 1 pending job(s)
[2026-01-25T08:29:50.899Z] [INFO] Found 1 pending job(s)
[2026-01-25T08:29:50.901Z] [INFO] Processing job 765 (receipt) for Customer Receipt
[2026-01-25T08:29:51.713Z] [INFO] Connecting to network printer: 192.168.123.102:9100
[2026-01-25T08:29:51.992Z] [INFO] ✓ Job 765 printed successfully
[2026-01-25T09:35:42.677Z] [ERROR] Failed to fetch pending jobs
{
  "error": "fetch failed"
}
[2026-01-25T12:47:21.752Z] [ERROR] Failed to fetch pending jobs
{
  "error": "fetch failed"
}
[2026-01-25T12:47:38.515Z] [ERROR] Failed to fetch pending jobs
{
  "error": "fetch failed"
}
[2026-01-25T14:25:47.646Z] [INFO] Found 1 pending job(s)
[2026-01-25T14:25:47.650Z] [INFO] Found 1 pending job(s)
[2026-01-25T14:25:47.652Z] [INFO] Processing job 766 (kot) for Kitchen Printer
[2026-01-25T14:25:48.497Z] [INFO] Connecting to network printer: 192.168.123.101:9100
[2026-01-25T14:25:54.255Z] [INFO] ✓ Job 766 printed successfully
[2026-01-25T14:59:20.187Z] [INFO] Found 1 pending job(s)
[2026-01-25T14:59:20.190Z] [INFO] Found 1 pending job(s)
[2026-01-25T14:59:20.193Z] [INFO] Processing job 767 (receipt) for Customer Receipt
[2026-01-25T14:59:21.001Z] [INFO] Connecting to network printer: 192.168.123.102:9100
[2026-01-25T14:59:26.184Z] [INFO] ✓ Job 767 printed successfully
[2026-01-25T15:59:20.486Z] [INFO] Found 2 pending job(s)
[2026-01-25T15:59:20.489Z] [INFO] Found 2 pending job(s)
[2026-01-25T15:59:20.489Z] [INFO] Processing job 768 (kot) for Kitchen Printer
[2026-01-25T15:59:21.309Z] [INFO] Connecting to network printer: 192.168.123.101:9100
[2026-01-25T15:59:22.498Z] [INFO] Found 1 pending job(s)
[2026-01-25T15:59:22.499Z] [INFO] Found 1 pending job(s)
[2026-01-25T15:59:22.503Z] [INFO] Processing job 769 (bar_ticket) for Bar Printer
[2026-01-25T15:59:22.775Z] [INFO] Connecting to network printer: 192.168.123.102:9100
[2026-01-25T15:59:26.187Z] [INFO] ✓ Job 768 printed successfully
[2026-01-25T15:59:26.190Z] [INFO] Processing job 769 (bar_ticket) for Bar Printer
[2026-01-25T15:59:27.010Z] [WARN] Failed to update job 769 status
{
  "success": false,
  "error": "Job not found or already updated"
}
[2026-01-25T15:59:27.012Z] [INFO] Connecting to network printer: 192.168.123.102:9100
[2026-01-25T15:59:27.688Z] [INFO] ✓ Job 769 printed successfully
[2026-01-25T15:59:30.315Z] [INFO] ✓ Job 769 printed successfully
[2026-01-25T16:11:48.237Z] [INFO] Found 1 pending job(s)
[2026-01-25T16:11:48.239Z] [INFO] Found 1 pending job(s)
[2026-01-25T16:11:48.239Z] [INFO] Processing job 770 (kot) for Kitchen Printer
[2026-01-25T16:11:49.061Z] [INFO] Connecting to network printer: 192.168.123.101:9100
[2026-01-25T16:11:49.348Z] [INFO] ✓ Job 770 printed successfully
[2026-01-25T16:37:51.783Z] [INFO] Found 1 pending job(s)
[2026-01-25T16:37:51.784Z] [INFO] Found 1 pending job(s)
[2026-01-25T16:37:51.785Z] [INFO] Processing job 771 (receipt) for Customer Receipt
[2026-01-25T16:37:52.604Z] [INFO] Connecting to network printer: 192.168.123.102:9100
[2026-01-25T16:37:57.740Z] [INFO] ✓ Job 771 printed successfully
[2026-01-25T16:39:52.341Z] [INFO] Found 1 pending job(s)
[2026-01-25T16:39:52.342Z] [INFO] Found 1 pending job(s)
[2026-01-25T16:39:52.343Z] [INFO] Processing job 772 (receipt) for Customer Receipt
[2026-01-25T16:39:53.161Z] [INFO] Connecting to network printer: 192.168.123.102:9100
[2026-01-25T16:39:53.442Z] [INFO] ✓ Job 772 printed successfully
[2026-01-25T16:53:00.377Z] [INFO] Found 1 pending job(s)
[2026-01-25T16:53:00.380Z] [INFO] Found 1 pending job(s)
[2026-01-25T16:53:00.381Z] [INFO] Processing job 773 (receipt) for Customer Receipt
[2026-01-25T16:53:01.209Z] [INFO] Connecting to network printer: 192.168.123.102:9100
[2026-01-25T16:53:01.489Z] [INFO] ✓ Job 773 printed successfully
[2026-01-25T16:54:34.888Z] [INFO] Found 1 pending job(s)
[2026-01-25T16:54:34.889Z] [INFO] Found 1 pending job(s)
[2026-01-25T16:54:34.890Z] [INFO] Processing job 774 (receipt) for Customer Receipt
[2026-01-25T16:54:35.712Z] [INFO] Connecting to network printer: 192.168.123.102:9100
[2026-01-25T16:54:35.995Z] [INFO] ✓ Job 774 printed successfully
[2026-01-26T04:35:27.929Z] [INFO] Print server starting...
[2026-01-26T04:35:27.935Z] [INFO] API: https://kamikuralk.online/api
[2026-01-26T04:35:27.937Z] [INFO] Poll interval: 2000ms
[2026-01-26T04:35:27.937Z] [INFO] Retry interval: 30000ms
[2026-01-26T04:35:27.939Z] [INFO] ✓ Print server running. Press Ctrl+C to stop.
[2026-01-26T06:14:16.769Z] [INFO] Found 1 pending job(s)
[2026-01-26T06:14:16.772Z] [INFO] Found 1 pending job(s)
[2026-01-26T06:14:16.774Z] [INFO] Processing job 775 (bar_ticket) for Bar Printer
[2026-01-26T06:14:19.004Z] [INFO] Connecting to network printer: 192.168.123.102:9100
[2026-01-26T06:14:19.482Z] [INFO] ✓ Job 775 printed successfully
[2026-01-26T06:14:39.378Z] [INFO] Found 1 pending job(s)
[2026-01-26T06:14:39.379Z] [INFO] Found 1 pending job(s)
[2026-01-26T06:14:39.380Z] [INFO] Processing job 776 (receipt) for Customer Receipt
[2026-01-26T06:14:40.207Z] [INFO] Connecting to network printer: 192.168.123.102:9100
[2026-01-26T06:14:40.486Z] [INFO] ✓ Job 776 printed successfully
[2026-01-26T08:52:53.065Z] [ERROR] Failed to fetch pending jobs
{
  "error": "fetch failed"
}
[2026-01-26T10:10:21.950Z] [ERROR] Failed to fetch pending jobs
{
  "error": "fetch failed"
}
[2026-01-26T10:10:23.470Z] [ERROR] Failed to fetch pending jobs
{
  "error": "fetch failed"
}
[2026-01-26T10:10:27.529Z] [ERROR] Failed to fetch pending jobs
{
  "error": "fetch failed"
}
[2026-01-26T10:10:29.543Z] [ERROR] Failed to fetch pending jobs
{
  "error": "fetch failed"
}
[2026-01-26T10:10:31.563Z] [ERROR] Failed to fetch pending jobs
{
  "error": "fetch failed"
}
[2026-01-26T10:10:33.589Z] [ERROR] Failed to fetch pending jobs
{
  "error": "fetch failed"
}
[2026-01-26T10:10:35.613Z] [ERROR] Failed to fetch pending jobs
{
  "error": "fetch failed"
}
[2026-01-26T10:10:37.131Z] [ERROR] Failed to fetch pending jobs
{
  "error": "fetch failed"
}
[2026-01-26T10:10:37.135Z] [ERROR] Failed to fetch pending jobs
{
  "error": "fetch failed"
}
[2026-01-26T10:10:37.137Z] [ERROR] Failed to fetch pending jobs
{
  "error": "fetch failed"
}
[2026-01-26T10:10:37.139Z] [ERROR] Failed to fetch pending jobs
{
  "error": "fetch failed"
}
[2026-01-26T10:29:59.334Z] [ERROR] Failed to fetch pending jobs
{
  "error": "fetch failed"
}
[2026-01-26T10:30:07.320Z] [ERROR] Failed to fetch pending jobs
{
  "error": "fetch failed"
}
[2026-01-26T10:30:14.818Z] [ERROR] Failed to fetch pending jobs
{
  "error": "fetch failed"
}
[2026-01-26T10:30:36.836Z] [ERROR] Failed to fetch pending jobs
{
  "error": "fetch failed"
}
[2026-01-26T10:30:40.505Z] [ERROR] Failed to fetch pending jobs
{
  "error": "fetch failed"
}
[2026-01-26T10:55:31.543Z] [INFO] Found 1 pending job(s)
[2026-01-26T10:55:31.548Z] [INFO] Found 1 pending job(s)
[2026-01-26T10:55:31.550Z] [INFO] Processing job 777 (kot) for Kitchen Printer
[2026-01-26T10:55:32.384Z] [INFO] Connecting to network printer: 192.168.123.101:9100
[2026-01-26T10:55:32.687Z] [INFO] ✓ Job 777 printed successfully
[2026-01-26T11:21:21.496Z] [INFO] Found 1 pending job(s)
[2026-01-26T11:21:21.544Z] [INFO] Found 1 pending job(s)
[2026-01-26T11:21:21.546Z] [INFO] Processing job 778 (receipt) for Customer Receipt
[2026-01-26T11:21:22.960Z] [INFO] Connecting to network printer: 192.168.123.102:9100
[2026-01-26T11:21:27.943Z] [INFO] ✓ Job 778 printed successfully
[2026-01-26T13:18:24.950Z] [INFO] Found 2 pending job(s)
[2026-01-26T13:18:24.954Z] [INFO] Found 2 pending job(s)
[2026-01-26T13:18:24.955Z] [INFO] Processing job 779 (kot) for Kitchen Printer
[2026-01-26T13:18:25.796Z] [INFO] Connecting to network printer: 192.168.123.101:9100
[2026-01-26T13:18:26.956Z] [INFO] Found 1 pending job(s)
[2026-01-26T13:18:26.958Z] [INFO] Found 1 pending job(s)
[2026-01-26T13:18:26.959Z] [INFO] Processing job 780 (bar_ticket) for Bar Printer
[2026-01-26T13:18:27.235Z] [INFO] Connecting to network printer: 192.168.123.102:9100
[2026-01-26T13:18:30.914Z] [INFO] ✓ Job 779 printed successfully
[2026-01-26T13:18:30.915Z] [INFO] Processing job 780 (bar_ticket) for Bar Printer
[2026-01-26T13:18:31.713Z] [WARN] Failed to update job 780 status
{
  "success": false,
  "error": "Job not found or already updated"
}
[2026-01-26T13:18:31.724Z] [INFO] Connecting to network printer: 192.168.123.102:9100
[2026-01-26T13:18:32.400Z] [INFO] ✓ Job 780 printed successfully
[2026-01-26T13:18:34.546Z] [INFO] ✓ Job 780 printed successfully
[2026-01-26T13:30:20.570Z] [INFO] Found 1 pending job(s)
[2026-01-26T13:30:20.573Z] [INFO] Found 1 pending job(s)
[2026-01-26T13:30:20.574Z] [INFO] Processing job 781 (kot) for Kitchen Printer
[2026-01-26T13:30:21.410Z] [INFO] Connecting to network printer: 192.168.123.101:9100
[2026-01-26T13:30:21.683Z] [INFO] ✓ Job 781 printed successfully
[2026-01-26T13:47:03.444Z] [INFO] Found 1 pending job(s)
[2026-01-26T13:47:03.446Z] [INFO] Found 1 pending job(s)
[2026-01-26T13:47:03.447Z] [INFO] Processing job 782 (kot) for Kitchen Printer
[2026-01-26T13:47:04.255Z] [INFO] Connecting to network printer: 192.168.123.101:9100
[2026-01-26T13:47:09.406Z] [INFO] ✓ Job 782 printed successfully
[2026-01-26T13:47:41.602Z] [INFO] Found 1 pending job(s)
[2026-01-26T13:47:41.603Z] [INFO] Found 1 pending job(s)
[2026-01-26T13:47:41.604Z] [INFO] Processing job 783 (receipt) for Customer Receipt
[2026-01-26T13:47:42.435Z] [INFO] Connecting to network printer: 192.168.123.102:9100
[2026-01-26T13:47:47.398Z] [INFO] ✓ Job 783 printed successfully
[2026-01-26T13:47:57.687Z] [INFO] Found 1 pending job(s)
[2026-01-26T13:47:57.689Z] [INFO] Found 1 pending job(s)
[2026-01-26T13:47:57.691Z] [INFO] Processing job 784 (receipt) for Customer Receipt
[2026-01-26T13:47:58.507Z] [INFO] Connecting to network printer: 192.168.123.102:9100
[2026-01-26T13:47:58.788Z] [INFO] ✓ Job 784 printed successfully
[2026-01-26T13:52:27.035Z] [INFO] Found 1 pending job(s)
[2026-01-26T13:52:27.036Z] [INFO] Found 1 pending job(s)
[2026-01-26T13:52:27.037Z] [INFO] Processing job 785 (kot) for Kitchen Printer
[2026-01-26T13:52:27.841Z] [INFO] Connecting to network printer: 192.168.123.101:9100
[2026-01-26T13:52:28.131Z] [INFO] ✓ Job 785 printed successfully
[2026-01-26T14:04:12.794Z] [INFO] Found 1 pending job(s)
[2026-01-26T14:04:12.795Z] [INFO] Found 1 pending job(s)
[2026-01-26T14:04:12.796Z] [INFO] Processing job 786 (receipt) for Customer Receipt
[2026-01-26T14:04:13.599Z] [INFO] Connecting to network printer: 192.168.123.102:9100
[2026-01-26T14:04:13.876Z] [INFO] ✓ Job 786 printed successfully
[2026-01-26T14:05:43.180Z] [INFO] Found 1 pending job(s)
[2026-01-26T14:05:43.181Z] [INFO] Found 1 pending job(s)
[2026-01-26T14:05:43.183Z] [INFO] Processing job 787 (kot) for Kitchen Printer
[2026-01-26T14:05:44.002Z] [INFO] Connecting to network printer: 192.168.123.101:9100
[2026-01-26T14:05:44.292Z] [INFO] ✓ Job 787 printed successfully
[2026-01-26T14:07:49.855Z] [INFO] Found 1 pending job(s)
[2026-01-26T14:07:49.856Z] [INFO] Found 1 pending job(s)
[2026-01-26T14:07:49.857Z] [INFO] Processing job 788 (receipt) for Customer Receipt
[2026-01-26T14:07:50.672Z] [INFO] Connecting to network printer: 192.168.123.102:9100
[2026-01-26T14:07:56.462Z] [INFO] ✓ Job 788 printed successfully
[2026-01-26T14:09:58.476Z] [INFO] Found 2 pending job(s)
[2026-01-26T14:09:58.482Z] [INFO] Found 2 pending job(s)
[2026-01-26T14:09:58.484Z] [INFO] Processing job 789 (kot) for Kitchen Printer
[2026-01-26T14:09:59.326Z] [INFO] Connecting to network printer: 192.168.123.101:9100
[2026-01-26T14:10:00.476Z] [INFO] Found 1 pending job(s)
[2026-01-26T14:10:00.477Z] [INFO] Found 1 pending job(s)
[2026-01-26T14:10:00.478Z] [INFO] Processing job 790 (bar_ticket) for Bar Printer
[2026-01-26T14:10:00.764Z] [INFO] Connecting to network printer: 192.168.123.102:9100
[2026-01-26T14:10:01.061Z] [INFO] ✓ Job 790 printed successfully
[2026-01-26T14:10:04.424Z] [INFO] ✓ Job 789 printed successfully
[2026-01-26T14:10:04.426Z] [INFO] Processing job 790 (bar_ticket) for Bar Printer
[2026-01-26T14:10:05.256Z] [INFO] Connecting to network printer: 192.168.123.102:9100
[2026-01-26T14:10:05.652Z] [INFO] ✓ Job 790 printed successfully
[2026-01-26T14:10:42.677Z] [INFO] Found 1 pending job(s)
[2026-01-26T14:10:42.678Z] [INFO] Found 1 pending job(s)
[2026-01-26T14:10:42.680Z] [INFO] Processing job 791 (kot) for Kitchen Printer
[2026-01-26T14:10:43.526Z] [INFO] Connecting to network printer: 192.168.123.101:9100
[2026-01-26T14:10:43.807Z] [INFO] ✓ Job 791 printed successfully
[2026-01-26T14:13:41.714Z] [INFO] Found 1 pending job(s)
[2026-01-26T14:13:41.715Z] [INFO] Found 1 pending job(s)
[2026-01-26T14:13:41.716Z] [INFO] Processing job 792 (receipt) for Customer Receipt
[2026-01-26T14:13:42.563Z] [INFO] Connecting to network printer: 192.168.123.102:9100
[2026-01-26T14:13:42.860Z] [INFO] ✓ Job 792 printed successfully
[2026-01-26T14:15:42.260Z] [INFO] Found 1 pending job(s)
[2026-01-26T14:15:42.261Z] [INFO] Found 1 pending job(s)
[2026-01-26T14:15:42.262Z] [INFO] Processing job 793 (receipt) for Customer Receipt
[2026-01-26T14:15:43.158Z] [INFO] Connecting to network printer: 192.168.123.102:9100
[2026-01-26T14:15:43.462Z] [INFO] ✓ Job 793 printed successfully
[2026-01-26T14:47:01.719Z] [INFO] Found 1 pending job(s)
[2026-01-26T14:47:01.720Z] [INFO] Found 1 pending job(s)
[2026-01-26T14:47:01.721Z] [INFO] Processing job 794 (receipt) for Customer Receipt
[2026-01-26T14:47:02.540Z] [INFO] Connecting to network printer: 192.168.123.102:9100
[2026-01-26T14:47:07.408Z] [INFO] ✓ Job 794 printed successfully
[2026-01-26T14:51:15.070Z] [INFO] Found 1 pending job(s)
[2026-01-26T14:51:15.071Z] [INFO] Found 1 pending job(s)
[2026-01-26T14:51:15.073Z] [INFO] Processing job 795 (receipt) for Customer Receipt
[2026-01-26T14:51:15.910Z] [INFO] Connecting to network printer: 192.168.123.102:9100
[2026-01-26T14:51:16.196Z] [INFO] ✓ Job 795 printed successfully
[2026-01-26T15:01:15.975Z] [INFO] Found 1 pending job(s)
[2026-01-26T15:01:15.977Z] [INFO] Found 1 pending job(s)
[2026-01-26T15:01:15.978Z] [INFO] Processing job 796 (receipt) for Customer Receipt
[2026-01-26T15:01:16.810Z] [INFO] Connecting to network printer: 192.168.123.102:9100
[2026-01-26T15:01:17.099Z] [INFO] ✓ Job 796 printed successfully
[2026-01-26T15:03:06.496Z] [INFO] Found 1 pending job(s)
[2026-01-26T15:03:06.500Z] [INFO] Found 1 pending job(s)
[2026-01-26T15:03:06.501Z] [INFO] Processing job 797 (receipt) for Customer Receipt
[2026-01-26T15:03:07.302Z] [INFO] Connecting to network printer: 192.168.123.102:9100
[2026-01-26T15:03:07.585Z] [INFO] ✓ Job 797 printed successfully
[2026-01-26T15:24:02.659Z] [ERROR] Failed to fetch pending jobs
{
  "error": "fetch failed"
}
[2026-01-26T15:37:37.060Z] [INFO] Found 1 pending job(s)
[2026-01-26T15:37:37.064Z] [INFO] Found 1 pending job(s)
[2026-01-26T15:37:37.065Z] [INFO] Processing job 798 (receipt) for Customer Receipt
[2026-01-26T15:37:37.886Z] [INFO] Connecting to network printer: 192.168.123.102:9100
[2026-01-26T15:37:43.190Z] [INFO] ✓ Job 798 printed successfully
[2026-01-27T04:30:13.827Z] [INFO] Print server starting...
[2026-01-27T04:30:13.832Z] [INFO] API: https://kamikuralk.online/api
[2026-01-27T04:30:13.833Z] [INFO] Poll interval: 2000ms
[2026-01-27T04:30:13.834Z] [INFO] Retry interval: 30000ms
[2026-01-27T04:30:13.835Z] [INFO] ✓ Print server running. Press Ctrl+C to stop.
[2026-01-27T05:07:03.393Z] [ERROR] Failed to fetch pending jobs
{
  "error": "fetch failed"
}
[2026-01-27T05:07:05.391Z] [ERROR] Failed to fetch pending jobs
{
  "error": "fetch failed"
}
[2026-01-27T05:07:07.391Z] [ERROR] Failed to fetch pending jobs
{
  "error": "fetch failed"
}
[2026-01-27T05:07:09.390Z] [ERROR] Failed to fetch pending jobs
{
  "error": "fetch failed"
}
[2026-01-27T05:07:11.390Z] [ERROR] Failed to fetch pending jobs
{
  "error": "fetch failed"
}
[2026-01-27T05:07:13.284Z] [ERROR] Failed to fetch pending jobs
{
  "error": "fetch failed"
}
[2026-01-27T05:07:13.390Z] [ERROR] Failed to fetch pending jobs
{
  "error": "fetch failed"
}
[2026-01-27T05:07:15.390Z] [ERROR] Failed to fetch pending jobs
{
  "error": "fetch failed"
}
[2026-01-27T05:07:17.390Z] [ERROR] Failed to fetch pending jobs
{
  "error": "fetch failed"
}
[2026-01-27T05:07:19.390Z] [ERROR] Failed to fetch pending jobs
{
  "error": "fetch failed"
}
[2026-01-27T06:01:16.071Z] [ERROR] Failed to fetch pending jobs
{
  "error": "HTTP 500: Internal Server Error"
}
[2026-01-27T06:01:18.066Z] [ERROR] Failed to fetch pending jobs
{
  "error": "HTTP 500: Internal Server Error"
}
[2026-01-27T07:19:29.904Z] [ERROR] Failed to fetch pending jobs
{
  "error": "fetch failed"
}
[2026-01-27T08:44:33.999Z] [INFO] Found 2 pending job(s)
[2026-01-27T08:44:34.000Z] [INFO] Found 2 pending job(s)
[2026-01-27T08:44:34.001Z] [INFO] Processing job 799 (kot) for Kitchen Printer
[2026-01-27T08:44:35.497Z] [INFO] Connecting to network printer: 192.168.123.101:9100
[2026-01-27T08:44:35.883Z] [INFO] ✓ Job 799 printed successfully
[2026-01-27T08:44:35.884Z] [INFO] Processing job 800 (bar_ticket) for Bar Printer
[2026-01-27T08:44:35.996Z] [INFO] Found 1 pending job(s)
[2026-01-27T08:44:35.997Z] [INFO] Found 1 pending job(s)
[2026-01-27T08:44:35.998Z] [INFO] Processing job 800 (bar_ticket) for Bar Printer
[2026-01-27T08:44:36.271Z] [INFO] Connecting to network printer: 192.168.123.102:9100
[2026-01-27T08:44:36.549Z] [INFO] ✓ Job 800 printed successfully
[2026-01-27T08:44:36.683Z] [INFO] Connecting to network printer: 192.168.123.102:9100
[2026-01-27T08:44:36.962Z] [INFO] ✓ Job 800 printed successfully
[2026-01-27T09:34:43.534Z] [INFO] Found 1 pending job(s)
[2026-01-27T09:34:43.535Z] [INFO] Found 1 pending job(s)
[2026-01-27T09:34:43.536Z] [INFO] Processing job 801 (receipt) for Customer Receipt
[2026-01-27T09:34:44.366Z] [INFO] Connecting to network printer: 192.168.123.102:9100
[2026-01-27T09:34:49.385Z] [INFO] ✓ Job 801 printed successfully
[2026-01-27T09:38:22.585Z] [INFO] Found 1 pending job(s)
[2026-01-27T09:38:22.586Z] [INFO] Found 1 pending job(s)
[2026-01-27T09:38:22.587Z] [INFO] Processing job 802 (receipt) for Customer Receipt
[2026-01-27T09:38:23.399Z] [INFO] Connecting to network printer: 192.168.123.102:9100
[2026-01-27T09:38:23.679Z] [INFO] ✓ Job 802 printed successfully
[2026-01-27T12:48:40.864Z] [ERROR] Failed to fetch pending jobs
{
  "error": "fetch failed"
}
[2026-01-27T13:04:41.453Z] [INFO] Found 1 pending job(s)
[2026-01-27T13:04:41.454Z] [INFO] Found 1 pending job(s)
[2026-01-27T13:04:41.455Z] [INFO] Processing job 803 (kot) for Kitchen Printer
[2026-01-27T13:04:42.258Z] [INFO] Connecting to network printer: 192.168.123.101:9100
[2026-01-27T13:04:47.375Z] [INFO] ✓ Job 803 printed successfully
[2026-01-27T13:40:29.327Z] [INFO] Found 2 pending job(s)
[2026-01-27T13:40:29.329Z] [INFO] Found 2 pending job(s)
[2026-01-27T13:40:29.329Z] [INFO] Processing job 804 (bar_ticket) for Bar Printer
[2026-01-27T13:40:30.366Z] [INFO] Connecting to network printer: 192.168.123.102:9100
[2026-01-27T13:40:31.335Z] [INFO] Found 1 pending job(s)
[2026-01-27T13:40:31.336Z] [INFO] Found 1 pending job(s)
[2026-01-27T13:40:31.337Z] [INFO] Processing job 805 (kot) for Kitchen Printer
[2026-01-27T13:40:31.618Z] [INFO] Connecting to network printer: 192.168.123.101:9100
[2026-01-27T13:40:35.911Z] [INFO] ✓ Job 804 printed successfully
[2026-01-27T13:40:35.912Z] [INFO] Processing job 805 (kot) for Kitchen Printer
[2026-01-27T13:40:36.191Z] [WARN] Failed to update job 805 status
{
  "success": false,
  "error": "Job not found or already updated"
}
[2026-01-27T13:40:36.192Z] [INFO] Connecting to network printer: 192.168.123.101:9100
[2026-01-27T13:40:36.871Z] [INFO] ✓ Job 805 printed successfully
[2026-01-27T13:40:38.957Z] [INFO] ✓ Job 805 printed successfully
[2026-01-27T14:25:45.119Z] [INFO] Found 1 pending job(s)
[2026-01-27T14:25:45.120Z] [INFO] Found 1 pending job(s)
[2026-01-27T14:25:45.121Z] [INFO] Processing job 806 (receipt) for Customer Receipt
[2026-01-27T14:25:45.964Z] [INFO] Connecting to network printer: 192.168.123.102:9100
[2026-01-27T14:25:50.894Z] [INFO] ✓ Job 806 printed successfully
[2026-01-27T14:26:03.184Z] [INFO] Found 1 pending job(s)
[2026-01-27T14:26:03.185Z] [INFO] Found 1 pending job(s)
[2026-01-27T14:26:03.186Z] [INFO] Processing job 807 (kot) for Kitchen Printer
[2026-01-27T14:26:04.013Z] [INFO] Connecting to network printer: 192.168.123.101:9100
[2026-01-27T14:26:08.885Z] [INFO] ✓ Job 807 printed successfully
[2026-01-27T14:42:17.352Z] [INFO] Found 1 pending job(s)
[2026-01-27T14:42:17.353Z] [INFO] Found 1 pending job(s)
[2026-01-27T14:42:17.354Z] [INFO] Processing job 808 (kot) for Kitchen Printer
[2026-01-27T14:42:18.269Z] [INFO] Connecting to network printer: 192.168.123.101:9100
[2026-01-27T14:42:18.553Z] [INFO] ✓ Job 808 printed successfully
[2026-01-27T14:59:55.936Z] [INFO] Found 1 pending job(s)
[2026-01-27T14:59:55.937Z] [INFO] Found 1 pending job(s)
[2026-01-27T14:59:55.938Z] [INFO] Processing job 809 (receipt) for Customer Receipt
[2026-01-27T14:59:56.943Z] [INFO] Connecting to network printer: 192.168.123.102:9100
[2026-01-27T15:00:01.920Z] [INFO] ✓ Job 809 printed successfully
[2026-01-27T15:06:47.959Z] [INFO] Found 1 pending job(s)
[2026-01-27T15:06:47.963Z] [INFO] Found 1 pending job(s)
[2026-01-27T15:06:47.964Z] [INFO] Processing job 810 (receipt) for Customer Receipt
[2026-01-27T15:06:48.866Z] [INFO] Connecting to network printer: 192.168.123.102:9100
[2026-01-27T15:06:49.181Z] [INFO] ✓ Job 810 printed successfully
[2026-01-27T15:31:49.804Z] [INFO] Found 1 pending job(s)
[2026-01-27T15:31:49.805Z] [INFO] Found 1 pending job(s)
[2026-01-27T15:31:49.806Z] [INFO] Processing job 811 (receipt) for Customer Receipt
[2026-01-27T15:31:50.705Z] [INFO] Connecting to network printer: 192.168.123.102:9100
[2026-01-27T15:31:56.549Z] [INFO] ✓ Job 811 printed successfully
[2026-01-27T15:42:00.809Z] [INFO] Found 1 pending job(s)
[2026-01-27T15:42:00.810Z] [INFO] Found 1 pending job(s)
[2026-01-27T15:42:00.811Z] [INFO] Processing job 812 (kot) for Kitchen Printer
[2026-01-27T15:42:01.635Z] [INFO] Connecting to network printer: 192.168.123.101:9100
[2026-01-27T15:42:07.468Z] [INFO] ✓ Job 812 printed successfully
[2026-01-27T15:45:09.697Z] [INFO] Found 1 pending job(s)
[2026-01-27T15:45:09.698Z] [INFO] Found 1 pending job(s)
[2026-01-27T15:45:09.699Z] [INFO] Processing job 813 (kot) for Kitchen Printer
[2026-01-27T15:45:10.533Z] [INFO] Connecting to network printer: 192.168.123.101:9100
[2026-01-27T15:45:10.842Z] [INFO] ✓ Job 813 printed successfully
[2026-01-27T15:45:43.865Z] [INFO] Found 1 pending job(s)
[2026-01-27T15:45:43.866Z] [INFO] Found 1 pending job(s)
[2026-01-27T15:45:43.867Z] [INFO] Processing job 814 (receipt) for Customer Receipt
[2026-01-27T15:45:44.675Z] [INFO] Connecting to network printer: 192.168.123.102:9100
[2026-01-27T15:45:44.963Z] [INFO] ✓ Job 814 printed successfully
[2026-01-27T15:46:42.181Z] [INFO] Found 1 pending job(s)
[2026-01-27T15:46:42.182Z] [INFO] Found 1 pending job(s)
[2026-01-27T15:46:42.183Z] [INFO] Processing job 815 (bar_ticket) for Bar Printer
[2026-01-27T15:46:42.989Z] [INFO] Connecting to network printer: 192.168.123.102:9100
[2026-01-27T15:46:43.275Z] [INFO] ✓ Job 815 printed successfully
[2026-01-27T15:46:50.217Z] [INFO] Found 1 pending job(s)
[2026-01-27T15:46:50.218Z] [INFO] Found 1 pending job(s)
[2026-01-27T15:46:50.219Z] [INFO] Processing job 816 (receipt) for Customer Receipt
[2026-01-27T15:46:51.046Z] [INFO] Connecting to network printer: 192.168.123.102:9100
[2026-01-27T15:46:51.330Z] [INFO] ✓ Job 816 printed successfully
[2026-01-27T15:53:38.369Z] [INFO] Found 1 pending job(s)
[2026-01-27T15:53:38.371Z] [INFO] Found 1 pending job(s)
[2026-01-27T15:53:38.372Z] [INFO] Processing job 817 (receipt) for Customer Receipt
[2026-01-27T15:53:39.191Z] [INFO] Connecting to network printer: 192.168.123.102:9100
[2026-01-27T15:53:44.393Z] [INFO] ✓ Job 817 printed successfully
[2026-01-27T16:11:21.786Z] [INFO] Found 1 pending job(s)
[2026-01-27T16:11:21.787Z] [INFO] Found 1 pending job(s)
[2026-01-27T16:11:21.788Z] [INFO] Processing job 818 (kot) for Kitchen Printer
[2026-01-27T16:11:22.621Z] [INFO] Connecting to network printer: 192.168.123.101:9100
[2026-01-27T16:11:28.442Z] [INFO] ✓ Job 818 printed successfully
[2026-01-27T16:23:59.731Z] [INFO] Found 1 pending job(s)
[2026-01-27T16:23:59.732Z] [INFO] Found 1 pending job(s)
[2026-01-27T16:23:59.734Z] [INFO] Processing job 819 (kot) for Kitchen Printer
[2026-01-27T16:24:00.552Z] [INFO] Connecting to network printer: 192.168.123.101:9100
[2026-01-27T16:24:00.842Z] [INFO] ✓ Job 819 printed successfully
[2026-01-27T16:38:00.075Z] [INFO] Found 1 pending job(s)
[2026-01-27T16:38:00.080Z] [INFO] Found 1 pending job(s)
[2026-01-27T16:38:00.081Z] [INFO] Processing job 820 (receipt) for Customer Receipt
[2026-01-27T16:38:00.916Z] [INFO] Connecting to network printer: 192.168.123.102:9100
[2026-01-27T16:38:05.909Z] [INFO] ✓ Job 820 printed successfully
[2026-01-28T05:30:19.338Z] [INFO] Print server starting...
[2026-01-28T05:30:19.342Z] [INFO] API: https://kamikuralk.online/api
[2026-01-28T05:30:19.343Z] [INFO] Poll interval: 2000ms
[2026-01-28T05:30:19.344Z] [INFO] Retry interval: 30000ms
[2026-01-28T05:30:19.344Z] [INFO] ✓ Print server running. Press Ctrl+C to stop.
[2026-01-28T05:33:22.438Z] [INFO] Found 1 pending job(s)
[2026-01-28T05:33:22.439Z] [INFO] Found 1 pending job(s)
[2026-01-28T05:33:22.440Z] [INFO] Processing job 821 (receipt) for Customer Receipt
[2026-01-28T05:33:24.203Z] [INFO] Connecting to network printer: 192.168.123.102:9100
[2026-01-28T05:33:24.597Z] [INFO] ✓ Job 821 printed successfully
[2026-01-28T07:05:48.979Z] [INFO] Found 1 pending job(s)
[2026-01-28T07:05:48.980Z] [INFO] Found 1 pending job(s)
[2026-01-28T07:05:48.981Z] [INFO] Processing job 822 (kot) for Kitchen Printer
[2026-01-28T07:05:49.806Z] [INFO] Connecting to network printer: 192.168.123.101:9100
[2026-01-28T07:05:50.148Z] [INFO] ✓ Job 822 printed successfully
[2026-01-28T07:06:07.051Z] [INFO] Found 1 pending job(s)
[2026-01-28T07:06:07.052Z] [INFO] Found 1 pending job(s)
[2026-01-28T07:06:07.052Z] [INFO] Processing job 823 (receipt) for Customer Receipt
[2026-01-28T07:06:07.880Z] [INFO] Connecting to network printer: 192.168.123.102:9100
[2026-01-28T07:06:08.234Z] [INFO] ✓ Job 823 printed successfully
[2026-01-28T07:06:29.113Z] [INFO] Found 1 pending job(s)
[2026-01-28T07:06:29.114Z] [INFO] Found 1 pending job(s)
[2026-01-28T07:06:29.115Z] [INFO] Processing job 824 (receipt) for Customer Receipt
[2026-01-28T07:06:29.949Z] [INFO] Connecting to network printer: 192.168.123.102:9100
[2026-01-28T07:06:30.239Z] [INFO] ✓ Job 824 printed successfully
[2026-01-28T07:06:31.122Z] [INFO] Found 1 pending job(s)
[2026-01-28T07:06:31.124Z] [INFO] Found 1 pending job(s)
[2026-01-28T07:06:31.125Z] [INFO] Processing job 825 (receipt) for Customer Receipt
[2026-01-28T07:06:31.498Z] [INFO] Connecting to network printer: 192.168.123.102:9100
[2026-01-28T07:06:31.805Z] [INFO] ✓ Job 825 printed successfully
[2026-01-28T07:07:39.357Z] [INFO] Found 1 pending job(s)
[2026-01-28T07:07:39.358Z] [INFO] Found 1 pending job(s)
[2026-01-28T07:07:39.358Z] [INFO] Processing job 826 (receipt) for Customer Receipt
[2026-01-28T07:07:40.172Z] [INFO] Connecting to network printer: 192.168.123.102:9100
[2026-01-28T07:07:40.456Z] [INFO] ✓ Job 826 printed successfully
[2026-01-28T07:15:55.436Z] [INFO] Found 2 pending job(s)
[2026-01-28T07:15:55.437Z] [INFO] Found 2 pending job(s)
[2026-01-28T07:15:55.438Z] [INFO] Processing job 827 (kot) for Kitchen Printer
[2026-01-28T07:15:56.244Z] [INFO] Connecting to network printer: 192.168.123.101:9100
[2026-01-28T07:15:56.554Z] [INFO] ✓ Job 827 printed successfully
[2026-01-28T07:15:56.555Z] [INFO] Processing job 828 (bar_ticket) for Bar Printer
[2026-01-28T07:15:56.823Z] [INFO] Connecting to network printer: 192.168.123.102:9100
[2026-01-28T07:15:57.105Z] [INFO] ✓ Job 828 printed successfully
[2026-01-28T07:33:26.175Z] [INFO] Found 2 pending job(s)
[2026-01-28T07:33:26.176Z] [INFO] Found 2 pending job(s)
[2026-01-28T07:33:26.176Z] [INFO] Processing job 829 (kot) for Kitchen Printer
[2026-01-28T07:33:26.987Z] [INFO] Connecting to network printer: 192.168.123.101:9100
[2026-01-28T07:33:27.339Z] [INFO] ✓ Job 829 printed successfully
[2026-01-28T07:33:27.340Z] [INFO] Processing job 830 (bar_ticket) for Bar Printer
[2026-01-28T07:33:27.610Z] [INFO] Connecting to network printer: 192.168.123.102:9100
[2026-01-28T07:33:27.949Z] [INFO] ✓ Job 830 printed successfully
[2026-01-28T07:34:34.467Z] [INFO] Found 1 pending job(s)
[2026-01-28T07:34:34.468Z] [INFO] Found 1 pending job(s)
[2026-01-28T07:34:34.468Z] [INFO] Processing job 831 (bar_ticket) for Bar Printer
[2026-01-28T07:34:35.275Z] [INFO] Connecting to network printer: 192.168.123.102:9100
[2026-01-28T07:34:35.577Z] [INFO] ✓ Job 831 printed successfully
[2026-01-28T08:16:57.620Z] [INFO] Found 1 pending job(s)
[2026-01-28T08:16:57.621Z] [INFO] Found 1 pending job(s)
[2026-01-28T08:16:57.622Z] [INFO] Processing job 832 (receipt) for Customer Receipt
[2026-01-28T08:16:58.472Z] [INFO] Connecting to network printer: 192.168.123.102:9100
[2026-01-28T08:16:58.790Z] [INFO] ✓ Job 832 printed successfully
[2026-01-28T08:19:02.246Z] [INFO] Found 1 pending job(s)
[2026-01-28T08:19:02.247Z] [INFO] Found 1 pending job(s)
[2026-01-28T08:19:02.248Z] [INFO] Processing job 833 (receipt) for Customer Receipt
[2026-01-28T08:19:03.062Z] [INFO] Connecting to network printer: 192.168.123.102:9100
[2026-01-28T08:19:03.336Z] [INFO] ✓ Job 833 printed successfully
[2026-01-28T08:27:28.900Z] [INFO] Found 1 pending job(s)
[2026-01-28T08:27:28.901Z] [INFO] Found 1 pending job(s)
[2026-01-28T08:27:28.902Z] [INFO] Processing job 834 (receipt) for Customer Receipt
[2026-01-28T08:27:29.819Z] [INFO] Connecting to network printer: 192.168.123.102:9100
[2026-01-28T08:27:30.093Z] [INFO] ✓ Job 834 printed successfully
[2026-01-28T08:29:47.206Z] [INFO] Found 1 pending job(s)
[2026-01-28T08:29:47.207Z] [INFO] Found 1 pending job(s)
[2026-01-28T08:29:47.208Z] [INFO] Processing job 835 (receipt) for Customer Receipt
[2026-01-28T08:29:48.004Z] [INFO] Connecting to network printer: 192.168.123.102:9100
[2026-01-28T08:29:48.285Z] [INFO] ✓ Job 835 printed successfully
[2026-01-28T09:33:06.506Z] [ERROR] Failed to fetch pending jobs
{
  "error": "fetch failed"
}
[2026-01-28T09:33:07.100Z] [ERROR] Failed to fetch pending jobs
{
  "error": "fetch failed"
}
[2026-01-28T09:33:10.505Z] [ERROR] Failed to fetch pending jobs
{
  "error": "fetch failed"
}
[2026-01-28T09:53:47.894Z] [INFO] Found 1 pending job(s)
[2026-01-28T09:53:47.895Z] [INFO] Found 1 pending job(s)
[2026-01-28T09:53:47.896Z] [INFO] Processing job 836 (kot) for Kitchen Printer
[2026-01-28T09:53:48.707Z] [INFO] Connecting to network printer: 192.168.123.101:9100
[2026-01-28T09:53:49.040Z] [INFO] ✓ Job 836 printed successfully
[2026-01-28T10:39:32.294Z] [ERROR] Failed to fetch pending jobs
{
  "error": "fetch failed"
}
[2026-01-28T10:39:32.297Z] [ERROR] Failed to fetch pending jobs
{
  "error": "fetch failed"
}
[2026-01-28T10:39:32.298Z] [ERROR] Failed to fetch pending jobs
{
  "error": "fetch failed"
}
[2026-01-28T10:42:50.797Z] [ERROR] Failed to fetch pending jobs
{
  "error": "fetch failed"
}
[2026-01-28T10:42:50.799Z] [ERROR] Failed to fetch pending jobs
{
  "error": "fetch failed"
}
[2026-01-28T10:42:51.130Z] [ERROR] Failed to fetch pending jobs
{
  "error": "fetch failed"
}
[2026-01-28T10:54:45.892Z] [ERROR] Failed to fetch pending jobs
{
  "error": "fetch failed"
}
[2026-01-28T10:54:45.943Z] [ERROR] Failed to fetch pending jobs
{
  "error": "fetch failed"
}
[2026-01-28T11:26:55.276Z] [INFO] Print server starting...
[2026-01-28T11:26:55.310Z] [INFO] API: https://kamikuralk.online/api
[2026-01-28T11:26:55.320Z] [INFO] Poll interval: 2000ms
[2026-01-28T11:26:55.321Z] [INFO] Retry interval: 30000ms
[2026-01-28T11:26:55.322Z] [INFO] ✓ Print server running. Press Ctrl+C to stop.
[2026-01-28T11:46:55.856Z] [INFO] Print server starting...
[2026-01-28T11:46:55.860Z] [INFO] API: https://kamikuralk.online/api
[2026-01-28T11:46:55.861Z] [INFO] Poll interval: 2000ms
[2026-01-28T11:46:55.864Z] [INFO] Retry interval: 30000ms
[2026-01-28T11:46:55.865Z] [INFO] ✓ Print server running. Press Ctrl+C to stop.
[2026-01-28T11:46:56.921Z] [INFO] Found 1 pending job(s)
[2026-01-28T11:46:56.922Z] [INFO] Found 1 pending job(s)
[2026-01-28T11:46:56.923Z] [INFO] Processing job 839 (receipt) for Customer Receipt
[2026-01-28T11:46:58.605Z] [INFO] Connecting to network printer: 192.168.123.102:9100
[2026-01-28T11:46:58.980Z] [INFO] ✓ Job 839 printed successfully
[2026-01-28T11:48:50.891Z] [INFO] Print server starting...
[2026-01-28T11:48:50.897Z] [INFO] API: https://kamikuralk.online/api
[2026-01-28T11:48:50.897Z] [INFO] Poll interval: 2000ms
[2026-01-28T11:48:50.898Z] [INFO] Retry interval: 30000ms
[2026-01-28T11:48:50.899Z] [INFO] ✓ Print server running. Press Ctrl+C to stop.
[2026-01-28T11:48:51.993Z] [INFO] Found 1 pending job(s)
[2026-01-28T11:48:51.994Z] [INFO] Found 1 pending job(s)
[2026-01-28T11:48:51.995Z] [INFO] Processing job 840 (receipt) for Customer Receipt
[2026-01-28T11:48:53.403Z] [INFO] Connecting to network printer: 192.168.123.102:9100
[2026-01-28T11:48:53.768Z] [INFO] ✓ Job 840 printed successfully
[2026-01-28T12:51:35.532Z] [INFO] Found 2 pending job(s)
[2026-01-28T12:51:35.533Z] [INFO] Found 2 pending job(s)
[2026-01-28T12:51:35.534Z] [INFO] Processing job 841 (kot) for Kitchen Printer
[2026-01-28T12:51:36.414Z] [INFO] Connecting to network printer: 192.168.123.101:9100
[2026-01-28T12:51:36.782Z] [INFO] ✓ Job 841 printed successfully
[2026-01-28T12:51:36.783Z] [INFO] Processing job 842 (bar_ticket) for Bar Printer
[2026-01-28T12:51:37.066Z] [INFO] Connecting to network printer: 192.168.123.102:9100
[2026-01-28T12:51:37.433Z] [INFO] ✓ Job 842 printed successfully
[2026-01-28T13:16:32.980Z] [INFO] Found 1 pending job(s)
[2026-01-28T13:16:32.982Z] [INFO] Found 1 pending job(s)
[2026-01-28T13:16:32.982Z] [INFO] Processing job 843 (kot) for Kitchen Printer
[2026-01-28T13:16:33.806Z] [INFO] Connecting to network printer: 192.168.123.101:9100
[2026-01-28T13:16:34.195Z] [INFO] ✓ Job 843 printed successfully
[2026-01-28T13:26:46.359Z] [INFO] Found 1 pending job(s)
[2026-01-28T13:26:46.362Z] [INFO] Found 1 pending job(s)
[2026-01-28T13:26:46.366Z] [INFO] Processing job 844 (kot) for Kitchen Printer
[2026-01-28T13:26:47.202Z] [INFO] Connecting to network printer: 192.168.123.101:9100
[2026-01-28T13:26:47.496Z] [INFO] ✓ Job 844 printed successfully
[2026-01-28T13:38:59.972Z] [INFO] Found 1 pending job(s)
[2026-01-28T13:38:59.974Z] [INFO] Found 1 pending job(s)
[2026-01-28T13:38:59.975Z] [INFO] Processing job 845 (kot) for Kitchen Printer
[2026-01-28T13:39:00.795Z] [INFO] Connecting to network printer: 192.168.123.101:9100
[2026-01-28T13:39:01.142Z] [INFO] ✓ Job 845 printed successfully
[2026-01-28T13:48:07.147Z] [INFO] Found 1 pending job(s)
[2026-01-28T13:48:07.151Z] [INFO] Found 1 pending job(s)
[2026-01-28T13:48:07.152Z] [INFO] Processing job 846 (receipt) for Customer Receipt
[2026-01-28T13:48:08.018Z] [INFO] Connecting to network printer: 192.168.123.102:9100
[2026-01-28T13:48:08.370Z] [INFO] ✓ Job 846 printed successfully
[2026-01-28T13:54:47.132Z] [INFO] Found 1 pending job(s)
[2026-01-28T13:54:47.135Z] [INFO] Found 1 pending job(s)
[2026-01-28T13:54:47.136Z] [INFO] Processing job 847 (receipt) for Customer Receipt
[2026-01-28T13:54:47.951Z] [INFO] Connecting to network printer: 192.168.123.102:9100
[2026-01-28T13:54:48.233Z] [INFO] ✓ Job 847 printed successfully
[2026-01-28T14:11:12.753Z] [INFO] Found 1 pending job(s)
[2026-01-28T14:11:12.754Z] [INFO] Found 1 pending job(s)
[2026-01-28T14:11:12.756Z] [INFO] Processing job 848 (kot) for Kitchen Printer
[2026-01-28T14:11:13.566Z] [INFO] Connecting to network printer: 192.168.123.101:9100
[2026-01-28T14:11:13.913Z] [INFO] ✓ Job 848 printed successfully
[2026-01-28T14:15:05.893Z] [INFO] Found 1 pending job(s)
[2026-01-28T14:15:05.896Z] [INFO] Found 1 pending job(s)
[2026-01-28T14:15:05.897Z] [INFO] Processing job 849 (receipt) for Customer Receipt
[2026-01-28T14:15:06.724Z] [INFO] Connecting to network printer: 192.168.123.102:9100
[2026-01-28T14:15:07.095Z] [INFO] ✓ Job 849 printed successfully
[2026-01-28T14:23:54.778Z] [INFO] Found 1 pending job(s)
[2026-01-28T14:23:54.779Z] [INFO] Found 1 pending job(s)
[2026-01-28T14:23:54.780Z] [INFO] Processing job 850 (receipt) for Customer Receipt
[2026-01-28T14:23:55.106Z] [INFO] Connecting to network printer: 192.168.123.102:9100
[2026-01-28T14:23:55.397Z] [INFO] ✓ Job 850 printed successfully
[2026-01-28T14:35:47.111Z] [ERROR] Failed to fetch pending jobs
{
  "error": "fetch failed"
}
[2026-01-28T14:35:49.133Z] [ERROR] Failed to fetch pending jobs
{
  "error": "fetch failed"
}
[2026-01-28T14:35:51.145Z] [ERROR] Failed to fetch pending jobs
{
  "error": "fetch failed"
}
[2026-01-28T14:35:53.164Z] [ERROR] Failed to fetch pending jobs
{
  "error": "fetch failed"
}
[2026-01-28T14:35:55.000Z] [ERROR] Failed to fetch pending jobs
{
  "error": "fetch failed"
}
[2026-01-28T14:35:55.188Z] [ERROR] Failed to fetch pending jobs
{
  "error": "fetch failed"
}
[2026-01-28T14:35:57.210Z] [ERROR] Failed to fetch pending jobs
{
  "error": "fetch failed"
}
[2026-01-28T14:35:59.228Z] [ERROR] Failed to fetch pending jobs
{
  "error": "fetch failed"
}
[2026-01-28T14:36:01.255Z] [ERROR] Failed to fetch pending jobs
{
  "error": "fetch failed"
}
[2026-01-28T14:36:03.278Z] [ERROR] Failed to fetch pending jobs
{
  "error": "fetch failed"
}
[2026-01-28T14:36:05.298Z] [ERROR] Failed to fetch pending jobs
{
  "error": "fetch failed"
}
[2026-01-28T14:36:07.320Z] [ERROR] Failed to fetch pending jobs
{
  "error": "fetch failed"
}
[2026-01-28T14:36:09.345Z] [ERROR] Failed to fetch pending jobs
{
  "error": "fetch failed"
}
[2026-01-28T14:36:11.367Z] [ERROR] Failed to fetch pending jobs
{
  "error": "fetch failed"
}
[2026-01-28T14:36:13.392Z] [ERROR] Failed to fetch pending jobs
{
  "error": "fetch failed"
}
[2026-01-28T14:36:15.413Z] [ERROR] Failed to fetch pending jobs
{
  "error": "fetch failed"
}
[2026-01-28T14:36:17.436Z] [ERROR] Failed to fetch pending jobs
{
  "error": "fetch failed"
}
[2026-01-28T14:36:19.457Z] [ERROR] Failed to fetch pending jobs
{
  "error": "fetch failed"
}
[2026-01-28T14:45:05.264Z] [INFO] Found 1 pending job(s)
[2026-01-28T14:45:05.265Z] [INFO] Found 1 pending job(s)
[2026-01-28T14:45:05.266Z] [INFO] Processing job 851 (kot) for Kitchen Printer
[2026-01-28T14:45:07.254Z] [INFO] Found 1 pending job(s)
[2026-01-28T14:45:07.255Z] [INFO] Found 1 pending job(s)
[2026-01-28T14:45:07.255Z] [INFO] Processing job 851 (kot) for Kitchen Printer
[2026-01-28T14:45:09.261Z] [INFO] Found 1 pending job(s)
[2026-01-28T14:45:09.262Z] [INFO] Found 1 pending job(s)
[2026-01-28T14:45:09.263Z] [INFO] Processing job 851 (kot) for Kitchen Printer
[2026-01-28T14:45:11.275Z] [INFO] Found 1 pending job(s)
[2026-01-28T14:45:11.276Z] [INFO] Found 1 pending job(s)
[2026-01-28T14:45:11.277Z] [INFO] Processing job 851 (kot) for Kitchen Printer
[2026-01-28T14:45:12.506Z] [INFO] Connecting to network printer: 192.168.123.101:9100
[2026-01-28T14:45:12.728Z] [WARN] Failed to update job 851 status
{
  "success": false,
  "error": "Job not found or already updated"
}
[2026-01-28T14:45:12.730Z] [INFO] Connecting to network printer: 192.168.123.101:9100
[2026-01-28T14:45:12.877Z] [INFO] ✓ Job 851 printed successfully
[2026-01-28T14:45:12.896Z] [INFO] Connecting to network printer: 192.168.123.101:9100
[2026-01-28T14:45:13.005Z] [WARN] Failed to update job 851 status
{
  "success": false,
  "error": "Job not found or already updated"
}
[2026-01-28T14:45:13.007Z] [INFO] Connecting to network printer: 192.168.123.101:9100
[2026-01-28T14:45:13.011Z] [INFO] ✓ Job 851 printed successfully
[2026-01-28T14:45:13.173Z] [WARN] Failed to update job 851 status
{
  "success": false,
  "error": "Job not found or already updated"
}
[2026-01-28T14:45:13.175Z] [INFO] ✓ Job 851 printed successfully
[2026-01-28T14:45:13.295Z] [WARN] Failed to update job 851 status
{
  "success": false,
  "error": "Job not found or already updated"
}
[2026-01-28T14:45:13.297Z] [INFO] ✓ Job 851 printed successfully
[2026-01-28T15:17:33.845Z] [INFO] Found 1 pending job(s)
[2026-01-28T15:17:33.847Z] [INFO] Found 1 pending job(s)
[2026-01-28T15:17:33.847Z] [INFO] Processing job 852 (kot) for Kitchen Printer
[2026-01-28T15:17:34.656Z] [INFO] Connecting to network printer: 192.168.123.101:9100
[2026-01-28T15:17:34.966Z] [INFO] ✓ Job 852 printed successfully
[2026-01-28T15:25:32.145Z] [INFO] Found 2 pending job(s)
[2026-01-28T15:25:32.146Z] [INFO] Found 2 pending job(s)
[2026-01-28T15:25:32.147Z] [INFO] Processing job 853 (kot) for Kitchen Printer
[2026-01-28T15:25:32.990Z] [INFO] Connecting to network printer: 192.168.123.101:9100
[2026-01-28T15:25:33.263Z] [INFO] ✓ Job 853 printed successfully
[2026-01-28T15:25:33.264Z] [INFO] Processing job 854 (bar_ticket) for Bar Printer
[2026-01-28T15:25:33.539Z] [INFO] Connecting to network printer: 192.168.123.102:9100
[2026-01-28T15:25:33.894Z] [INFO] ✓ Job 854 printed successfully
[2026-01-28T15:28:19.042Z] [INFO] Found 1 pending job(s)
[2026-01-28T15:28:19.043Z] [INFO] Found 1 pending job(s)
[2026-01-28T15:28:19.044Z] [INFO] Processing job 855 (receipt) for Customer Receipt
[2026-01-28T15:28:19.873Z] [INFO] Connecting to network printer: 192.168.123.102:9100
[2026-01-28T15:28:20.147Z] [INFO] ✓ Job 855 printed successfully
[2026-01-28T15:28:37.202Z] [INFO] Found 1 pending job(s)
[2026-01-28T15:28:37.204Z] [INFO] Found 1 pending job(s)
[2026-01-28T15:28:37.205Z] [INFO] Processing job 856 (bar_ticket) for Bar Printer
[2026-01-28T15:28:38.035Z] [INFO] Connecting to network printer: 192.168.123.102:9100
[2026-01-28T15:28:38.322Z] [INFO] ✓ Job 856 printed successfully
[2026-01-28T15:41:08.538Z] [ERROR] Failed to fetch pending jobs
{
  "error": "fetch failed"
}
[2026-01-28T15:41:14.944Z] [ERROR] Failed to fetch pending jobs
{
  "error": "fetch failed"
}
[2026-01-28T15:41:16.964Z] [ERROR] Failed to fetch pending jobs
{
  "error": "fetch failed"
}
[2026-01-28T15:41:25.074Z] [ERROR] Failed to fetch pending jobs
{
  "error": "fetch failed"
}
[2026-01-28T15:41:27.095Z] [ERROR] Failed to fetch pending jobs
{
  "error": "fetch failed"
}
[2026-01-28T15:41:29.114Z] [ERROR] Failed to fetch pending jobs
{
  "error": "fetch failed"
}
[2026-01-28T15:41:31.134Z] [ERROR] Failed to fetch pending jobs
{
  "error": "fetch failed"
}
[2026-01-28T15:41:33.164Z] [ERROR] Failed to fetch pending jobs
{
  "error": "fetch failed"
}
[2026-01-28T15:41:38.547Z] [ERROR] Failed to fetch pending jobs
{
  "error": "fetch failed"
}
[2026-01-28T15:43:15.866Z] [INFO] Found 1 pending job(s)
[2026-01-28T15:43:15.867Z] [INFO] Found 1 pending job(s)
[2026-01-28T15:43:15.868Z] [INFO] Processing job 857 (kot) for Kitchen Printer
[2026-01-28T15:43:16.704Z] [INFO] Connecting to network printer: 192.168.123.101:9100
[2026-01-28T15:43:17.119Z] [INFO] ✓ Job 857 printed successfully
[2026-01-28T15:43:59.889Z] [INFO] Found 1 pending job(s)
[2026-01-28T15:43:59.891Z] [INFO] Found 1 pending job(s)
[2026-01-28T15:43:59.891Z] [INFO] Processing job 858 (bar_ticket) for Bar Printer
[2026-01-28T15:44:00.705Z] [INFO] Connecting to network printer: 192.168.123.102:9100
[2026-01-28T15:44:00.987Z] [INFO] ✓ Job 858 printed successfully
[2026-01-28T15:47:34.955Z] [INFO] Found 1 pending job(s)
[2026-01-28T15:47:34.956Z] [INFO] Found 1 pending job(s)
[2026-01-28T15:47:34.958Z] [INFO] Processing job 859 (receipt) for Customer Receipt
[2026-01-28T15:47:35.822Z] [INFO] Connecting to network printer: 192.168.123.102:9100
[2026-01-28T15:47:36.189Z] [INFO] ✓ Job 859 printed successfully
[2026-01-28T15:49:11.491Z] [INFO] Found 1 pending job(s)
[2026-01-28T15:49:11.492Z] [INFO] Found 1 pending job(s)
[2026-01-28T15:49:11.493Z] [INFO] Processing job 860 (bar_ticket) for Bar Printer
[2026-01-28T15:49:12.304Z] [INFO] Connecting to network printer: 192.168.123.102:9100
[2026-01-28T15:49:12.591Z] [INFO] ✓ Job 860 printed successfully
[2026-01-28T15:49:23.561Z] [INFO] Found 1 pending job(s)
[2026-01-28T15:49:23.562Z] [INFO] Found 1 pending job(s)
[2026-01-28T15:49:23.563Z] [INFO] Processing job 861 (receipt) for Customer Receipt
[2026-01-28T15:49:24.361Z] [INFO] Connecting to network printer: 192.168.123.102:9100
[2026-01-28T15:49:24.658Z] [INFO] ✓ Job 861 printed successfully
[2026-01-28T15:54:36.967Z] [INFO] Found 1 pending job(s)
[2026-01-28T15:54:36.968Z] [INFO] Found 1 pending job(s)
[2026-01-28T15:54:36.970Z] [INFO] Processing job 862 (receipt) for Customer Receipt
[2026-01-28T15:54:37.802Z] [INFO] Connecting to network printer: 192.168.123.102:9100
[2026-01-28T15:54:38.091Z] [INFO] ✓ Job 862 printed successfully
[2026-01-28T15:56:23.842Z] [INFO] Found 1 pending job(s)
[2026-01-28T15:56:23.847Z] [INFO] Found 1 pending job(s)
[2026-01-28T15:56:23.848Z] [INFO] Processing job 863 (kot) for Kitchen Printer
[2026-01-28T15:56:25.279Z] [INFO] Connecting to network printer: 192.168.123.101:9100
[2026-01-28T15:56:25.715Z] [INFO] ✓ Job 863 printed successfully
[2026-01-28T16:03:53.726Z] [INFO] Found 1 pending job(s)
[2026-01-28T16:03:53.727Z] [INFO] Found 1 pending job(s)
[2026-01-28T16:03:53.729Z] [INFO] Processing job 864 (kot) for Kitchen Printer
[2026-01-28T16:03:54.534Z] [INFO] Connecting to network printer: 192.168.123.101:9100
[2026-01-28T16:03:54.906Z] [INFO] ✓ Job 864 printed successfully
[2026-01-28T16:14:14.781Z] [INFO] Found 1 pending job(s)
[2026-01-28T16:14:14.782Z] [INFO] Found 1 pending job(s)
[2026-01-28T16:14:14.783Z] [INFO] Processing job 865 (receipt) for Customer Receipt
[2026-01-28T16:14:15.598Z] [INFO] Connecting to network printer: 192.168.123.102:9100
[2026-01-28T16:14:15.951Z] [INFO] ✓ Job 865 printed successfully
[2026-01-28T16:15:15.080Z] [INFO] Found 1 pending job(s)
[2026-01-28T16:15:15.081Z] [INFO] Found 1 pending job(s)
[2026-01-28T16:15:15.082Z] [INFO] Processing job 866 (receipt) for Customer Receipt
[2026-01-28T16:15:16.082Z] [INFO] Connecting to network printer: 192.168.123.102:9100
[2026-01-28T16:15:16.386Z] [INFO] ✓ Job 866 printed successfully
[2026-01-28T16:17:13.738Z] [INFO] Found 1 pending job(s)
[2026-01-28T16:17:13.739Z] [INFO] Found 1 pending job(s)
[2026-01-28T16:17:13.740Z] [INFO] Processing job 867 (receipt) for Customer Receipt
[2026-01-28T16:17:14.565Z] [INFO] Connecting to network printer: 192.168.123.102:9100
[2026-01-28T16:17:14.876Z] [INFO] ✓ Job 867 printed successfully
[2026-01-28T16:18:52.122Z] [INFO] Found 1 pending job(s)
[2026-01-28T16:18:52.123Z] [INFO] Found 1 pending job(s)
[2026-01-28T16:18:52.125Z] [INFO] Processing job 868 (receipt) for Customer Receipt
[2026-01-28T16:18:52.943Z] [INFO] Connecting to network printer: 192.168.123.102:9100
[2026-01-28T16:18:53.227Z] [INFO] ✓ Job 868 printed successfully
[2026-01-28T16:28:42.361Z] [INFO] Found 1 pending job(s)
[2026-01-28T16:28:42.362Z] [INFO] Found 1 pending job(s)
[2026-01-28T16:28:42.363Z] [INFO] Processing job 869 (receipt) for Customer Receipt
[2026-01-28T16:28:43.188Z] [INFO] Connecting to network printer: 192.168.123.102:9100
[2026-01-28T16:28:43.475Z] [INFO] ✓ Job 869 printed successfully
[2026-01-28T16:31:29.438Z] [INFO] Found 1 pending job(s)
[2026-01-28T16:31:29.439Z] [INFO] Found 1 pending job(s)
[2026-01-28T16:31:29.442Z] [INFO] Processing job 870 (receipt) for Customer Receipt
[2026-01-28T16:31:30.647Z] [INFO] Connecting to network printer: 192.168.123.102:9100
[2026-01-28T16:31:30.938Z] [INFO] ✓ Job 870 printed successfully
[2026-01-29T04:38:07.687Z] [INFO] Print server starting...
[2026-01-29T04:38:07.693Z] [INFO] API: https://kamikuralk.online/api
[2026-01-29T04:38:07.694Z] [INFO] Poll interval: 2000ms
[2026-01-29T04:38:07.695Z] [INFO] Retry interval: 30000ms
[2026-01-29T04:38:07.696Z] [INFO] ✓ Print server running. Press Ctrl+C to stop.
[2026-01-29T07:03:42.812Z] [ERROR] Failed to fetch pending jobs
{
  "error": "fetch failed"
}
[2026-01-29T07:07:15.953Z] [INFO] Found 1 pending job(s)
[2026-01-29T07:07:15.955Z] [INFO] Found 1 pending job(s)
[2026-01-29T07:07:15.957Z] [INFO] Processing job 871 (kot) for Kitchen Printer
[2026-01-29T07:07:18.287Z] [INFO] Connecting to network printer: 192.168.123.101:9100
[2026-01-29T07:07:18.798Z] [INFO] ✓ Job 871 printed successfully
[2026-01-29T07:08:32.907Z] [ERROR] Failed to fetch pending jobs
{
  "error": "fetch failed"
}
[2026-01-29T07:09:12.996Z] [ERROR] Failed to fetch pending jobs
{
  "error": "fetch failed"
}
[2026-01-29T07:15:53.121Z] [ERROR] Failed to fetch pending jobs
{
  "error": "fetch failed"
}
[2026-01-29T07:22:13.428Z] [ERROR] Failed to fetch pending jobs
{
  "error": "fetch failed"
}
[2026-01-29T07:23:03.363Z] [ERROR] Failed to fetch pending jobs
{
  "error": "fetch failed"
}
[2026-01-29T07:30:03.542Z] [ERROR] Failed to fetch pending jobs
{
  "error": "fetch failed"
}
[2026-01-29T07:41:31.128Z] [INFO] Found 1 pending job(s)
[2026-01-29T07:41:31.129Z] [INFO] Found 1 pending job(s)
[2026-01-29T07:41:31.131Z] [INFO] Processing job 872 (receipt) for Customer Receipt
[2026-01-29T07:41:31.955Z] [INFO] Connecting to network printer: 192.168.123.102:9100
[2026-01-29T07:41:32.247Z] [INFO] ✓ Job 872 printed successfully
[2026-01-29T07:42:51.556Z] [INFO] Found 1 pending job(s)
[2026-01-29T07:42:51.557Z] [INFO] Found 1 pending job(s)
[2026-01-29T07:42:51.560Z] [INFO] Processing job 873 (receipt) for Customer Receipt
[2026-01-29T07:42:52.478Z] [INFO] Connecting to network printer: 192.168.123.102:9100
[2026-01-29T07:42:52.801Z] [INFO] ✓ Job 873 printed successfully
[2026-01-29T07:53:26.878Z] [INFO] Found 1 pending job(s)
[2026-01-29T07:53:26.879Z] [INFO] Found 1 pending job(s)
[2026-01-29T07:53:26.881Z] [INFO] Processing job 874 (receipt) for Customer Receipt
[2026-01-29T07:53:27.712Z] [INFO] Connecting to network printer: 192.168.123.102:9100
[2026-01-29T07:53:27.996Z] [INFO] ✓ Job 874 printed successfully
[2026-01-29T08:00:45.189Z] [ERROR] Failed to fetch pending jobs
{
  "error": "fetch failed"
}
[2026-01-29T08:52:45.289Z] [INFO] Found 1 pending job(s)
[2026-01-29T08:52:45.291Z] [INFO] Found 1 pending job(s)
[2026-01-29T08:52:45.292Z] [INFO] Processing job 875 (kot) for Kitchen Printer
[2026-01-29T08:52:46.107Z] [INFO] Connecting to network printer: 192.168.123.101:9100
[2026-01-29T08:52:46.400Z] [INFO] ✓ Job 875 printed successfully
[2026-01-29T09:04:16.919Z] [ERROR] Failed to fetch pending jobs
{
  "error": "fetch failed"
}
[2026-01-29T09:11:17.109Z] [ERROR] Failed to fetch pending jobs
{
  "error": "fetch failed"
}
[2026-01-29T09:12:33.323Z] [ERROR] Failed to fetch pending jobs
{
  "error": "fetch failed"
}
[2026-01-29T09:12:35.335Z] [ERROR] Failed to fetch pending jobs
{
  "error": "fetch failed"
}
[2026-01-29T09:12:36.990Z] [ERROR] Failed to fetch pending jobs
{
  "error": "fetch failed"
}
[2026-01-29T09:12:36.993Z] [ERROR] Failed to fetch pending jobs
{
  "error": "fetch failed"
}
[2026-01-29T09:12:38.127Z] [ERROR] Failed to fetch pending jobs
{
  "error": "fetch failed"
}
[2026-01-29T09:12:41.394Z] [ERROR] Failed to fetch pending jobs
{
  "error": "fetch failed"
}
[2026-01-29T09:12:45.443Z] [ERROR] Failed to fetch pending jobs
{
  "error": "fetch failed"
}
[2026-01-29T09:19:27.412Z] [ERROR] Failed to fetch pending jobs
{
  "error": "fetch failed"
}
[2026-01-29T09:32:11.759Z] [INFO] Found 1 pending job(s)
[2026-01-29T09:32:11.761Z] [INFO] Found 1 pending job(s)
[2026-01-29T09:32:11.762Z] [INFO] Processing job 876 (receipt) for Customer Receipt
[2026-01-29T09:32:12.595Z] [INFO] Connecting to network printer: 192.168.123.102:9100
[2026-01-29T09:32:12.965Z] [INFO] ✓ Job 876 printed successfully
[2026-01-29T09:32:37.756Z] [ERROR] Failed to fetch pending jobs
{
  "error": "fetch failed"
}
[2026-01-29T09:38:57.746Z] [ERROR] Failed to fetch pending jobs
{
  "error": "fetch failed"
}
[2026-01-29T09:53:38.317Z] [ERROR] Failed to fetch pending jobs
{
  "error": "fetch failed"
}
[2026-01-29T09:59:48.328Z] [ERROR] Failed to fetch pending jobs
{
  "error": "fetch failed"
}
[2026-01-29T11:20:40.853Z] [ERROR] Failed to fetch pending jobs
{
  "error": "fetch failed"
}
[2026-01-29T11:22:51.443Z] [ERROR] Failed to fetch pending jobs
{
  "error": "fetch failed"
}
[2026-01-29T11:35:01.361Z] [ERROR] Failed to fetch pending jobs
{
  "error": "fetch failed"
}
[2026-01-29T11:48:51.568Z] [ERROR] Failed to fetch pending jobs
{
  "error": "fetch failed"
}
[2026-01-29T12:11:42.785Z] [ERROR] Failed to fetch pending jobs
{
  "error": "fetch failed"
}
[2026-01-29T12:18:42.929Z] [ERROR] Failed to fetch pending jobs
{
  "error": "fetch failed"
}
[2026-01-29T12:18:55.469Z] [ERROR] Failed to fetch pending jobs
{
  "error": "fetch failed"
}
[2026-01-29T12:18:57.493Z] [ERROR] Failed to fetch pending jobs
{
  "error": "fetch failed"
}
[2026-01-29T12:18:59.018Z] [ERROR] Failed to fetch pending jobs
{
  "error": "fetch failed"
}
[2026-01-29T12:19:01.033Z] [ERROR] Failed to fetch pending jobs
{
  "error": "fetch failed"
}
[2026-01-29T12:19:03.048Z] [ERROR] Failed to fetch pending jobs
{
  "error": "fetch failed"
}
[2026-01-29T12:19:04.679Z] [ERROR] Failed to fetch pending jobs
{
  "error": "fetch failed"
}
[2026-01-29T12:19:05.073Z] [ERROR] Failed to fetch pending jobs
{
  "error": "fetch failed"
}
[2026-01-29T12:24:53.117Z] [ERROR] Failed to fetch pending jobs
{
  "error": "fetch failed"
}
[2026-01-29T12:25:43.125Z] [ERROR] Failed to fetch pending jobs
{
  "error": "fetch failed"
}
[2026-01-29T12:40:03.538Z] [ERROR] Failed to fetch pending jobs
{
  "error": "fetch failed"
}
[2026-01-29T13:01:24.228Z] [ERROR] Failed to fetch pending jobs
{
  "error": "fetch failed"
}
[2026-01-29T13:18:21.364Z] [ERROR] Failed to fetch pending jobs
{
  "error": "fetch failed"
}
[2026-01-29T13:18:22.297Z] [ERROR] Failed to fetch pending jobs
{
  "error": "fetch failed"
}
[2026-01-29T13:18:27.418Z] [ERROR] Failed to fetch pending jobs
{
  "error": "fetch failed"
}
[2026-01-29T13:18:29.329Z] [ERROR] Failed to fetch pending jobs
{
  "error": "fetch failed"
}
[2026-01-29T13:18:29.437Z] [ERROR] Failed to fetch pending jobs
{
  "error": "fetch failed"
}
[2026-01-29T13:20:21.368Z] [ERROR] Failed to fetch pending jobs
{
  "error": "fetch failed"
}
[2026-01-29T13:20:34.579Z] [ERROR] Failed to fetch pending jobs
{
  "error": "fetch failed"
}
[2026-01-29T13:24:12.135Z] [INFO] Found 1 pending job(s)
[2026-01-29T13:24:12.140Z] [INFO] Found 1 pending job(s)
[2026-01-29T13:24:12.150Z] [INFO] Processing job 877 (kot) for Kitchen Printer
[2026-01-29T13:24:12.975Z] [INFO] Connecting to network printer: 192.168.123.101:9100
[2026-01-29T13:24:18.095Z] [INFO] ✓ Job 877 printed successfully
[2026-01-29T13:25:26.498Z] [INFO] Found 1 pending job(s)
[2026-01-29T13:25:26.499Z] [INFO] Found 1 pending job(s)
[2026-01-29T13:25:26.500Z] [INFO] Processing job 878 (kot) for Kitchen Printer
[2026-01-29T13:25:27.314Z] [INFO] Connecting to network printer: 192.168.123.101:9100
[2026-01-29T13:25:27.597Z] [INFO] ✓ Job 878 printed successfully
[2026-01-29T13:26:54.947Z] [INFO] Found 1 pending job(s)
[2026-01-29T13:26:54.949Z] [INFO] Found 1 pending job(s)
[2026-01-29T13:26:54.950Z] [INFO] Processing job 879 (receipt) for Customer Receipt
[2026-01-29T13:26:55.798Z] [INFO] Connecting to network printer: 192.168.123.102:9100
[2026-01-29T13:27:01.637Z] [INFO] ✓ Job 879 printed successfully
[2026-01-29T13:27:07.006Z] [INFO] Found 1 pending job(s)
[2026-01-29T13:27:07.007Z] [INFO] Found 1 pending job(s)
[2026-01-29T13:27:07.008Z] [INFO] Processing job 880 (receipt) for Customer Receipt
[2026-01-29T13:27:07.840Z] [INFO] Connecting to network printer: 192.168.123.102:9100
[2026-01-29T13:27:08.122Z] [INFO] ✓ Job 880 printed successfully
[2026-01-29T13:40:55.168Z] [ERROR] Failed to fetch pending jobs
{
  "error": "fetch failed"
}
[2026-01-29T13:41:35.177Z] [ERROR] Failed to fetch pending jobs
{
  "error": "fetch failed"
}
[2026-01-29T13:52:20.588Z] [INFO] Found 1 pending job(s)
[2026-01-29T13:52:20.591Z] [INFO] Found 1 pending job(s)
[2026-01-29T13:52:20.592Z] [INFO] Processing job 881 (receipt) for Customer Receipt
[2026-01-29T13:52:21.433Z] [INFO] Connecting to network printer: 192.168.123.102:9100
[2026-01-29T13:52:26.587Z] [INFO] ✓ Job 881 printed successfully
[2026-01-29T14:11:38.419Z] [INFO] Found 1 pending job(s)
[2026-01-29T14:11:38.421Z] [INFO] Found 1 pending job(s)
[2026-01-29T14:11:38.422Z] [INFO] Processing job 882 (receipt) for Customer Receipt
[2026-01-29T14:11:39.236Z] [INFO] Connecting to network printer: 192.168.123.102:9100
[2026-01-29T14:11:39.527Z] [INFO] ✓ Job 882 printed successfully
[2026-01-29T14:15:35.620Z] [INFO] Found 1 pending job(s)
[2026-01-29T14:15:35.621Z] [INFO] Found 1 pending job(s)
[2026-01-29T14:15:35.622Z] [INFO] Processing job 883 (receipt) for Customer Receipt
[2026-01-29T14:15:36.461Z] [INFO] Connecting to network printer: 192.168.123.102:9100
[2026-01-29T14:15:41.580Z] [INFO] ✓ Job 883 printed successfully
[2026-01-29T14:25:26.663Z] [INFO] Found 1 pending job(s)
[2026-01-29T14:25:26.664Z] [INFO] Found 1 pending job(s)
[2026-01-29T14:25:26.665Z] [INFO] Processing job 884 (kot) for Kitchen Printer
[2026-01-29T14:25:27.501Z] [INFO] Connecting to network printer: 192.168.123.101:9100
[2026-01-29T14:25:32.583Z] [INFO] ✓ Job 884 printed successfully
[2026-01-29T14:31:24.541Z] [INFO] Found 1 pending job(s)
[2026-01-29T14:31:24.542Z] [INFO] Found 1 pending job(s)
[2026-01-29T14:31:24.542Z] [INFO] Processing job 885 (kot) for Kitchen Printer
[2026-01-29T14:31:25.351Z] [INFO] Connecting to network printer: 192.168.123.101:9100
[2026-01-29T14:31:25.640Z] [INFO] ✓ Job 885 printed successfully
[2026-01-29T15:22:52.590Z] [INFO] Found 1 pending job(s)
[2026-01-29T15:22:52.593Z] [INFO] Found 1 pending job(s)
[2026-01-29T15:22:52.594Z] [INFO] Processing job 886 (receipt) for Customer Receipt
[2026-01-29T15:22:53.433Z] [INFO] Connecting to network printer: 192.168.123.102:9100
[2026-01-29T15:22:58.581Z] [INFO] ✓ Job 886 printed successfully
[2026-01-29T15:31:15.280Z] [INFO] Found 1 pending job(s)
[2026-01-29T15:31:15.282Z] [INFO] Found 1 pending job(s)
[2026-01-29T15:31:15.283Z] [INFO] Processing job 887 (kot) for Kitchen Printer
[2026-01-29T15:31:16.096Z] [INFO] Connecting to network printer: 192.168.123.101:9100
[2026-01-29T15:31:21.087Z] [INFO] ✓ Job 887 printed successfully
[2026-01-29T15:48:56.583Z] [INFO] Found 2 pending job(s)
[2026-01-29T15:48:56.585Z] [INFO] Found 2 pending job(s)
[2026-01-29T15:48:56.586Z] [INFO] Processing job 888 (receipt) for Customer Receipt
[2026-01-29T15:48:58.582Z] [INFO] Found 2 pending job(s)
[2026-01-29T15:48:58.590Z] [INFO] Found 2 pending job(s)
[2026-01-29T15:48:58.598Z] [INFO] Processing job 888 (receipt) for Customer Receipt
[2026-01-29T15:49:02.248Z] [INFO] Found 2 pending job(s)
[2026-01-29T15:49:02.249Z] [INFO] Found 2 pending job(s)
[2026-01-29T15:49:02.250Z] [INFO] Processing job 888 (receipt) for Customer Receipt
[2026-01-29T15:49:03.656Z] [INFO] Found 2 pending job(s)
[2026-01-29T15:49:03.658Z] [INFO] Found 2 pending job(s)
[2026-01-29T15:49:03.659Z] [INFO] Processing job 888 (receipt) for Customer Receipt
[2026-01-29T15:49:04.616Z] [INFO] Found 2 pending job(s)
[2026-01-29T15:49:04.617Z] [INFO] Found 2 pending job(s)
[2026-01-29T15:49:04.618Z] [INFO] Processing job 888 (receipt) for Customer Receipt
[2026-01-29T15:49:06.620Z] [INFO] Found 2 pending job(s)
[2026-01-29T15:49:06.621Z] [INFO] Found 2 pending job(s)
[2026-01-29T15:49:06.622Z] [INFO] Processing job 888 (receipt) for Customer Receipt
[2026-01-29T15:49:07.198Z] [ERROR] Error updating job 888 status
{
  "error": "fetch failed"
}
[2026-01-29T15:49:07.200Z] [INFO] Connecting to network printer: 192.168.123.102:9100
[2026-01-29T15:49:08.625Z] [INFO] Found 2 pending job(s)
[2026-01-29T15:49:08.629Z] [INFO] Found 2 pending job(s)
[2026-01-29T15:49:08.631Z] [INFO] Processing job 888 (receipt) for Customer Receipt
[2026-01-29T15:49:08.728Z] [ERROR] Error updating job 888 status
{
  "error": "fetch failed"
}
[2026-01-29T15:49:08.733Z] [INFO] Connecting to network printer: 192.168.123.102:9100
[2026-01-29T15:49:10.625Z] [INFO] Found 2 pending job(s)
[2026-01-29T15:49:10.626Z] [INFO] Found 2 pending job(s)
[2026-01-29T15:49:10.627Z] [INFO] Processing job 888 (receipt) for Customer Receipt
[2026-01-29T15:49:12.087Z] [INFO] ✓ Job 888 printed successfully
[2026-01-29T15:49:12.089Z] [INFO] Processing job 889 (receipt) for Customer Receipt
[2026-01-29T15:49:12.624Z] [INFO] Found 1 pending job(s)
[2026-01-29T15:49:12.625Z] [INFO] Found 1 pending job(s)
[2026-01-29T15:49:12.626Z] [INFO] Processing job 889 (receipt) for Customer Receipt
[2026-01-29T15:49:12.764Z] [ERROR] Error updating job 888 status
{
  "error": "fetch failed"
}
[2026-01-29T15:49:12.768Z] [INFO] Connecting to network printer: 192.168.123.102:9100
[2026-01-29T15:49:13.046Z] [INFO] ✓ Job 888 printed successfully
[2026-01-29T15:49:13.047Z] [INFO] Processing job 889 (receipt) for Customer Receipt
[2026-01-29T15:49:14.273Z] [ERROR] Error updating job 888 status
{
  "error": "fetch failed"
}
[2026-01-29T15:49:14.277Z] [INFO] Connecting to network printer: 192.168.123.102:9100
[2026-01-29T15:49:14.516Z] [INFO] ✓ Job 888 printed successfully
[2026-01-29T15:49:14.517Z] [INFO] Processing job 889 (receipt) for Customer Receipt
[2026-01-29T15:49:14.783Z] [ERROR] Error updating job 888 status
{
  "error": "fetch failed"
}
[2026-01-29T15:49:14.786Z] [INFO] Connecting to network printer: 192.168.123.102:9100
[2026-01-29T15:49:15.064Z] [WARN] Failed to update job 888 status
{
  "success": false,
  "error": "Job not found or already updated"
}
[2026-01-29T15:49:15.067Z] [INFO] ✓ Job 888 printed successfully
[2026-01-29T15:49:15.068Z] [INFO] Processing job 889 (receipt) for Customer Receipt
[2026-01-29T15:49:16.642Z] [INFO] Found 1 pending job(s)
[2026-01-29T15:49:16.644Z] [INFO] Found 1 pending job(s)
[2026-01-29T15:49:16.645Z] [INFO] Processing job 889 (receipt) for Customer Receipt
[2026-01-29T15:49:16.793Z] [ERROR] Error updating job 888 status
{
  "error": "fetch failed"
}
[2026-01-29T15:49:16.796Z] [INFO] Connecting to network printer: 192.168.123.102:9100
[2026-01-29T15:49:17.078Z] [INFO] ✓ Job 888 printed successfully
[2026-01-29T15:49:17.079Z] [INFO] Processing job 889 (receipt) for Customer Receipt
[2026-01-29T15:49:18.648Z] [INFO] Found 1 pending job(s)
[2026-01-29T15:49:18.674Z] [INFO] Found 1 pending job(s)
[2026-01-29T15:49:18.678Z] [INFO] Processing job 889 (receipt) for Customer Receipt
[2026-01-29T15:49:18.811Z] [ERROR] Error updating job 888 status
{
  "error": "fetch failed"
}
[2026-01-29T15:49:18.815Z] [INFO] Connecting to network printer: 192.168.123.102:9100
[2026-01-29T15:49:19.096Z] [INFO] ✓ Job 888 printed successfully
[2026-01-29T15:49:19.097Z] [INFO] Processing job 889 (receipt) for Customer Receipt
[2026-01-29T15:49:20.672Z] [INFO] Found 1 pending job(s)
[2026-01-29T15:49:20.719Z] [INFO] Found 1 pending job(s)
[2026-01-29T15:49:20.723Z] [INFO] Processing job 889 (receipt) for Customer Receipt
[2026-01-29T15:49:20.844Z] [ERROR] Error updating job 888 status
{
  "error": "fetch failed"
}
[2026-01-29T15:49:20.847Z] [INFO] Connecting to network printer: 192.168.123.102:9100
[2026-01-29T15:49:22.375Z] [ERROR] Error updating job 889 status
{
  "error": "fetch failed"
}
[2026-01-29T15:49:22.378Z] [INFO] Connecting to network printer: 192.168.123.102:9100
[2026-01-29T15:49:22.668Z] [INFO] Found 1 pending job(s)
[2026-01-29T15:49:22.670Z] [INFO] Found 1 pending job(s)
[2026-01-29T15:49:22.671Z] [INFO] Processing job 889 (receipt) for Customer Receipt
[2026-01-29T15:49:22.886Z] [ERROR] Error updating job 889 status
{
  "error": "fetch failed"
}
[2026-01-29T15:49:22.889Z] [INFO] Connecting to network printer: 192.168.123.102:9100
[2026-01-29T15:49:23.385Z] [ERROR] Error updating job 889 status
{
  "error": "fetch failed"
}
[2026-01-29T15:49:23.389Z] [INFO] Connecting to network printer: 192.168.123.102:9100
[2026-01-29T15:49:24.667Z] [INFO] Found 1 pending job(s)
[2026-01-29T15:49:24.668Z] [INFO] Found 1 pending job(s)
[2026-01-29T15:49:24.670Z] [INFO] Processing job 889 (receipt) for Customer Receipt
[2026-01-29T15:49:24.905Z] [ERROR] Error updating job 889 status
{
  "error": "fetch failed"
}
[2026-01-29T15:49:24.908Z] [INFO] Connecting to network printer: 192.168.123.102:9100
[2026-01-29T15:49:24.911Z] [ERROR] Failed to fetch pending jobs
{
  "error": "fetch failed"
}
[2026-01-29T15:49:24.913Z] [ERROR] Error updating job 888 status
{
  "error": "fetch failed"
}
[2026-01-29T15:49:24.915Z] [INFO] ✓ Job 888 printed successfully
[2026-01-29T15:49:24.916Z] [INFO] Processing job 889 (receipt) for Customer Receipt
[2026-01-29T15:49:25.201Z] [INFO] Connecting to network printer: 192.168.123.102:9100
[2026-01-29T15:49:25.410Z] [ERROR] Error updating job 889 status
{
  "error": "fetch failed"
}
[2026-01-29T15:49:25.412Z] [INFO] Connecting to network printer: 192.168.123.102:9100
[2026-01-29T15:49:26.925Z] [ERROR] Error updating job 889 status
{
  "error": "fetch failed"
}
[2026-01-29T15:49:26.928Z] [INFO] Connecting to network printer: 192.168.123.102:9100
[2026-01-29T15:49:27.430Z] [ERROR] Error updating job 889 status
{
  "error": "fetch failed"
}
[2026-01-29T15:49:27.433Z] [INFO] Connecting to network printer: 192.168.123.102:9100
[2026-01-29T15:49:28.945Z] [ERROR] Error updating job 889 status
{
  "error": "fetch failed"
}
[2026-01-29T15:49:28.948Z] [INFO] Connecting to network printer: 192.168.123.102:9100
[2026-01-29T15:49:29.455Z] [ERROR] Error updating job 889 status
{
  "error": "fetch failed"
}
[2026-01-29T15:49:29.457Z] [INFO] Connecting to network printer: 192.168.123.102:9100
[2026-01-29T15:49:30.855Z] [WARN] Print attempt 1 failed for job 888, retrying...
{
  "error": "Print timeout"
}
[2026-01-29T15:49:30.985Z] [ERROR] Error updating job 889 status
{
  "error": "fetch failed"
}
[2026-01-29T15:49:30.990Z] [INFO] Connecting to network printer: 192.168.123.102:9100
[2026-01-29T15:49:32.387Z] [WARN] Print attempt 1 failed for job 889, retrying...
{
  "error": "Print timeout"
}
[2026-01-29T15:49:32.595Z] [INFO] ✓ Job 889 printed successfully
[2026-01-29T15:49:32.902Z] [WARN] Print attempt 1 failed for job 889, retrying...
{
  "error": "Print timeout"
}
[2026-01-29T15:49:33.015Z] [ERROR] Error updating job 889 status
{
  "error": "fetch failed"
}
[2026-01-29T15:49:33.018Z] [INFO] Connecting to network printer: 192.168.123.102:9100
[2026-01-29T15:49:33.301Z] [WARN] Failed to update job 889 status
{
  "success": false,
  "error": "Job not found or already updated"
}
[2026-01-29T15:49:33.305Z] [INFO] ✓ Job 889 printed successfully
[2026-01-29T15:49:33.400Z] [WARN] Print attempt 1 failed for job 889, retrying...
{
  "error": "Print timeout"
}
[2026-01-29T15:49:33.863Z] [INFO] Connecting to network printer: 192.168.123.102:9100
[2026-01-29T15:49:34.139Z] [INFO] ✓ Job 888 printed successfully
[2026-01-29T15:49:34.140Z] [INFO] Processing job 889 (receipt) for Customer Receipt
[2026-01-29T15:49:34.716Z] [INFO] ✓ Job 889 printed successfully
[2026-01-29T15:49:34.923Z] [WARN] Print attempt 1 failed for job 889, retrying...
{
  "error": "Print timeout"
}
[2026-01-29T15:49:35.028Z] [ERROR] Error updating job 889 status
{
  "error": "fetch failed"
}
[2026-01-29T15:49:35.031Z] [INFO] Connecting to network printer: 192.168.123.102:9100
[2026-01-29T15:49:35.306Z] [WARN] Failed to update job 889 status
{
  "success": false,
  "error": "Job not found or already updated"
}
[2026-01-29T15:49:35.308Z] [INFO] ✓ Job 889 printed successfully
[2026-01-29T15:49:35.402Z] [INFO] Connecting to network printer: 192.168.123.102:9100
[2026-01-29T15:49:35.683Z] [INFO] ✓ Job 889 printed successfully
[2026-01-29T15:49:35.917Z] [INFO] Connecting to network printer: 192.168.123.102:9100
[2026-01-29T15:49:36.212Z] [WARN] Failed to update job 889 status
{
  "success": false,
  "error": "Job not found or already updated"
}
[2026-01-29T15:49:36.214Z] [INFO] ✓ Job 889 printed successfully
[2026-01-29T15:49:36.402Z] [INFO] Connecting to network printer: 192.168.123.102:9100
[2026-01-29T15:49:36.677Z] [INFO] ✓ Job 889 printed successfully
[2026-01-29T15:49:37.927Z] [INFO] Connecting to network printer: 192.168.123.102:9100
[2026-01-29T15:49:38.204Z] [INFO] ✓ Job 889 printed successfully
[2026-01-29T15:49:42.618Z] [ERROR] Error updating job 889 status
{
  "error": "fetch failed"
}
[2026-01-29T15:49:42.621Z] [INFO] ✓ Job 889 printed successfully
[2026-01-29T15:49:42.623Z] [ERROR] Error updating job 889 status
{
  "error": "fetch failed"
}
[2026-01-29T15:49:42.624Z] [INFO] ✓ Job 889 printed successfully
[2026-01-29T15:49:42.625Z] [ERROR] Failed to fetch pending jobs
{
  "error": "fetch failed"
}
[2026-01-29T15:49:44.136Z] [ERROR] Error updating job 889 status
{
  "error": "fetch failed"
}
[2026-01-29T15:49:44.139Z] [INFO] ✓ Job 889 printed successfully
[2026-01-29T15:49:44.141Z] [ERROR] Error updating job 889 status
{
  "error": "fetch failed"
}
[2026-01-29T15:49:44.143Z] [INFO] ✓ Job 889 printed successfully
[2026-01-29T15:49:44.646Z] [ERROR] Failed to fetch pending jobs
{
  "error": "fetch failed"
}
[2026-01-29T15:49:44.654Z] [ERROR] Error updating job 889 status
{
  "error": "fetch failed"
}
[2026-01-29T15:49:44.658Z] [INFO] Connecting to network printer: 192.168.123.102:9100
[2026-01-29T15:49:46.165Z] [ERROR] Error updating job 889 status
{
  "error": "fetch failed"
}
[2026-01-29T15:49:46.169Z] [INFO] ✓ Job 889 printed successfully
[2026-01-29T15:49:46.670Z] [ERROR] Failed to fetch pending jobs
{
  "error": "fetch failed"
}
[2026-01-29T15:49:54.672Z] [WARN] Print attempt 1 failed for job 889, retrying...
{
  "error": "Print timeout"
}
[2026-01-29T15:49:57.688Z] [INFO] Connecting to network printer: 192.168.123.102:9100
[2026-01-29T15:50:06.890Z] [INFO] Print server starting...
[2026-01-29T15:50:06.894Z] [INFO] API: https://kamikuralk.online/api
[2026-01-29T15:50:06.895Z] [INFO] Poll interval: 2000ms
[2026-01-29T15:50:06.896Z] [INFO] Retry interval: 30000ms
[2026-01-29T15:50:06.898Z] [INFO] ✓ Print server running. Press Ctrl+C to stop.
[2026-01-29T15:50:18.128Z] [ERROR] Failed to fetch pending jobs
{
  "error": "fetch failed"
}
[2026-01-29T15:50:19.668Z] [ERROR] Failed to fetch pending jobs
{
  "error": "fetch failed"
}
[2026-01-29T15:50:21.688Z] [ERROR] Failed to fetch pending jobs
{
  "error": "fetch failed"
}
[2026-01-29T15:50:23.705Z] [ERROR] Failed to fetch pending jobs
{
  "error": "fetch failed"
}
[2026-01-29T15:50:25.723Z] [ERROR] Failed to fetch pending jobs
{
  "error": "fetch failed"
}
[2026-01-29T15:50:27.747Z] [ERROR] Failed to fetch pending jobs
{
  "error": "fetch failed"
}
[2026-01-29T15:50:29.263Z] [ERROR] Failed to fetch pending jobs
{
  "error": "fetch failed"
}
[2026-01-29T15:50:31.274Z] [ERROR] Failed to fetch pending jobs
{
  "error": "fetch failed"
}
[2026-01-29T15:50:33.302Z] [ERROR] Failed to fetch pending jobs
{
  "error": "fetch failed"
}
[2026-01-29T15:50:35.354Z] [ERROR] Failed to fetch pending jobs
{
  "error": "fetch failed"
}
[2026-01-29T15:50:37.388Z] [ERROR] Failed to fetch pending jobs
{
  "error": "fetch failed"
}
[2026-01-29T15:50:39.436Z] [ERROR] Failed to fetch pending jobs
{
  "error": "fetch failed"
}
[2026-01-29T15:50:41.460Z] [ERROR] Failed to fetch pending jobs
{
  "error": "fetch failed"
}
[2026-01-29T15:50:43.500Z] [ERROR] Failed to fetch pending jobs
{
  "error": "fetch failed"
}
[2026-01-29T15:50:45.510Z] [ERROR] Failed to fetch pending jobs
{
  "error": "fetch failed"
}
[2026-01-29T15:50:47.643Z] [ERROR] Failed to fetch pending jobs
{
  "error": "fetch failed"
}
[2026-01-29T15:50:49.679Z] [ERROR] Failed to fetch pending jobs
{
  "error": "fetch failed"
}
[2026-01-29T15:50:51.749Z] [ERROR] Failed to fetch pending jobs
{
  "error": "fetch failed"
}
[2026-01-29T15:50:53.789Z] [ERROR] Failed to fetch pending jobs
{
  "error": "fetch failed"
}
[2026-01-29T15:50:55.818Z] [ERROR] Failed to fetch pending jobs
{
  "error": "fetch failed"
}
[2026-01-29T15:50:57.836Z] [ERROR] Failed to fetch pending jobs
{
  "error": "fetch failed"
}
[2026-01-29T15:50:59.861Z] [ERROR] Failed to fetch pending jobs
{
  "error": "fetch failed"
}
[2026-01-29T15:51:01.901Z] [ERROR] Failed to fetch pending jobs
{
  "error": "fetch failed"
}
[2026-01-29T15:51:03.923Z] [ERROR] Failed to fetch pending jobs
{
  "error": "fetch failed"
}
[2026-01-29T15:51:05.958Z] [ERROR] Failed to fetch pending jobs
{
  "error": "fetch failed"
}
[2026-01-29T15:51:07.483Z] [ERROR] Failed to fetch pending jobs
{
  "error": "fetch failed"
}
[2026-01-29T15:51:09.504Z] [ERROR] Failed to fetch pending jobs
{
  "error": "fetch failed"
}
[2026-01-29T15:51:11.525Z] [ERROR] Failed to fetch pending jobs
{
  "error": "fetch failed"
}
[2026-01-29T15:51:13.569Z] [ERROR] Failed to fetch pending jobs
{
  "error": "fetch failed"
}
[2026-01-29T15:51:15.582Z] [ERROR] Failed to fetch pending jobs
{
  "error": "fetch failed"
}
[2026-01-29T15:51:17.600Z] [ERROR] Failed to fetch pending jobs
{
  "error": "fetch failed"
}
[2026-01-29T15:51:19.628Z] [ERROR] Failed to fetch pending jobs
{
  "error": "fetch failed"
}
[2026-01-29T15:51:21.659Z] [ERROR] Failed to fetch pending jobs
{
  "error": "fetch failed"
}
[2026-01-29T15:51:23.694Z] [ERROR] Failed to fetch pending jobs
{
  "error": "fetch failed"
}
[2026-01-29T15:51:25.727Z] [ERROR] Failed to fetch pending jobs
{
  "error": "fetch failed"
}
[2026-01-29T15:51:27.746Z] [ERROR] Failed to fetch pending jobs
{
  "error": "fetch failed"
}
[2026-01-29T15:51:29.781Z] [ERROR] Failed to fetch pending jobs
{
  "error": "fetch failed"
}
[2026-01-29T15:51:31.817Z] [ERROR] Failed to fetch pending jobs
{
  "error": "fetch failed"
}
[2026-01-29T15:51:33.846Z] [ERROR] Failed to fetch pending jobs
{
  "error": "fetch failed"
}
[2026-01-29T15:51:35.868Z] [ERROR] Failed to fetch pending jobs
{
  "error": "fetch failed"
}
[2026-01-29T15:51:37.945Z] [ERROR] Failed to fetch pending jobs
{
  "error": "fetch failed"
}
[2026-01-29T15:51:40.006Z] [ERROR] Failed to fetch pending jobs
{
  "error": "fetch failed"
}
[2026-01-29T15:51:42.077Z] [ERROR] Failed to fetch pending jobs
{
  "error": "fetch failed"
}
[2026-01-29T15:51:44.091Z] [ERROR] Failed to fetch pending jobs
{
  "error": "fetch failed"
}
[2026-01-29T15:51:46.119Z] [ERROR] Failed to fetch pending jobs
{
  "error": "fetch failed"
}
[2026-01-29T15:51:48.181Z] [ERROR] Failed to fetch pending jobs
{
  "error": "fetch failed"
}
[2026-01-29T15:51:50.220Z] [ERROR] Failed to fetch pending jobs
{
  "error": "fetch failed"
}
[2026-01-29T15:51:51.816Z] [ERROR] Failed to fetch pending jobs
{
  "error": "fetch failed"
}
[2026-01-29T15:51:54.062Z] [ERROR] Failed to fetch pending jobs
{
  "error": "fetch failed"
}
[2026-01-29T15:51:56.091Z] [ERROR] Failed to fetch pending jobs
{
  "error": "fetch failed"
}
[2026-01-29T15:51:58.105Z] [ERROR] Failed to fetch pending jobs
{
  "error": "fetch failed"
}
[2026-01-29T15:52:00.130Z] [ERROR] Failed to fetch pending jobs
{
  "error": "fetch failed"
}
[2026-01-29T15:52:02.149Z] [ERROR] Failed to fetch pending jobs
{
  "error": "fetch failed"
}
[2026-01-29T15:52:04.181Z] [ERROR] Failed to fetch pending jobs
{
  "error": "fetch failed"
}
[2026-01-29T15:52:06.188Z] [ERROR] Failed to fetch pending jobs
{
  "error": "fetch failed"
}
[2026-01-29T15:52:08.201Z] [ERROR] Failed to fetch pending jobs
{
  "error": "fetch failed"
}
[2026-01-29T15:52:10.237Z] [ERROR] Failed to fetch pending jobs
{
  "error": "fetch failed"
}
[2026-01-29T15:52:12.247Z] [ERROR] Failed to fetch pending jobs
{
  "error": "fetch failed"
}
[2026-01-29T15:52:14.273Z] [ERROR] Failed to fetch pending jobs
{
  "error": "fetch failed"
}
[2026-01-29T15:52:16.307Z] [ERROR] Failed to fetch pending jobs
{
  "error": "fetch failed"
}
[2026-01-29T15:52:18.317Z] [ERROR] Failed to fetch pending jobs
{
  "error": "fetch failed"
}
[2026-01-29T15:52:20.350Z] [ERROR] Failed to fetch pending jobs
{
  "error": "fetch failed"
}
[2026-01-29T15:52:22.371Z] [ERROR] Failed to fetch pending jobs
{
  "error": "fetch failed"
}
[2026-01-29T15:52:24.435Z] [ERROR] Failed to fetch pending jobs
{
  "error": "fetch failed"
}
[2026-01-29T15:52:26.466Z] [ERROR] Failed to fetch pending jobs
{
  "error": "fetch failed"
}
[2026-01-29T15:52:28.479Z] [ERROR] Failed to fetch pending jobs
{
  "error": "fetch failed"
}
[2026-01-29T15:52:30.497Z] [ERROR] Failed to fetch pending jobs
{
  "error": "fetch failed"
}
[2026-01-29T15:52:32.521Z] [ERROR] Failed to fetch pending jobs
{
  "error": "fetch failed"
}
[2026-01-29T15:52:34.542Z] [ERROR] Failed to fetch pending jobs
{
  "error": "fetch failed"
}
[2026-01-29T15:52:36.585Z] [ERROR] Failed to fetch pending jobs
{
  "error": "fetch failed"
}
[2026-01-29T15:52:38.112Z] [ERROR] Failed to fetch pending jobs
{
  "error": "fetch failed"
}
[2026-01-29T15:52:40.137Z] [ERROR] Failed to fetch pending jobs
{
  "error": "fetch failed"
}
[2026-01-29T15:52:42.156Z] [ERROR] Failed to fetch pending jobs
{
  "error": "fetch failed"
}
[2026-01-29T15:52:44.299Z] [ERROR] Failed to fetch pending jobs
{
  "error": "fetch failed"
}
[2026-01-29T15:52:46.319Z] [ERROR] Failed to fetch pending jobs
{
  "error": "fetch failed"
}
[2026-01-29T15:52:48.333Z] [ERROR] Failed to fetch pending jobs
{
  "error": "fetch failed"
}
[2026-01-29T15:52:50.367Z] [ERROR] Failed to fetch pending jobs
{
  "error": "fetch failed"
}
[2026-01-29T15:52:52.387Z] [ERROR] Failed to fetch pending jobs
{
  "error": "fetch failed"
}
[2026-01-29T15:52:54.406Z] [ERROR] Failed to fetch pending jobs
{
  "error": "fetch failed"
}
[2026-01-29T15:52:56.417Z] [ERROR] Failed to fetch pending jobs
{
  "error": "fetch failed"
}
[2026-01-29T15:52:58.427Z] [ERROR] Failed to fetch pending jobs
{
  "error": "fetch failed"
}
[2026-01-29T15:53:00.452Z] [ERROR] Failed to fetch pending jobs
{
  "error": "fetch failed"
}
[2026-01-29T15:53:02.467Z] [ERROR] Failed to fetch pending jobs
{
  "error": "fetch failed"
}
[2026-01-29T15:53:04.482Z] [ERROR] Failed to fetch pending jobs
{
  "error": "fetch failed"
}
[2026-01-29T15:53:06.521Z] [ERROR] Failed to fetch pending jobs
{
  "error": "fetch failed"
}
[2026-01-29T15:53:08.556Z] [ERROR] Failed to fetch pending jobs
{
  "error": "fetch failed"
}
[2026-01-29T15:53:10.598Z] [ERROR] Failed to fetch pending jobs
{
  "error": "fetch failed"
}
[2026-01-29T15:53:12.620Z] [ERROR] Failed to fetch pending jobs
{
  "error": "fetch failed"
}
[2026-01-29T15:53:14.653Z] [ERROR] Failed to fetch pending jobs
{
  "error": "fetch failed"
}
[2026-01-29T15:53:16.916Z] [ERROR] Failed to fetch pending jobs
{
  "error": "fetch failed"
}
[2026-01-29T15:53:18.983Z] [ERROR] Failed to fetch pending jobs
{
  "error": "fetch failed"
}
[2026-01-29T15:53:21.020Z] [ERROR] Failed to fetch pending jobs
{
  "error": "fetch failed"
}
[2026-01-29T15:53:23.078Z] [ERROR] Failed to fetch pending jobs
{
  "error": "fetch failed"
}
[2026-01-29T15:53:25.174Z] [ERROR] Failed to fetch pending jobs
{
  "error": "fetch failed"
}
[2026-01-29T15:53:26.818Z] [ERROR] Failed to fetch pending jobs
{
  "error": "fetch failed"
}
[2026-01-29T15:53:28.929Z] [ERROR] Failed to fetch pending jobs
{
  "error": "fetch failed"
}
[2026-01-29T15:53:30.949Z] [ERROR] Failed to fetch pending jobs
{
  "error": "fetch failed"
}
[2026-01-29T15:53:33.011Z] [ERROR] Failed to fetch pending jobs
{
  "error": "fetch failed"
}
[2026-01-29T15:53:35.028Z] [ERROR] Failed to fetch pending jobs
{
  "error": "fetch failed"
}
[2026-01-29T15:53:37.231Z] [ERROR] Failed to fetch pending jobs
{
  "error": "fetch failed"
}
[2026-01-29T15:53:39.296Z] [ERROR] Failed to fetch pending jobs
{
  "error": "fetch failed"
}
[2026-01-29T15:53:41.425Z] [ERROR] Failed to fetch pending jobs
{
  "error": "fetch failed"
}
[2026-01-29T15:53:43.435Z] [ERROR] Failed to fetch pending jobs
{
  "error": "fetch failed"
}
[2026-01-29T15:53:44.949Z] [ERROR] Failed to fetch pending jobs
{
  "error": "fetch failed"
}
[2026-01-29T15:53:46.987Z] [ERROR] Failed to fetch pending jobs
{
  "error": "fetch failed"
}
[2026-01-29T15:53:49.201Z] [ERROR] Failed to fetch pending jobs
{
  "error": "fetch failed"
}
[2026-01-29T15:53:51.237Z] [ERROR] Failed to fetch pending jobs
{
  "error": "fetch failed"
}
[2026-01-29T15:53:53.275Z] [ERROR] Failed to fetch pending jobs
{
  "error": "fetch failed"
}
[2026-01-29T15:53:55.414Z] [ERROR] Failed to fetch pending jobs
{
  "error": "fetch failed"
}
[2026-01-29T15:53:57.452Z] [ERROR] Failed to fetch pending jobs
{
  "error": "fetch failed"
}
[2026-01-29T15:53:59.653Z] [ERROR] Failed to fetch pending jobs
{
  "error": "fetch failed"
}
[2026-01-29T15:54:01.180Z] [ERROR] Failed to fetch pending jobs
{
  "error": "fetch failed"
}
[2026-01-29T15:54:03.219Z] [ERROR] Failed to fetch pending jobs
{
  "error": "fetch failed"
}
[2026-01-29T15:54:05.302Z] [ERROR] Failed to fetch pending jobs
{
  "error": "fetch failed"
}
[2026-01-29T15:54:07.378Z] [ERROR] Failed to fetch pending jobs
{
  "error": "fetch failed"
}
[2026-01-29T15:54:09.570Z] [ERROR] Failed to fetch pending jobs
{
  "error": "fetch failed"
}
[2026-01-29T15:54:12.047Z] [ERROR] Failed to fetch pending jobs
{
  "error": "fetch failed"
}
[2026-01-29T15:54:14.079Z] [ERROR] Failed to fetch pending jobs
{
  "error": "fetch failed"
}
[2026-01-29T15:54:16.097Z] [ERROR] Failed to fetch pending jobs
{
  "error": "fetch failed"
}
[2026-01-29T15:54:17.614Z] [ERROR] Failed to fetch pending jobs
{
  "error": "fetch failed"
}
[2026-01-29T15:54:19.633Z] [ERROR] Failed to fetch pending jobs
{
  "error": "fetch failed"
}
[2026-01-29T15:54:23.508Z] [INFO] Print server starting...
[2026-01-29T15:54:23.512Z] [INFO] API: https://kamikuralk.online/api
[2026-01-29T15:54:23.514Z] [INFO] Poll interval: 2000ms
[2026-01-29T15:54:23.515Z] [INFO] Retry interval: 30000ms
[2026-01-29T15:54:23.522Z] [INFO] ✓ Print server running. Press Ctrl+C to stop.
[2026-01-29T15:54:34.832Z] [ERROR] Failed to fetch pending jobs
{
  "error": "fetch failed"
}
[2026-01-29T15:54:36.328Z] [ERROR] Failed to fetch pending jobs
{
  "error": "fetch failed"
}
[2026-01-29T15:54:38.369Z] [ERROR] Failed to fetch pending jobs
{
  "error": "fetch failed"
}
[2026-01-29T15:54:40.390Z] [ERROR] Failed to fetch pending jobs
{
  "error": "fetch failed"
}
[2026-01-29T15:54:41.909Z] [ERROR] Failed to fetch pending jobs
{
  "error": "fetch failed"
}
[2026-01-29T15:54:43.954Z] [ERROR] Failed to fetch pending jobs
{
  "error": "fetch failed"
}
[2026-01-29T15:54:45.964Z] [ERROR] Failed to fetch pending jobs
{
  "error": "fetch failed"
}
[2026-01-29T15:54:48.004Z] [ERROR] Failed to fetch pending jobs
{
  "error": "fetch failed"
}
[2026-01-29T15:54:50.031Z] [ERROR] Failed to fetch pending jobs
{
  "error": "fetch failed"
}
[2026-01-29T15:54:52.061Z] [ERROR] Failed to fetch pending jobs
{
  "error": "fetch failed"
}
[2026-01-29T15:54:54.056Z] [ERROR] Failed to fetch pending jobs
{
  "error": "fetch failed"
}
[2026-01-29T15:54:56.077Z] [ERROR] Failed to fetch pending jobs
{
  "error": "fetch failed"
}
[2026-01-29T15:54:58.097Z] [ERROR] Failed to fetch pending jobs
{
  "error": "fetch failed"
}
[2026-01-29T15:55:00.126Z] [ERROR] Failed to fetch pending jobs
{
  "error": "fetch failed"
}
[2026-01-29T15:55:02.160Z] [ERROR] Failed to fetch pending jobs
{
  "error": "fetch failed"
}
[2026-01-29T15:55:04.189Z] [ERROR] Failed to fetch pending jobs
{
  "error": "fetch failed"
}
[2026-01-29T15:55:06.239Z] [ERROR] Failed to fetch pending jobs
{
  "error": "fetch failed"
}
[2026-01-29T15:55:08.261Z] [ERROR] Failed to fetch pending jobs
{
  "error": "fetch failed"
}
[2026-01-29T15:55:10.274Z] [ERROR] Failed to fetch pending jobs
{
  "error": "fetch failed"
}
[2026-01-29T15:55:12.329Z] [ERROR] Failed to fetch pending jobs
{
  "error": "fetch failed"
}
[2026-01-29T15:55:14.360Z] [ERROR] Failed to fetch pending jobs
{
  "error": "fetch failed"
}
[2026-01-29T15:55:16.471Z] [ERROR] Failed to fetch pending jobs
{
  "error": "fetch failed"
}
[2026-01-29T15:55:18.546Z] [ERROR] Failed to fetch pending jobs
{
  "error": "fetch failed"
}
[2026-01-29T15:55:20.567Z] [ERROR] Failed to fetch pending jobs
{
  "error": "fetch failed"
}
[2026-01-29T15:55:22.607Z] [ERROR] Failed to fetch pending jobs
{
  "error": "fetch failed"
}
[2026-01-29T15:55:24.631Z] [ERROR] Failed to fetch pending jobs
{
  "error": "fetch failed"
}
[2026-01-29T15:55:26.652Z] [ERROR] Failed to fetch pending jobs
{
  "error": "fetch failed"
}
[2026-01-29T15:55:28.176Z] [ERROR] Failed to fetch pending jobs
{
  "error": "fetch failed"
}
[2026-01-29T15:55:30.245Z] [ERROR] Failed to fetch pending jobs
{
  "error": "fetch failed"
}
[2026-01-29T15:55:32.265Z] [ERROR] Failed to fetch pending jobs
{
  "error": "fetch failed"
}
[2026-01-29T15:55:34.294Z] [ERROR] Failed to fetch pending jobs
{
  "error": "fetch failed"
}
[2026-01-29T15:55:36.327Z] [ERROR] Failed to fetch pending jobs
{
  "error": "fetch failed"
}
[2026-01-29T15:55:38.342Z] [ERROR] Failed to fetch pending jobs
{
  "error": "fetch failed"
}
[2026-01-29T15:55:40.367Z] [ERROR] Failed to fetch pending jobs
{
  "error": "fetch failed"
}
[2026-01-29T15:55:42.406Z] [ERROR] Failed to fetch pending jobs
{
  "error": "fetch failed"
}
[2026-01-29T15:55:44.447Z] [ERROR] Failed to fetch pending jobs
{
  "error": "fetch failed"
}
[2026-01-29T15:55:46.471Z] [ERROR] Failed to fetch pending jobs
{
  "error": "fetch failed"
}
[2026-01-29T15:55:48.516Z] [ERROR] Failed to fetch pending jobs
{
  "error": "fetch failed"
}
[2026-01-29T15:55:50.547Z] [ERROR] Failed to fetch pending jobs
{
  "error": "fetch failed"
}
[2026-01-29T15:55:52.571Z] [ERROR] Failed to fetch pending jobs
{
  "error": "fetch failed"
}
[2026-01-29T15:55:54.602Z] [ERROR] Failed to fetch pending jobs
{
  "error": "fetch failed"
}
[2026-01-29T15:55:56.629Z] [ERROR] Failed to fetch pending jobs
{
  "error": "fetch failed"
}
[2026-01-29T15:55:58.654Z] [ERROR] Failed to fetch pending jobs
{
  "error": "fetch failed"
}
[2026-01-29T15:56:00.665Z] [ERROR] Failed to fetch pending jobs
{
  "error": "fetch failed"
}
[2026-01-29T15:56:02.705Z] [ERROR] Failed to fetch pending jobs
{
  "error": "fetch failed"
}
[2026-01-29T15:56:04.754Z] [ERROR] Failed to fetch pending jobs
{
  "error": "fetch failed"
}
[2026-01-29T15:56:06.779Z] [ERROR] Failed to fetch pending jobs
{
  "error": "fetch failed"
}
[2026-01-29T15:56:08.803Z] [ERROR] Failed to fetch pending jobs
{
  "error": "fetch failed"
}
[2026-01-29T15:56:10.808Z] [ERROR] Failed to fetch pending jobs
{
  "error": "fetch failed"
}
[2026-01-29T15:56:12.333Z] [ERROR] Failed to fetch pending jobs
{
  "error": "fetch failed"
}
[2026-01-29T15:56:14.381Z] [ERROR] Failed to fetch pending jobs
{
  "error": "fetch failed"
}
[2026-01-29T15:56:16.412Z] [ERROR] Failed to fetch pending jobs
{
  "error": "fetch failed"
}
[2026-01-29T15:56:18.435Z] [ERROR] Failed to fetch pending jobs
{
  "error": "fetch failed"
}
[2026-01-29T15:56:20.456Z] [ERROR] Failed to fetch pending jobs
{
  "error": "fetch failed"
}
[2026-01-29T15:56:22.483Z] [ERROR] Failed to fetch pending jobs
{
  "error": "fetch failed"
}
[2026-01-29T15:56:24.504Z] [ERROR] Failed to fetch pending jobs
{
  "error": "fetch failed"
}
[2026-01-29T15:56:26.534Z] [ERROR] Failed to fetch pending jobs
{
  "error": "fetch failed"
}
[2026-01-29T15:56:28.569Z] [ERROR] Failed to fetch pending jobs
{
  "error": "fetch failed"
}
[2026-01-29T15:56:30.608Z] [ERROR] Failed to fetch pending jobs
{
  "error": "fetch failed"
}
[2026-01-29T15:56:32.618Z] [ERROR] Failed to fetch pending jobs
{
  "error": "fetch failed"
}
[2026-01-29T15:56:34.650Z] [ERROR] Failed to fetch pending jobs
{
  "error": "fetch failed"
}
[2026-01-29T15:56:36.681Z] [ERROR] Failed to fetch pending jobs
{
  "error": "fetch failed"
}
[2026-01-29T15:56:38.720Z] [ERROR] Failed to fetch pending jobs
{
  "error": "fetch failed"
}
[2026-01-29T15:56:40.737Z] [ERROR] Failed to fetch pending jobs
{
  "error": "fetch failed"
}
[2026-01-29T15:56:42.755Z] [ERROR] Failed to fetch pending jobs
{
  "error": "fetch failed"
}
[2026-01-29T15:56:44.827Z] [ERROR] Failed to fetch pending jobs
{
  "error": "fetch failed"
}
[2026-01-29T15:56:46.837Z] [ERROR] Failed to fetch pending jobs
{
  "error": "fetch failed"
}
[2026-01-29T15:56:48.842Z] [ERROR] Failed to fetch pending jobs
{
  "error": "fetch failed"
}
[2026-01-29T15:56:50.882Z] [ERROR] Failed to fetch pending jobs
{
  "error": "fetch failed"
}
[2026-01-29T15:56:52.908Z] [ERROR] Failed to fetch pending jobs
{
  "error": "fetch failed"
}
[2026-01-29T15:56:55.060Z] [ERROR] Failed to fetch pending jobs
{
  "error": "fetch failed"
}
[2026-01-29T15:56:57.068Z] [ERROR] Failed to fetch pending jobs
{
  "error": "fetch failed"
}
[2026-01-29T15:56:59.087Z] [ERROR] Failed to fetch pending jobs
{
  "error": "fetch failed"
}
[2026-01-29T15:57:01.104Z] [ERROR] Failed to fetch pending jobs
{
  "error": "fetch failed"
}
[2026-01-29T15:57:03.116Z] [ERROR] Failed to fetch pending jobs
{
  "error": "fetch failed"
}
[2026-01-29T15:57:04.681Z] [ERROR] Failed to fetch pending jobs
{
  "error": "fetch failed"
}
[2026-01-29T15:57:06.704Z] [ERROR] Failed to fetch pending jobs
{
  "error": "fetch failed"
}
[2026-01-29T15:57:08.722Z] [ERROR] Failed to fetch pending jobs
{
  "error": "fetch failed"
}
[2026-01-29T15:57:10.800Z] [ERROR] Failed to fetch pending jobs
{
  "error": "fetch failed"
}
[2026-01-29T15:57:12.812Z] [ERROR] Failed to fetch pending jobs
{
  "error": "fetch failed"
}
[2026-01-29T15:57:14.843Z] [ERROR] Failed to fetch pending jobs
{
  "error": "fetch failed"
}
[2026-01-29T15:57:16.866Z] [ERROR] Failed to fetch pending jobs
{
  "error": "fetch failed"
}
[2026-01-29T15:57:18.901Z] [ERROR] Failed to fetch pending jobs
{
  "error": "fetch failed"
}
[2026-01-29T15:57:20.917Z] [ERROR] Failed to fetch pending jobs
{
  "error": "fetch failed"
}
[2026-01-29T15:57:22.922Z] [ERROR] Failed to fetch pending jobs
{
  "error": "fetch failed"
}
[2026-01-29T15:57:24.969Z] [ERROR] Failed to fetch pending jobs
{
  "error": "fetch failed"
}
[2026-01-29T15:57:26.992Z] [ERROR] Failed to fetch pending jobs
{
  "error": "fetch failed"
}
[2026-01-29T15:57:29.061Z] [ERROR] Failed to fetch pending jobs
{
  "error": "fetch failed"
}
[2026-01-29T15:57:31.046Z] [ERROR] Failed to fetch pending jobs
{
  "error": "fetch failed"
}
[2026-01-29T15:57:33.063Z] [ERROR] Failed to fetch pending jobs
{
  "error": "fetch failed"
}
[2026-01-29T15:57:35.096Z] [ERROR] Failed to fetch pending jobs
{
  "error": "fetch failed"
}
[2026-01-29T15:57:37.116Z] [ERROR] Failed to fetch pending jobs
{
  "error": "fetch failed"
}
[2026-01-29T15:57:39.136Z] [ERROR] Failed to fetch pending jobs
{
  "error": "fetch failed"
}
[2026-01-29T15:57:41.149Z] [ERROR] Failed to fetch pending jobs
{
  "error": "fetch failed"
}
[2026-01-29T15:57:43.168Z] [ERROR] Failed to fetch pending jobs
{
  "error": "fetch failed"
}
[2026-01-29T15:57:45.193Z] [ERROR] Failed to fetch pending jobs
{
  "error": "fetch failed"
}
[2026-01-29T15:57:47.216Z] [ERROR] Failed to fetch pending jobs
{
  "error": "fetch failed"
}
[2026-01-29T15:57:49.230Z] [ERROR] Failed to fetch pending jobs
{
  "error": "fetch failed"
}
[2026-01-29T15:57:51.251Z] [ERROR] Failed to fetch pending jobs
{
  "error": "fetch failed"
}
[2026-01-29T15:57:53.293Z] [ERROR] Failed to fetch pending jobs
{
  "error": "fetch failed"
}
[2026-01-29T15:57:55.315Z] [ERROR] Failed to fetch pending jobs
{
  "error": "fetch failed"
}
[2026-01-29T15:57:57.326Z] [ERROR] Failed to fetch pending jobs
{
  "error": "fetch failed"
}
[2026-01-29T15:57:59.351Z] [ERROR] Failed to fetch pending jobs
{
  "error": "fetch failed"
}
[2026-01-29T15:58:01.372Z] [ERROR] Failed to fetch pending jobs
{
  "error": "fetch failed"
}
[2026-01-29T15:58:03.395Z] [ERROR] Failed to fetch pending jobs
{
  "error": "fetch failed"
}
[2026-01-29T15:58:05.420Z] [ERROR] Failed to fetch pending jobs
{
  "error": "fetch failed"
}
[2026-01-29T15:58:07.441Z] [ERROR] Failed to fetch pending jobs
{
  "error": "fetch failed"
}
[2026-01-29T15:58:09.460Z] [ERROR] Failed to fetch pending jobs
{
  "error": "fetch failed"
}
[2026-01-29T15:58:11.490Z] [ERROR] Failed to fetch pending jobs
{
  "error": "fetch failed"
}
[2026-01-29T15:58:13.514Z] [ERROR] Failed to fetch pending jobs
{
  "error": "fetch failed"
}
[2026-01-29T15:58:15.540Z] [ERROR] Failed to fetch pending jobs
{
  "error": "fetch failed"
}
[2026-01-29T15:58:17.561Z] [ERROR] Failed to fetch pending jobs
{
  "error": "fetch failed"
}
[2026-01-29T15:59:33.453Z] [INFO] Print server starting...
[2026-01-29T15:59:33.462Z] [INFO] API: https://kamikuralk.online/api
[2026-01-29T15:59:33.464Z] [INFO] Poll interval: 2000ms
[2026-01-29T15:59:33.465Z] [INFO] Retry interval: 30000ms
[2026-01-29T15:59:33.466Z] [INFO] ✓ Print server running. Press Ctrl+C to stop.
[2026-01-29T15:59:44.594Z] [ERROR] Failed to fetch pending jobs
{
  "error": "fetch failed"
}
[2026-01-29T15:59:46.073Z] [ERROR] Failed to fetch pending jobs
{
  "error": "fetch failed"
}
[2026-01-29T15:59:48.456Z] [ERROR] Failed to fetch pending jobs
{
  "error": "fetch failed"
}
[2026-01-29T15:59:50.642Z] [ERROR] Failed to fetch pending jobs
{
  "error": "fetch failed"
}
[2026-01-29T15:59:52.716Z] [ERROR] Failed to fetch pending jobs
{
  "error": "fetch failed"
}
[2026-01-29T15:59:54.765Z] [ERROR] Failed to fetch pending jobs
{
  "error": "fetch failed"
}
[2026-01-29T15:59:56.307Z] [ERROR] Failed to fetch pending jobs
{
  "error": "fetch failed"
}
[2026-01-29T15:59:58.369Z] [ERROR] Failed to fetch pending jobs
{
  "error": "fetch failed"
}
[2026-01-29T16:00:00.389Z] [ERROR] Failed to fetch pending jobs
{
  "error": "fetch failed"
}
[2026-01-29T16:00:01.859Z] [INFO] Found 1 pending job(s)
[2026-01-29T16:00:01.861Z] [INFO] Found 1 pending job(s)
[2026-01-29T16:00:01.864Z] [INFO] Processing job 894 (receipt) for Customer Receipt
[2026-01-29T16:00:02.388Z] [ERROR] Failed to fetch pending jobs
{
  "error": "fetch failed"
}
[2026-01-29T16:00:02.542Z] [INFO] Found 1 pending job(s)
[2026-01-29T16:00:02.544Z] [INFO] Found 1 pending job(s)
[2026-01-29T16:00:02.545Z] [INFO] Processing job 894 (receipt) for Customer Receipt
[2026-01-29T16:00:02.555Z] [INFO] Found 1 pending job(s)
[2026-01-29T16:00:02.557Z] [INFO] Found 1 pending job(s)
[2026-01-29T16:00:02.558Z] [INFO] Processing job 894 (receipt) for Customer Receipt
[2026-01-29T16:00:10.405Z] [ERROR] Failed to fetch pending jobs
{
  "error": "fetch failed"
}
[2026-01-29T16:00:12.421Z] [ERROR] Error updating job 894 status
{
  "error": "fetch failed"
}
[2026-01-29T16:00:13.636Z] [INFO] Connecting to network printer: 192.168.123.102:9100
[2026-01-29T16:00:13.641Z] [ERROR] Failed to fetch pending jobs
{
  "error": "fetch failed"
}
[2026-01-29T16:00:14.157Z] [ERROR] Error updating job 894 status
{
  "error": "fetch failed"
}
[2026-01-29T16:00:14.160Z] [INFO] Connecting to network printer: 192.168.123.102:9100
[2026-01-29T16:00:14.162Z] [ERROR] Error updating job 894 status
{
  "error": "fetch failed"
}
[2026-01-29T16:00:14.164Z] [INFO] Connecting to network printer: 192.168.123.102:9100
[2026-01-29T16:00:15.157Z] [ERROR] Failed to fetch pending jobs
{
  "error": "fetch failed"
}
[2026-01-29T16:00:17.173Z] [ERROR] Failed to fetch pending jobs
{
  "error": "fetch failed"
}
[2026-01-29T16:00:18.672Z] [ERROR] Failed to fetch pending jobs
{
  "error": "fetch failed"
}
[2026-01-29T16:00:20.672Z] [ERROR] Failed to fetch pending jobs
{
  "error": "fetch failed"
}
[2026-01-29T16:00:22.672Z] [ERROR] Failed to fetch pending jobs
{
  "error": "fetch failed"
}
[2026-01-29T16:00:24.187Z] [ERROR] Failed to fetch pending jobs
{
  "error": "fetch failed"
}
[2026-01-29T16:00:24.191Z] [ERROR] Error updating job 894 status
{
  "error": "fetch failed"
}
[2026-01-29T16:00:24.192Z] [INFO] ✓ Job 894 printed successfully
[2026-01-29T16:00:24.686Z] [ERROR] Error updating job 894 status
{
  "error": "fetch failed"
}
[2026-01-29T16:00:24.687Z] [INFO] ✓ Job 894 printed successfully
[2026-01-29T16:00:24.689Z] [ERROR] Error updating job 894 status
{
  "error": "fetch failed"
}
[2026-01-29T16:00:24.690Z] [INFO] ✓ Job 894 printed successfully
[2026-01-29T16:00:26.191Z] [ERROR] Failed to fetch pending jobs
{
  "error": "fetch failed"
}
[2026-01-29T16:00:28.203Z] [ERROR] Failed to fetch pending jobs
{
  "error": "fetch failed"
}
[2026-01-29T16:00:30.213Z] [ERROR] Failed to fetch pending jobs
{
  "error": "fetch failed"
}
[2026-01-29T16:00:32.213Z] [ERROR] Failed to fetch pending jobs
{
  "error": "fetch failed"
}
[2026-01-29T16:00:32.621Z] [INFO] Found 1 pending job(s)
[2026-01-29T16:00:32.622Z] [INFO] Found 1 pending job(s)
[2026-01-29T16:00:32.622Z] [INFO] Processing job 894 (receipt) for Customer Receipt
[2026-01-29T16:00:32.626Z] [INFO] Found 1 pending job(s)
[2026-01-29T16:00:32.627Z] [INFO] Found 1 pending job(s)
[2026-01-29T16:00:32.627Z] [INFO] Processing job 894 (receipt) for Customer Receipt
[2026-01-29T16:00:32.727Z] [INFO] Found 1 pending job(s)
[2026-01-29T16:00:32.727Z] [INFO] Found 1 pending job(s)
[2026-01-29T16:00:32.728Z] [INFO] Processing job 894 (receipt) for Customer Receipt
[2026-01-29T16:00:33.115Z] [INFO] Found 1 pending job(s)
[2026-01-29T16:00:33.116Z] [INFO] Found 1 pending job(s)
[2026-01-29T16:00:33.117Z] [INFO] Processing job 894 (receipt) for Customer Receipt
[2026-01-29T16:00:33.281Z] [INFO] Found 1 pending job(s)
[2026-01-29T16:00:33.282Z] [INFO] Found 1 pending job(s)
[2026-01-29T16:00:33.282Z] [INFO] Processing job 894 (receipt) for Customer Receipt
[2026-01-29T16:00:33.452Z] [INFO] Connecting to network printer: 192.168.123.102:9100
[2026-01-29T16:00:33.458Z] [WARN] Failed to update job 894 status
{
  "success": false,
  "error": "Job not found or already updated"
}
[2026-01-29T16:00:33.459Z] [INFO] Connecting to network printer: 192.168.123.102:9100
[2026-01-29T16:00:38.278Z] [WARN] Failed to update job 894 status
{
  "success": false,
  "error": "Job not found or already updated"
}
[2026-01-29T16:00:38.279Z] [INFO] Connecting to network printer: 192.168.123.102:9100
[2026-01-29T16:00:43.205Z] [ERROR] Error updating job 894 status
{
  "error": "fetch failed"
}
[2026-01-29T16:00:43.206Z] [INFO] Connecting to network printer: 192.168.123.102:9100
[2026-01-29T16:00:43.705Z] [ERROR] Error updating job 894 status
{
  "error": "fetch failed"
}
[2026-01-29T16:00:43.706Z] [INFO] ✓ Job 894 printed successfully
[2026-01-29T16:00:43.707Z] [ERROR] Error updating job 894 status
{
  "error": "fetch failed"
}
[2026-01-29T16:00:43.708Z] [INFO] ✓ Job 894 printed successfully
[2026-01-29T16:00:43.709Z] [ERROR] Error updating job 894 status
{
  "error": "fetch failed"
}
[2026-01-29T16:00:43.710Z] [INFO] Connecting to network printer: 192.168.123.102:9100
[2026-01-29T16:00:44.205Z] [ERROR] Failed to fetch pending jobs
{
  "error": "fetch failed"
}
[2026-01-29T16:00:46.204Z] [ERROR] Failed to fetch pending jobs
{
  "error": "fetch failed"
}
[2026-01-29T16:00:48.204Z] [ERROR] Failed to fetch pending jobs
{
  "error": "fetch failed"
}
[2026-01-29T16:00:48.704Z] [ERROR] Error updating job 894 status
{
  "error": "fetch failed"
}
[2026-01-29T16:00:48.706Z] [INFO] ✓ Job 894 printed successfully
[2026-01-29T16:00:50.204Z] [ERROR] Failed to fetch pending jobs
{
  "error": "fetch failed"
}
[2026-01-29T16:00:52.204Z] [ERROR] Failed to fetch pending jobs
{
  "error": "fetch failed"
}
[2026-01-29T16:00:53.704Z] [ERROR] Error updating job 894 status
{
  "error": "fetch failed"
}
[2026-01-29T16:00:53.705Z] [INFO] ✓ Job 894 printed successfully
[2026-01-29T16:00:54.204Z] [ERROR] Error updating job 894 status
{
  "error": "fetch failed"
}
[2026-01-29T16:00:54.205Z] [INFO] ✓ Job 894 printed successfully
[2026-01-29T16:00:54.207Z] [ERROR] Failed to fetch pending jobs
{
  "error": "fetch failed"
}
[2026-01-29T16:00:56.204Z] [ERROR] Failed to fetch pending jobs
{
  "error": "fetch failed"
}
[2026-01-29T16:00:58.205Z] [ERROR] Failed to fetch pending jobs
{
  "error": "fetch failed"
}
[2026-01-29T16:01:00.220Z] [ERROR] Failed to fetch pending jobs
{
  "error": "fetch failed"
}
[2026-01-29T16:01:14.578Z] [ERROR] Failed to fetch pending jobs
{
  "error": "fetch failed"
}
[2026-01-29T16:01:16.077Z] [ERROR] Failed to fetch pending jobs
{
  "error": "fetch failed"
}
[2026-01-29T16:01:18.077Z] [ERROR] Failed to fetch pending jobs
{
  "error": "fetch failed"
}
[2026-01-29T16:01:20.624Z] [ERROR] Failed to fetch pending jobs
{
  "error": "fetch failed"
}
[2026-01-29T16:01:22.624Z] [ERROR] Failed to fetch pending jobs
{
  "error": "fetch failed"
}
[2026-01-29T16:01:24.624Z] [ERROR] Failed to fetch pending jobs
{
  "error": "fetch failed"
}
[2026-01-29T16:01:26.624Z] [ERROR] Failed to fetch pending jobs
{
  "error": "fetch failed"
}
[2026-01-29T16:01:28.637Z] [ERROR] Failed to fetch pending jobs
{
  "error": "fetch failed"
}
[2026-01-29T16:01:30.158Z] [ERROR] Failed to fetch pending jobs
{
  "error": "fetch failed"
}
[2026-01-29T16:01:44.320Z] [ERROR] Failed to fetch pending jobs
{
  "error": "fetch failed"
}
[2026-01-29T16:01:46.346Z] [ERROR] Failed to fetch pending jobs
{
  "error": "fetch failed"
}
[2026-01-29T16:01:48.361Z] [ERROR] Failed to fetch pending jobs
{
  "error": "fetch failed"
}
[2026-01-29T16:01:50.369Z] [ERROR] Failed to fetch pending jobs
{
  "error": "fetch failed"
}
[2026-01-29T16:01:52.384Z] [ERROR] Failed to fetch pending jobs
{
  "error": "fetch failed"
}
[2026-01-29T16:01:54.384Z] [ERROR] Failed to fetch pending jobs
{
  "error": "fetch failed"
}
[2026-01-29T16:01:56.384Z] [ERROR] Failed to fetch pending jobs
{
  "error": "fetch failed"
}
[2026-01-29T16:01:58.384Z] [ERROR] Failed to fetch pending jobs
{
  "error": "fetch failed"
}
[2026-01-29T16:02:00.384Z] [ERROR] Failed to fetch pending jobs
{
  "error": "fetch failed"
}
[2026-01-29T16:02:02.384Z] [ERROR] Failed to fetch pending jobs
{
  "error": "fetch failed"
}
[2026-01-29T16:02:03.922Z] [INFO] Found 1 pending job(s)
[2026-01-29T16:02:03.922Z] [INFO] Found 1 pending job(s)
[2026-01-29T16:02:03.923Z] [INFO] Processing job 895 (receipt) for Customer Receipt
[2026-01-29T16:02:03.964Z] [INFO] Found 1 pending job(s)
[2026-01-29T16:02:03.965Z] [INFO] Found 1 pending job(s)
[2026-01-29T16:02:03.966Z] [INFO] Processing job 895 (receipt) for Customer Receipt
[2026-01-29T16:02:03.984Z] [INFO] Found 1 pending job(s)
[2026-01-29T16:02:03.984Z] [INFO] Found 1 pending job(s)
[2026-01-29T16:02:03.985Z] [INFO] Processing job 895 (receipt) for Customer Receipt
[2026-01-29T16:02:04.020Z] [INFO] Found 1 pending job(s)
[2026-01-29T16:02:04.021Z] [INFO] Found 1 pending job(s)
[2026-01-29T16:02:04.021Z] [INFO] Processing job 895 (receipt) for Customer Receipt
[2026-01-29T16:02:04.147Z] [INFO] Found 1 pending job(s)
[2026-01-29T16:02:04.147Z] [INFO] Found 1 pending job(s)
[2026-01-29T16:02:04.148Z] [INFO] Processing job 895 (receipt) for Customer Receipt
[2026-01-29T16:02:14.398Z] [ERROR] Failed to fetch pending jobs
{
  "error": "fetch failed"
}
[2026-01-29T16:02:14.400Z] [ERROR] Error updating job 895 status
{
  "error": "fetch failed"
}
[2026-01-29T16:02:14.402Z] [INFO] Connecting to network printer: 192.168.123.102:9100
[2026-01-29T16:02:14.403Z] [ERROR] Error updating job 895 status
{
  "error": "fetch failed"
}
[2026-01-29T16:02:14.405Z] [INFO] Connecting to network printer: 192.168.123.102:9100
[2026-01-29T16:02:14.406Z] [ERROR] Error updating job 895 status
{
  "error": "fetch failed"
}
[2026-01-29T16:02:14.407Z] [INFO] Connecting to network printer: 192.168.123.102:9100
[2026-01-29T16:02:14.409Z] [ERROR] Error updating job 895 status
{
  "error": "fetch failed"
}
[2026-01-29T16:02:14.410Z] [INFO] Connecting to network printer: 192.168.123.102:9100
[2026-01-29T16:02:14.412Z] [ERROR] Error updating job 895 status
{
  "error": "fetch failed"
}
[2026-01-29T16:02:14.413Z] [INFO] Connecting to network printer: 192.168.123.102:9100
[2026-01-29T16:02:16.399Z] [ERROR] Failed to fetch pending jobs
{
  "error": "fetch failed"
}
[2026-01-29T16:02:18.398Z] [ERROR] Failed to fetch pending jobs
{
  "error": "fetch failed"
}
[2026-01-29T16:02:20.398Z] [ERROR] Failed to fetch pending jobs
{
  "error": "fetch failed"
}
[2026-01-29T16:02:22.398Z] [ERROR] Failed to fetch pending jobs
{
  "error": "fetch failed"
}
[2026-01-29T16:02:24.398Z] [ERROR] Failed to fetch pending jobs
{
  "error": "fetch failed"
}
[2026-01-29T16:02:24.898Z] [ERROR] Error updating job 895 status
{
  "error": "fetch failed"
}
[2026-01-29T16:02:24.900Z] [INFO] ✓ Job 895 printed successfully
[2026-01-29T16:02:24.901Z] [ERROR] Error updating job 895 status
{
  "error": "fetch failed"
}
[2026-01-29T16:02:24.902Z] [INFO] ✓ Job 895 printed successfully
[2026-01-29T16:02:24.904Z] [ERROR] Error updating job 895 status
{
  "error": "fetch failed"
}
[2026-01-29T16:02:24.905Z] [INFO] ✓ Job 895 printed successfully
[2026-01-29T16:02:24.906Z] [ERROR] Error updating job 895 status
{
  "error": "fetch failed"
}
[2026-01-29T16:02:24.908Z] [INFO] ✓ Job 895 printed successfully
[2026-01-29T16:02:24.909Z] [ERROR] Error updating job 895 status
{
  "error": "fetch failed"
}
[2026-01-29T16:02:24.911Z] [INFO] ✓ Job 895 printed successfully
[2026-01-29T16:02:26.413Z] [ERROR] Failed to fetch pending jobs
{
  "error": "fetch failed"
}
[2026-01-29T16:02:28.413Z] [ERROR] Failed to fetch pending jobs
{
  "error": "fetch failed"
}
[2026-01-29T16:02:30.413Z] [ERROR] Failed to fetch pending jobs
{
  "error": "fetch failed"
}
[2026-01-29T16:02:32.413Z] [ERROR] Failed to fetch pending jobs
{
  "error": "fetch failed"
}
[2026-01-29T16:02:33.984Z] [INFO] Found 1 pending job(s)
[2026-01-29T16:02:33.985Z] [INFO] Found 1 pending job(s)
[2026-01-29T16:02:33.985Z] [INFO] Processing job 895 (receipt) for Customer Receipt
[2026-01-29T16:02:34.168Z] [INFO] Found 1 pending job(s)
[2026-01-29T16:02:34.169Z] [INFO] Found 1 pending job(s)
[2026-01-29T16:02:34.170Z] [INFO] Processing job 895 (receipt) for Customer Receipt
[2026-01-29T16:02:34.247Z] [INFO] Found 1 pending job(s)
[2026-01-29T16:02:34.247Z] [INFO] Found 1 pending job(s)
[2026-01-29T16:02:34.248Z] [INFO] Processing job 895 (receipt) for Customer Receipt
[2026-01-29T16:02:34.334Z] [INFO] Found 1 pending job(s)
[2026-01-29T16:02:34.335Z] [INFO] Found 1 pending job(s)
[2026-01-29T16:02:34.335Z] [INFO] Processing job 895 (receipt) for Customer Receipt
[2026-01-29T16:02:34.405Z] [INFO] Found 1 pending job(s)
[2026-01-29T16:02:34.405Z] [INFO] Found 1 pending job(s)
[2026-01-29T16:02:34.406Z] [INFO] Processing job 895 (receipt) for Customer Receipt
[2026-01-29T16:02:44.418Z] [ERROR] Error updating job 895 status
{
  "error": "fetch failed"
}
[2026-01-29T16:02:44.420Z] [INFO] Connecting to network printer: 192.168.123.102:9100
[2026-01-29T16:02:44.421Z] [ERROR] Failed to fetch pending jobs
{
  "error": "fetch failed"
}
[2026-01-29T16:02:44.423Z] [ERROR] Error updating job 895 status
{
  "error": "fetch failed"
}
[2026-01-29T16:02:44.424Z] [INFO] Connecting to network printer: 192.168.123.102:9100
[2026-01-29T16:02:44.426Z] [ERROR] Error updating job 895 status
{
  "error": "fetch failed"
}
[2026-01-29T16:02:44.427Z] [INFO] Connecting to network printer: 192.168.123.102:9100
[2026-01-29T16:02:44.429Z] [ERROR] Error updating job 895 status
{
  "error": "fetch failed"
}
[2026-01-29T16:02:44.430Z] [INFO] Connecting to network printer: 192.168.123.102:9100
[2026-01-29T16:02:44.432Z] [ERROR] Error updating job 895 status
{
  "error": "fetch failed"
}
[2026-01-29T16:02:44.433Z] [INFO] Connecting to network printer: 192.168.123.102:9100
[2026-01-29T16:02:46.418Z] [ERROR] Failed to fetch pending jobs
{
  "error": "fetch failed"
}
[2026-01-29T16:02:48.419Z] [ERROR] Failed to fetch pending jobs
{
  "error": "fetch failed"
}
[2026-01-29T16:02:50.420Z] [ERROR] Failed to fetch pending jobs
{
  "error": "fetch failed"
}
[2026-01-29T16:02:52.418Z] [ERROR] Failed to fetch pending jobs
{
  "error": "fetch failed"
}
[2026-01-29T16:02:54.417Z] [ERROR] Failed to fetch pending jobs
{
  "error": "fetch failed"
}
[2026-01-29T16:02:54.917Z] [ERROR] Error updating job 895 status
{
  "error": "fetch failed"
}
[2026-01-29T16:02:54.918Z] [INFO] ✓ Job 895 printed successfully
[2026-01-29T16:02:54.919Z] [ERROR] Error updating job 895 status
{
  "error": "fetch failed"
}
[2026-01-29T16:02:54.921Z] [INFO] ✓ Job 895 printed successfully
[2026-01-29T16:02:54.922Z] [ERROR] Error updating job 895 status
{
  "error": "fetch failed"
}
[2026-01-29T16:02:54.923Z] [INFO] ✓ Job 895 printed successfully
[2026-01-29T16:02:54.924Z] [ERROR] Error updating job 895 status
{
  "error": "fetch failed"
}
[2026-01-29T16:02:54.925Z] [INFO] ✓ Job 895 printed successfully
[2026-01-29T16:02:54.926Z] [ERROR] Error updating job 895 status
{
  "error": "fetch failed"
}
[2026-01-29T16:02:54.927Z] [INFO] ✓ Job 895 printed successfully
[2026-01-29T16:02:56.917Z] [ERROR] Failed to fetch pending jobs
{
  "error": "fetch failed"
}
[2026-01-29T16:02:58.916Z] [ERROR] Failed to fetch pending jobs
{
  "error": "fetch failed"
}
[2026-01-29T16:03:00.932Z] [ERROR] Failed to fetch pending jobs
{
  "error": "fetch failed"
}
[2026-01-29T16:03:02.932Z] [ERROR] Failed to fetch pending jobs
{
  "error": "fetch failed"
}
[2026-01-29T16:03:04.014Z] [INFO] Found 1 pending job(s)
[2026-01-29T16:03:04.015Z] [INFO] Found 1 pending job(s)
[2026-01-29T16:03:04.015Z] [INFO] Processing job 895 (receipt) for Customer Receipt
[2026-01-29T16:03:04.141Z] [INFO] Found 1 pending job(s)
[2026-01-29T16:03:04.142Z] [INFO] Found 1 pending job(s)
[2026-01-29T16:03:04.142Z] [INFO] Processing job 895 (receipt) for Customer Receipt
[2026-01-29T16:03:04.270Z] [INFO] Found 1 pending job(s)
[2026-01-29T16:03:04.271Z] [INFO] Found 1 pending job(s)
[2026-01-29T16:03:04.271Z] [INFO] Processing job 895 (receipt) for Customer Receipt
[2026-01-29T16:03:04.347Z] [INFO] Found 1 pending job(s)
[2026-01-29T16:03:04.348Z] [INFO] Found 1 pending job(s)
[2026-01-29T16:03:04.348Z] [INFO] Processing job 895 (receipt) for Customer Receipt
[2026-01-29T16:03:06.932Z] [ERROR] Failed to fetch pending jobs
{
  "error": "fetch failed"
}
[2026-01-29T16:03:14.431Z] [ERROR] Error updating job 895 status
{
  "error": "fetch failed"
}
[2026-01-29T16:03:14.433Z] [INFO] Connecting to network printer: 192.168.123.102:9100
[2026-01-29T16:03:14.434Z] [ERROR] Error updating job 895 status
{
  "error": "fetch failed"
}
[2026-01-29T16:03:14.435Z] [INFO] Connecting to network printer: 192.168.123.102:9100
[2026-01-29T16:03:14.437Z] [ERROR] Error updating job 895 status
{
  "error": "fetch failed"
}
[2026-01-29T16:03:14.438Z] [INFO] Connecting to network printer: 192.168.123.102:9100
[2026-01-29T16:03:14.439Z] [ERROR] Error updating job 895 status
{
  "error": "fetch failed"
}
[2026-01-29T16:03:14.441Z] [INFO] Connecting to network printer: 192.168.123.102:9100
[2026-01-29T16:03:14.931Z] [ERROR] Failed to fetch pending jobs
{
  "error": "fetch failed"
}
[2026-01-29T16:03:16.931Z] [ERROR] Failed to fetch pending jobs
{
  "error": "fetch failed"
}
[2026-01-29T16:03:18.931Z] [ERROR] Failed to fetch pending jobs
{
  "error": "fetch failed"
}
[2026-01-29T16:03:20.931Z] [ERROR] Failed to fetch pending jobs
{
  "error": "fetch failed"
}
[2026-01-29T16:03:22.931Z] [ERROR] Failed to fetch pending jobs
{
  "error": "fetch failed"
}
[2026-01-29T16:03:24.931Z] [ERROR] Failed to fetch pending jobs
{
  "error": "fetch failed"
}
[2026-01-29T16:03:24.934Z] [ERROR] Error updating job 895 status
{
  "error": "fetch failed"
}
[2026-01-29T16:03:24.936Z] [INFO] ✓ Job 895 printed successfully
[2026-01-29T16:03:24.937Z] [ERROR] Error updating job 895 status
{
  "error": "fetch failed"
}
[2026-01-29T16:03:24.939Z] [INFO] ✓ Job 895 printed successfully
[2026-01-29T16:03:24.941Z] [ERROR] Error updating job 895 status
{
  "error": "fetch failed"
}
[2026-01-29T16:03:24.942Z] [INFO] ✓ Job 895 printed successfully
[2026-01-29T16:03:24.944Z] [ERROR] Error updating job 895 status
{
  "error": "fetch failed"
}
[2026-01-29T16:03:24.946Z] [INFO] ✓ Job 895 printed successfully
[2026-01-29T16:03:26.931Z] [ERROR] Failed to fetch pending jobs
{
  "error": "fetch failed"
}
[2026-01-29T16:03:28.931Z] [ERROR] Failed to fetch pending jobs
{
  "error": "fetch failed"
}
[2026-01-29T16:03:30.930Z] [ERROR] Failed to fetch pending jobs
{
  "error": "fetch failed"
}
[2026-01-29T16:03:32.930Z] [ERROR] Failed to fetch pending jobs
{
  "error": "fetch failed"
}
[2026-01-29T16:03:34.636Z] [INFO] Found 1 pending job(s)
[2026-01-29T16:03:34.638Z] [INFO] Found 1 pending job(s)
[2026-01-29T16:03:34.638Z] [INFO] Processing job 895 (receipt) for Customer Receipt
[2026-01-29T16:03:34.655Z] [INFO] Found 1 pending job(s)
[2026-01-29T16:03:34.656Z] [INFO] Found 1 pending job(s)
[2026-01-29T16:03:34.657Z] [INFO] Processing job 895 (receipt) for Customer Receipt
[2026-01-29T16:03:34.801Z] [INFO] Found 1 pending job(s)
[2026-01-29T16:03:34.802Z] [INFO] Found 1 pending job(s)
[2026-01-29T16:03:34.803Z] [INFO] Processing job 895 (receipt) for Customer Receipt
[2026-01-29T16:03:34.934Z] [ERROR] Failed to fetch pending jobs
{
  "error": "fetch failed"
}
[2026-01-29T16:03:36.137Z] [INFO] Found 1 pending job(s)
[2026-01-29T16:03:36.138Z] [INFO] Found 1 pending job(s)
[2026-01-29T16:03:36.139Z] [INFO] Processing job 895 (receipt) for Customer Receipt
[2026-01-29T16:03:44.933Z] [ERROR] Error updating job 895 status
{
  "error": "fetch failed"
}
[2026-01-29T16:03:44.936Z] [INFO] Connecting to network printer: 192.168.123.102:9100
[2026-01-29T16:03:44.938Z] [ERROR] Error updating job 895 status
{
  "error": "fetch failed"
}
[2026-01-29T16:03:44.940Z] [INFO] Connecting to network printer: 192.168.123.102:9100
[2026-01-29T16:03:44.942Z] [ERROR] Error updating job 895 status
{
  "error": "fetch failed"
}
[2026-01-29T16:03:44.944Z] [INFO] Connecting to network printer: 192.168.123.102:9100
[2026-01-29T16:03:44.947Z] [ERROR] Failed to fetch pending jobs
{
  "error": "fetch failed"
}
[2026-01-29T16:03:46.433Z] [ERROR] Error updating job 895 status
{
  "error": "fetch failed"
}
[2026-01-29T16:03:46.436Z] [INFO] Connecting to network printer: 192.168.123.102:9100
[2026-01-29T16:03:46.933Z] [ERROR] Failed to fetch pending jobs
{
  "error": "fetch failed"
}
[2026-01-29T16:03:48.933Z] [ERROR] Failed to fetch pending jobs
{
  "error": "fetch failed"
}
[2026-01-29T16:03:50.933Z] [ERROR] Failed to fetch pending jobs
{
  "error": "fetch failed"
}
[2026-01-29T16:03:52.933Z] [ERROR] Failed to fetch pending jobs
{
  "error": "fetch failed"
}
[2026-01-29T16:03:54.933Z] [ERROR] Failed to fetch pending jobs
{
  "error": "fetch failed"
}
[2026-01-29T16:03:55.433Z] [ERROR] Error updating job 895 status
{
  "error": "fetch failed"
}
[2026-01-29T16:03:55.435Z] [INFO] ✓ Job 895 printed successfully
[2026-01-29T16:03:55.437Z] [ERROR] Error updating job 895 status
{
  "error": "fetch failed"
}
[2026-01-29T16:03:55.438Z] [INFO] ✓ Job 895 printed successfully
[2026-01-29T16:03:55.440Z] [ERROR] Error updating job 895 status
{
  "error": "fetch failed"
}
[2026-01-29T16:03:55.442Z] [INFO] ✓ Job 895 printed successfully
[2026-01-29T16:03:56.932Z] [ERROR] Error updating job 895 status
{
  "error": "fetch failed"
}
[2026-01-29T16:03:56.935Z] [INFO] ✓ Job 895 printed successfully
[2026-01-29T16:03:56.937Z] [ERROR] Failed to fetch pending jobs
{
  "error": "fetch failed"
}
[2026-01-29T16:03:58.933Z] [ERROR] Failed to fetch pending jobs
{
  "error": "fetch failed"
}
[2026-01-29T16:04:00.932Z] [ERROR] Failed to fetch pending jobs
{
  "error": "fetch failed"
}
[2026-01-29T16:04:02.932Z] [ERROR] Failed to fetch pending jobs
{
  "error": "fetch failed"
}
[2026-01-29T16:04:04.632Z] [INFO] Found 1 pending job(s)
[2026-01-29T16:04:04.634Z] [INFO] Found 1 pending job(s)
[2026-01-29T16:04:04.635Z] [INFO] Processing job 895 (receipt) for Customer Receipt
[2026-01-29T16:04:04.893Z] [INFO] Found 1 pending job(s)
[2026-01-29T16:04:04.895Z] [INFO] Found 1 pending job(s)
[2026-01-29T16:04:04.896Z] [INFO] Processing job 895 (receipt) for Customer Receipt
[2026-01-29T16:04:04.932Z] [ERROR] Failed to fetch pending jobs
{
  "error": "fetch failed"
}
[2026-01-29T16:04:08.365Z] [INFO] Found 1 pending job(s)
[2026-01-29T16:04:08.366Z] [INFO] Found 1 pending job(s)
[2026-01-29T16:04:08.367Z] [INFO] Processing job 895 (receipt) for Customer Receipt
[2026-01-29T16:04:12.932Z] [ERROR] Failed to fetch pending jobs
{
  "error": "fetch failed"
}
[2026-01-29T16:04:14.931Z] [ERROR] Error updating job 895 status
{
  "error": "fetch failed"
}
[2026-01-29T16:04:14.933Z] [INFO] Connecting to network printer: 192.168.123.102:9100
[2026-01-29T16:04:14.934Z] [ERROR] Failed to fetch pending jobs
{
  "error": "fetch failed"
}
[2026-01-29T16:04:14.936Z] [ERROR] Error updating job 895 status
{
  "error": "fetch failed"
}
[2026-01-29T16:04:14.937Z] [INFO] Connecting to network printer: 192.168.123.102:9100
[2026-01-29T16:04:16.931Z] [ERROR] Failed to fetch pending jobs
{
  "error": "fetch failed"
}
[2026-01-29T16:04:18.431Z] [ERROR] Error updating job 895 status
{
  "error": "fetch failed"
}
[2026-01-29T16:04:18.432Z] [INFO] Connecting to network printer: 192.168.123.102:9100
[2026-01-29T16:04:18.931Z] [ERROR] Failed to fetch pending jobs
{
  "error": "fetch failed"
}
[2026-01-29T16:04:20.931Z] [ERROR] Failed to fetch pending jobs
{
  "error": "fetch failed"
}
[2026-01-29T16:04:22.930Z] [ERROR] Failed to fetch pending jobs
{
  "error": "fetch failed"
}
[2026-01-29T16:04:24.930Z] [ERROR] Failed to fetch pending jobs
{
  "error": "fetch failed"
}
[2026-01-29T16:04:25.431Z] [ERROR] Error updating job 895 status
{
  "error": "fetch failed"
}
[2026-01-29T16:04:25.433Z] [INFO] ✓ Job 895 printed successfully
[2026-01-29T16:04:25.434Z] [ERROR] Error updating job 895 status
{
  "error": "fetch failed"
}
[2026-01-29T16:04:25.435Z] [INFO] ✓ Job 895 printed successfully
[2026-01-29T16:04:26.930Z] [ERROR] Failed to fetch pending jobs
{
  "error": "fetch failed"
}
[2026-01-29T16:04:28.930Z] [ERROR] Error updating job 895 status
{
  "error": "fetch failed"
}
[2026-01-29T16:04:28.932Z] [INFO] ✓ Job 895 printed successfully
[2026-01-29T16:04:28.933Z] [ERROR] Failed to fetch pending jobs
{
  "error": "fetch failed"
}
[2026-01-29T16:04:30.930Z] [ERROR] Failed to fetch pending jobs
{
  "error": "fetch failed"
}
[2026-01-29T16:04:32.930Z] [ERROR] Failed to fetch pending jobs
{
  "error": "fetch failed"
}
[2026-01-29T16:04:34.929Z] [ERROR] Failed to fetch pending jobs
{
  "error": "fetch failed"
}
[2026-01-29T16:04:35.119Z] [INFO] Found 1 pending job(s)
[2026-01-29T16:04:35.120Z] [INFO] Found 1 pending job(s)
[2026-01-29T16:04:35.121Z] [INFO] Processing job 895 (receipt) for Customer Receipt
[2026-01-29T16:04:36.929Z] [ERROR] Failed to fetch pending jobs
{
  "error": "fetch failed"
}
[2026-01-29T16:04:40.946Z] [ERROR] Failed to fetch pending jobs
{
  "error": "fetch failed"
}
[2026-01-29T16:04:42.946Z] [ERROR] Failed to fetch pending jobs
{
  "error": "fetch failed"
}
[2026-01-29T16:04:44.945Z] [ERROR] Failed to fetch pending jobs
{
  "error": "fetch failed"
}
[2026-01-29T16:04:45.445Z] [ERROR] Error updating job 895 status
{
  "error": "fetch failed"
}
[2026-01-29T16:04:45.448Z] [INFO] Connecting to network printer: 192.168.123.102:9100
[2026-01-29T16:04:46.945Z] [ERROR] Failed to fetch pending jobs
{
  "error": "fetch failed"
}
[2026-01-29T16:04:48.945Z] [ERROR] Failed to fetch pending jobs
{
  "error": "fetch failed"
}
[2026-01-29T16:04:50.945Z] [ERROR] Failed to fetch pending jobs
{
  "error": "fetch failed"
}
[2026-01-29T16:04:52.945Z] [ERROR] Failed to fetch pending jobs
{
  "error": "fetch failed"
}
[2026-01-29T16:04:54.945Z] [ERROR] Failed to fetch pending jobs
{
  "error": "fetch failed"
}
[2026-01-29T16:04:55.945Z] [ERROR] Error updating job 895 status
{
  "error": "fetch failed"
}
[2026-01-29T16:04:55.947Z] [INFO] ✓ Job 895 printed successfully
[2026-01-29T16:04:56.945Z] [ERROR] Failed to fetch pending jobs
{
  "error": "fetch failed"
}
[2026-01-29T16:04:58.945Z] [ERROR] Failed to fetch pending jobs
{
  "error": "fetch failed"
}
[2026-01-29T16:05:00.944Z] [ERROR] Failed to fetch pending jobs
{
  "error": "fetch failed"
}
[2026-01-29T16:05:02.946Z] [ERROR] Failed to fetch pending jobs
{
  "error": "fetch failed"
}
[2026-01-29T16:05:04.960Z] [ERROR] Failed to fetch pending jobs
{
  "error": "fetch failed"
}
[2026-01-29T16:05:06.961Z] [ERROR] Failed to fetch pending jobs
{
  "error": "fetch failed"
}
[2026-01-29T16:05:10.975Z] [ERROR] Failed to fetch pending jobs
{
  "error": "fetch failed"
}
[2026-01-29T16:05:12.975Z] [ERROR] Failed to fetch pending jobs
{
  "error": "fetch failed"
}
[2026-01-29T16:05:20.955Z] [INFO] Print server starting...
[2026-01-29T16:05:20.957Z] [INFO] API: https://kamikuralk.online/api
[2026-01-29T16:05:20.958Z] [INFO] Poll interval: 2000ms
[2026-01-29T16:05:20.958Z] [INFO] Retry interval: 30000ms
[2026-01-29T16:05:20.959Z] [INFO] ✓ Print server running. Press Ctrl+C to stop.
[2026-01-29T16:05:31.573Z] [ERROR] Failed to fetch pending jobs
{
  "error": "fetch failed"
}
[2026-01-29T16:05:33.068Z] [ERROR] Failed to fetch pending jobs
{
  "error": "fetch failed"
}
[2026-01-29T16:05:35.068Z] [ERROR] Failed to fetch pending jobs
{
  "error": "fetch failed"
}
[2026-01-29T16:05:37.068Z] [ERROR] Failed to fetch pending jobs
{
  "error": "fetch failed"
}
[2026-01-29T16:05:39.068Z] [ERROR] Failed to fetch pending jobs
{
  "error": "fetch failed"
}
[2026-01-29T16:05:41.067Z] [ERROR] Failed to fetch pending jobs
{
  "error": "fetch failed"
}
[2026-01-29T16:05:43.069Z] [ERROR] Failed to fetch pending jobs
{
  "error": "fetch failed"
}
[2026-01-29T16:05:45.068Z] [ERROR] Failed to fetch pending jobs
{
  "error": "fetch failed"
}
[2026-01-29T16:05:47.068Z] [ERROR] Failed to fetch pending jobs
{
  "error": "fetch failed"
}
[2026-01-29T16:05:49.068Z] [ERROR] Failed to fetch pending jobs
{
  "error": "fetch failed"
}
[2026-01-29T16:05:51.067Z] [ERROR] Failed to fetch pending jobs
{
  "error": "fetch failed"
}
[2026-01-29T16:05:53.066Z] [ERROR] Failed to fetch pending jobs
{
  "error": "fetch failed"
}
[2026-01-29T16:05:55.566Z] [ERROR] Failed to fetch pending jobs
{
  "error": "fetch failed"
}
[2026-01-29T16:05:57.566Z] [ERROR] Failed to fetch pending jobs
{
  "error": "fetch failed"
}
[2026-01-29T16:05:59.582Z] [ERROR] Failed to fetch pending jobs
{
  "error": "fetch failed"
}
[2026-01-29T16:06:01.581Z] [ERROR] Failed to fetch pending jobs
{
  "error": "fetch failed"
}
[2026-01-29T16:06:03.581Z] [ERROR] Failed to fetch pending jobs
{
  "error": "fetch failed"
}
[2026-01-29T16:06:05.581Z] [ERROR] Failed to fetch pending jobs
{
  "error": "fetch failed"
}
[2026-01-29T16:06:07.581Z] [ERROR] Failed to fetch pending jobs
{
  "error": "fetch failed"
}
[2026-01-29T16:06:09.581Z] [ERROR] Failed to fetch pending jobs
{
  "error": "fetch failed"
}
[2026-01-29T16:06:11.581Z] [ERROR] Failed to fetch pending jobs
{
  "error": "fetch failed"
}
[2026-01-29T16:06:13.581Z] [ERROR] Failed to fetch pending jobs
{
  "error": "fetch failed"
}
[2026-01-29T16:06:15.581Z] [ERROR] Failed to fetch pending jobs
{
  "error": "fetch failed"
}
[2026-01-29T16:06:17.580Z] [ERROR] Failed to fetch pending jobs
{
  "error": "fetch failed"
}
[2026-01-29T16:06:19.580Z] [ERROR] Failed to fetch pending jobs
{
  "error": "fetch failed"
}
[2026-01-29T16:06:21.592Z] [ERROR] Failed to fetch pending jobs
{
  "error": "fetch failed"
}
[2026-01-29T16:06:23.592Z] [ERROR] Failed to fetch pending jobs
{
  "error": "fetch failed"
}
[2026-01-29T16:06:25.592Z] [ERROR] Failed to fetch pending jobs
{
  "error": "fetch failed"
}
[2026-01-29T16:06:27.592Z] [ERROR] Failed to fetch pending jobs
{
  "error": "fetch failed"
}
[2026-01-29T16:06:29.591Z] [ERROR] Failed to fetch pending jobs
{
  "error": "fetch failed"
}
[2026-01-29T16:06:31.591Z] [ERROR] Failed to fetch pending jobs
{
  "error": "fetch failed"
}
[2026-01-29T16:06:33.591Z] [ERROR] Failed to fetch pending jobs
{
  "error": "fetch failed"
}
[2026-01-29T16:06:35.591Z] [ERROR] Failed to fetch pending jobs
{
  "error": "fetch failed"
}
[2026-01-29T16:06:37.591Z] [ERROR] Failed to fetch pending jobs
{
  "error": "fetch failed"
}
[2026-01-29T16:06:39.591Z] [ERROR] Failed to fetch pending jobs
{
  "error": "fetch failed"
}
[2026-01-29T16:06:41.591Z] [ERROR] Failed to fetch pending jobs
{
  "error": "fetch failed"
}
[2026-01-29T16:06:43.590Z] [ERROR] Failed to fetch pending jobs
{
  "error": "fetch failed"
}
[2026-01-29T16:06:45.590Z] [ERROR] Failed to fetch pending jobs
{
  "error": "fetch failed"
}
[2026-01-29T16:06:47.590Z] [ERROR] Failed to fetch pending jobs
{
  "error": "fetch failed"
}
[2026-01-29T16:06:49.590Z] [ERROR] Failed to fetch pending jobs
{
  "error": "fetch failed"
}
[2026-01-29T16:06:51.590Z] [ERROR] Failed to fetch pending jobs
{
  "error": "fetch failed"
}
[2026-01-29T16:06:53.590Z] [ERROR] Failed to fetch pending jobs
{
  "error": "fetch failed"
}
[2026-01-29T16:06:55.590Z] [ERROR] Failed to fetch pending jobs
{
  "error": "fetch failed"
}
[2026-01-29T16:06:57.590Z] [ERROR] Failed to fetch pending jobs
{
  "error": "fetch failed"
}
[2026-01-29T16:06:59.589Z] [ERROR] Failed to fetch pending jobs
{
  "error": "fetch failed"
}
[2026-01-29T16:07:01.589Z] [ERROR] Failed to fetch pending jobs
{
  "error": "fetch failed"
}
[2026-01-29T16:07:03.589Z] [ERROR] Failed to fetch pending jobs
{
  "error": "fetch failed"
}
[2026-01-29T16:07:05.589Z] [ERROR] Failed to fetch pending jobs
{
  "error": "fetch failed"
}
[2026-01-29T16:07:07.589Z] [ERROR] Failed to fetch pending jobs
{
  "error": "fetch failed"
}
[2026-01-29T16:07:09.589Z] [ERROR] Failed to fetch pending jobs
{
  "error": "fetch failed"
}
[2026-01-29T16:07:11.589Z] [ERROR] Failed to fetch pending jobs
{
  "error": "fetch failed"
}
[2026-01-29T16:07:13.588Z] [ERROR] Failed to fetch pending jobs
{
  "error": "fetch failed"
}
[2026-01-29T16:07:15.588Z] [ERROR] Failed to fetch pending jobs
{
  "error": "fetch failed"
}
[2026-01-29T16:07:17.588Z] [ERROR] Failed to fetch pending jobs
{
  "error": "fetch failed"
}
[2026-01-29T16:07:19.588Z] [ERROR] Failed to fetch pending jobs
{
  "error": "fetch failed"
}
[2026-01-29T16:07:21.588Z] [ERROR] Failed to fetch pending jobs
{
  "error": "fetch failed"
}
[2026-01-29T16:07:23.588Z] [ERROR] Failed to fetch pending jobs
{
  "error": "fetch failed"
}
[2026-01-29T16:07:25.588Z] [ERROR] Failed to fetch pending jobs
{
  "error": "fetch failed"
}
[2026-01-29T16:07:27.587Z] [ERROR] Failed to fetch pending jobs
{
  "error": "fetch failed"
}
[2026-01-29T16:07:29.587Z] [ERROR] Failed to fetch pending jobs
{
  "error": "fetch failed"
}
[2026-01-29T16:07:31.587Z] [ERROR] Failed to fetch pending jobs
{
  "error": "fetch failed"
}
[2026-01-29T16:07:33.587Z] [ERROR] Failed to fetch pending jobs
{
  "error": "fetch failed"
}
[2026-01-29T16:07:35.587Z] [ERROR] Failed to fetch pending jobs
{
  "error": "fetch failed"
}
[2026-01-29T16:07:37.587Z] [ERROR] Failed to fetch pending jobs
{
  "error": "fetch failed"
}
[2026-01-29T16:07:39.587Z] [ERROR] Failed to fetch pending jobs
{
  "error": "fetch failed"
}
[2026-01-29T16:07:41.587Z] [ERROR] Failed to fetch pending jobs
{
  "error": "fetch failed"
}
[2026-01-29T16:07:43.586Z] [ERROR] Failed to fetch pending jobs
{
  "error": "fetch failed"
}
[2026-01-29T16:07:45.586Z] [ERROR] Failed to fetch pending jobs
{
  "error": "fetch failed"
}
[2026-01-29T16:07:47.586Z] [ERROR] Failed to fetch pending jobs
{
  "error": "fetch failed"
}
[2026-01-29T16:07:49.587Z] [ERROR] Failed to fetch pending jobs
{
  "error": "fetch failed"
}
[2026-01-29T16:07:51.587Z] [ERROR] Failed to fetch pending jobs
{
  "error": "fetch failed"
}
[2026-01-29T16:07:53.587Z] [ERROR] Failed to fetch pending jobs
{
  "error": "fetch failed"
}
[2026-01-29T16:07:55.588Z] [ERROR] Failed to fetch pending jobs
{
  "error": "fetch failed"
}
[2026-01-29T16:07:57.603Z] [ERROR] Failed to fetch pending jobs
{
  "error": "fetch failed"
}
[2026-01-29T16:07:59.617Z] [ERROR] Failed to fetch pending jobs
{
  "error": "fetch failed"
}
[2026-01-29T16:08:02.117Z] [ERROR] Failed to fetch pending jobs
{
  "error": "fetch failed"
}
[2026-01-29T16:08:04.117Z] [ERROR] Failed to fetch pending jobs
{
  "error": "fetch failed"
}
[2026-01-29T16:08:06.132Z] [ERROR] Failed to fetch pending jobs
{
  "error": "fetch failed"
}
[2026-01-29T16:08:07.632Z] [ERROR] Failed to fetch pending jobs
{
  "error": "fetch failed"
}
[2026-01-29T16:08:09.632Z] [ERROR] Failed to fetch pending jobs
{
  "error": "fetch failed"
}
[2026-01-29T16:08:11.632Z] [ERROR] Failed to fetch pending jobs
{
  "error": "fetch failed"
}
[2026-01-29T16:08:13.635Z] [ERROR] Failed to fetch pending jobs
{
  "error": "fetch failed"
}
[2026-01-29T16:08:15.647Z] [ERROR] Failed to fetch pending jobs
{
  "error": "fetch failed"
}
[2026-01-29T16:08:17.647Z] [ERROR] Failed to fetch pending jobs
{
  "error": "fetch failed"
}
[2026-01-29T16:08:19.647Z] [ERROR] Failed to fetch pending jobs
{
  "error": "fetch failed"
}
[2026-01-29T16:08:21.646Z] [ERROR] Failed to fetch pending jobs
{
  "error": "fetch failed"
}
[2026-01-29T16:08:23.646Z] [ERROR] Failed to fetch pending jobs
{
  "error": "fetch failed"
}
[2026-01-29T16:08:25.648Z] [ERROR] Failed to fetch pending jobs
{
  "error": "fetch failed"
}
[2026-01-29T16:08:27.647Z] [ERROR] Failed to fetch pending jobs
{
  "error": "fetch failed"
}
[2026-01-29T16:08:29.647Z] [ERROR] Failed to fetch pending jobs
{
  "error": "fetch failed"
}
[2026-01-29T16:08:31.647Z] [ERROR] Failed to fetch pending jobs
{
  "error": "fetch failed"
}
[2026-01-29T16:08:33.647Z] [ERROR] Failed to fetch pending jobs
{
  "error": "fetch failed"
}
[2026-01-29T16:08:35.647Z] [ERROR] Failed to fetch pending jobs
{
  "error": "fetch failed"
}
[2026-01-29T16:08:38.145Z] [ERROR] Failed to fetch pending jobs
{
  "error": "fetch failed"
}
[2026-01-29T16:08:40.145Z] [ERROR] Failed to fetch pending jobs
{
  "error": "fetch failed"
}
[2026-01-29T16:08:42.145Z] [ERROR] Failed to fetch pending jobs
{
  "error": "fetch failed"
}
[2026-01-29T16:08:44.145Z] [ERROR] Failed to fetch pending jobs
{
  "error": "fetch failed"
}
[2026-01-29T16:08:46.145Z] [ERROR] Failed to fetch pending jobs
{
  "error": "fetch failed"
}
[2026-01-29T16:08:48.144Z] [ERROR] Failed to fetch pending jobs
{
  "error": "fetch failed"
}
[2026-01-29T16:08:50.144Z] [ERROR] Failed to fetch pending jobs
{
  "error": "fetch failed"
}
[2026-01-29T16:08:52.144Z] [ERROR] Failed to fetch pending jobs
{
  "error": "fetch failed"
}
[2026-01-29T16:08:54.144Z] [ERROR] Failed to fetch pending jobs
{
  "error": "fetch failed"
}
[2026-01-29T16:08:56.144Z] [ERROR] Failed to fetch pending jobs
{
  "error": "fetch failed"
}
[2026-01-29T16:08:58.144Z] [ERROR] Failed to fetch pending jobs
{
  "error": "fetch failed"
}
[2026-01-29T16:09:00.144Z] [ERROR] Failed to fetch pending jobs
{
  "error": "fetch failed"
}
[2026-01-29T16:09:02.144Z] [ERROR] Failed to fetch pending jobs
{
  "error": "fetch failed"
}
[2026-01-29T16:09:04.144Z] [ERROR] Failed to fetch pending jobs
{
  "error": "fetch failed"
}
[2026-01-29T16:09:06.143Z] [ERROR] Failed to fetch pending jobs
{
  "error": "fetch failed"
}
[2026-01-29T16:09:08.143Z] [ERROR] Failed to fetch pending jobs
{
  "error": "fetch failed"
}
[2026-01-29T16:09:10.143Z] [ERROR] Failed to fetch pending jobs
{
  "error": "fetch failed"
}
[2026-01-29T16:09:12.148Z] [ERROR] Failed to fetch pending jobs
{
  "error": "fetch failed"
}
[2026-01-29T16:09:14.148Z] [ERROR] Failed to fetch pending jobs
{
  "error": "fetch failed"
}
[2026-01-29T16:09:16.148Z] [ERROR] Failed to fetch pending jobs
{
  "error": "fetch failed"
}
[2026-01-29T16:09:18.148Z] [ERROR] Failed to fetch pending jobs
{
  "error": "fetch failed"
}
[2026-01-29T16:09:20.148Z] [ERROR] Failed to fetch pending jobs
{
  "error": "fetch failed"
}
[2026-01-29T16:09:22.148Z] [ERROR] Failed to fetch pending jobs
{
  "error": "fetch failed"
}
[2026-01-29T16:09:24.148Z] [ERROR] Failed to fetch pending jobs
{
  "error": "fetch failed"
}
[2026-01-29T16:09:26.148Z] [ERROR] Failed to fetch pending jobs
{
  "error": "fetch failed"
}
[2026-01-29T16:09:28.148Z] [ERROR] Failed to fetch pending jobs
{
  "error": "fetch failed"
}
[2026-01-29T16:09:30.148Z] [ERROR] Failed to fetch pending jobs
{
  "error": "fetch failed"
}
[2026-01-29T16:09:32.148Z] [ERROR] Failed to fetch pending jobs
{
  "error": "fetch failed"
}
[2026-01-29T16:09:34.147Z] [ERROR] Failed to fetch pending jobs
{
  "error": "fetch failed"
}
[2026-01-29T16:09:36.147Z] [ERROR] Failed to fetch pending jobs
{
  "error": "fetch failed"
}
[2026-01-29T16:09:38.150Z] [ERROR] Failed to fetch pending jobs
{
  "error": "fetch failed"
}
[2026-01-29T16:09:40.150Z] [ERROR] Failed to fetch pending jobs
{
  "error": "fetch failed"
}
[2026-01-29T16:09:42.150Z] [ERROR] Failed to fetch pending jobs
{
  "error": "fetch failed"
}
[2026-01-29T16:09:44.149Z] [ERROR] Failed to fetch pending jobs
{
  "error": "fetch failed"
}
[2026-01-29T16:09:46.149Z] [ERROR] Failed to fetch pending jobs
{
  "error": "fetch failed"
}
[2026-01-29T16:09:48.149Z] [ERROR] Failed to fetch pending jobs
{
  "error": "fetch failed"
}
[2026-01-29T16:09:50.149Z] [ERROR] Failed to fetch pending jobs
{
  "error": "fetch failed"
}
[2026-01-29T16:09:52.149Z] [ERROR] Failed to fetch pending jobs
{
  "error": "fetch failed"
}
[2026-01-29T16:09:54.149Z] [ERROR] Failed to fetch pending jobs
{
  "error": "fetch failed"
}
[2026-01-29T16:09:56.149Z] [ERROR] Failed to fetch pending jobs
{
  "error": "fetch failed"
}
[2026-01-29T16:09:58.148Z] [ERROR] Failed to fetch pending jobs
{
  "error": "fetch failed"
}
[2026-01-29T16:10:00.149Z] [ERROR] Failed to fetch pending jobs
{
  "error": "fetch failed"
}
[2026-01-29T16:10:02.148Z] [ERROR] Failed to fetch pending jobs
{
  "error": "fetch failed"
}
[2026-01-29T16:10:04.148Z] [ERROR] Failed to fetch pending jobs
{
  "error": "fetch failed"
}
[2026-01-29T16:10:06.148Z] [ERROR] Failed to fetch pending jobs
{
  "error": "fetch failed"
}
[2026-01-29T16:10:08.148Z] [ERROR] Failed to fetch pending jobs
{
  "error": "fetch failed"
}
[2026-01-29T16:10:10.148Z] [ERROR] Failed to fetch pending jobs
{
  "error": "fetch failed"
}
[2026-01-29T16:10:12.148Z] [ERROR] Failed to fetch pending jobs
{
  "error": "fetch failed"
}
[2026-01-29T16:10:14.147Z] [ERROR] Failed to fetch pending jobs
{
  "error": "fetch failed"
}
[2026-01-29T16:10:16.147Z] [ERROR] Failed to fetch pending jobs
{
  "error": "fetch failed"
}
[2026-01-29T16:10:18.147Z] [ERROR] Failed to fetch pending jobs
{
  "error": "fetch failed"
}
[2026-01-29T16:10:20.147Z] [ERROR] Failed to fetch pending jobs
{
  "error": "fetch failed"
}
[2026-01-29T16:10:22.147Z] [ERROR] Failed to fetch pending jobs
{
  "error": "fetch failed"
}
[2026-01-29T16:10:24.147Z] [ERROR] Failed to fetch pending jobs
{
  "error": "fetch failed"
}
[2026-01-29T16:10:26.147Z] [ERROR] Failed to fetch pending jobs
{
  "error": "fetch failed"
}
[2026-01-29T16:10:28.158Z] [ERROR] Failed to fetch pending jobs
{
  "error": "fetch failed"
}
[2026-01-29T16:10:33.714Z] [INFO] Print server starting...
[2026-01-29T16:10:33.716Z] [INFO] API: https://kamikuralk.online/api
[2026-01-29T16:10:33.716Z] [INFO] Poll interval: 2000ms
[2026-01-29T16:10:33.717Z] [INFO] Retry interval: 30000ms
[2026-01-29T16:10:33.717Z] [INFO] ✓ Print server running. Press Ctrl+C to stop.
[2026-01-29T16:10:44.349Z] [ERROR] Failed to fetch pending jobs
{
  "error": "fetch failed"
}
[2026-01-29T16:10:45.843Z] [ERROR] Failed to fetch pending jobs
{
  "error": "fetch failed"
}
[2026-01-29T16:10:47.855Z] [ERROR] Failed to fetch pending jobs
{
  "error": "fetch failed"
}
[2026-01-29T16:10:49.854Z] [ERROR] Failed to fetch pending jobs
{
  "error": "fetch failed"
}
[2026-01-29T16:10:51.854Z] [ERROR] Failed to fetch pending jobs
{
  "error": "fetch failed"
}
[2026-01-29T16:10:53.854Z] [ERROR] Failed to fetch pending jobs
{
  "error": "fetch failed"
}
[2026-01-29T16:10:55.854Z] [ERROR] Failed to fetch pending jobs
{
  "error": "fetch failed"
}
[2026-01-29T16:10:57.854Z] [ERROR] Failed to fetch pending jobs
{
  "error": "fetch failed"
}
[2026-01-29T16:10:59.854Z] [ERROR] Failed to fetch pending jobs
{
  "error": "fetch failed"
}
[2026-01-29T16:11:01.853Z] [ERROR] Failed to fetch pending jobs
{
  "error": "fetch failed"
}
[2026-01-29T16:11:03.853Z] [ERROR] Failed to fetch pending jobs
{
  "error": "fetch failed"
}
[2026-01-29T16:11:05.853Z] [ERROR] Failed to fetch pending jobs
{
  "error": "fetch failed"
}
[2026-01-29T16:11:07.854Z] [ERROR] Failed to fetch pending jobs
{
  "error": "fetch failed"
}
[2026-01-29T16:11:09.862Z] [ERROR] Failed to fetch pending jobs
{
  "error": "fetch failed"
}
[2026-01-29T16:11:11.877Z] [ERROR] Failed to fetch pending jobs
{
  "error": "fetch failed"
}
[2026-01-29T16:11:13.878Z] [ERROR] Failed to fetch pending jobs
{
  "error": "fetch failed"
}
[2026-01-29T16:11:15.879Z] [ERROR] Failed to fetch pending jobs
{
  "error": "fetch failed"
}
[2026-01-29T16:11:17.878Z] [ERROR] Failed to fetch pending jobs
{
  "error": "fetch failed"
}
[2026-01-29T16:11:19.877Z] [ERROR] Failed to fetch pending jobs
{
  "error": "fetch failed"
}
[2026-01-29T16:11:21.877Z] [ERROR] Failed to fetch pending jobs
{
  "error": "fetch failed"
}
[2026-01-29T16:11:23.877Z] [ERROR] Failed to fetch pending jobs
{
  "error": "fetch failed"
}
[2026-01-29T16:11:26.376Z] [ERROR] Failed to fetch pending jobs
{
  "error": "fetch failed"
}
[2026-01-29T16:11:28.376Z] [ERROR] Failed to fetch pending jobs
{
  "error": "fetch failed"
}
[2026-01-29T16:11:30.376Z] [ERROR] Failed to fetch pending jobs
{
  "error": "fetch failed"
}
[2026-01-29T16:11:32.376Z] [ERROR] Failed to fetch pending jobs
{
  "error": "fetch failed"
}
[2026-01-29T16:11:34.402Z] [ERROR] Failed to fetch pending jobs
{
  "error": "fetch failed"
}
[2026-01-29T16:11:36.402Z] [ERROR] Failed to fetch pending jobs
{
  "error": "fetch failed"
}
[2026-01-29T16:11:38.402Z] [ERROR] Failed to fetch pending jobs
{
  "error": "fetch failed"
}
[2026-01-29T16:11:40.402Z] [ERROR] Failed to fetch pending jobs
{
  "error": "fetch failed"
}
[2026-01-29T16:11:42.402Z] [ERROR] Failed to fetch pending jobs
{
  "error": "fetch failed"
}
[2026-01-29T16:11:44.402Z] [ERROR] Failed to fetch pending jobs
{
  "error": "fetch failed"
}
[2026-01-29T16:11:46.401Z] [ERROR] Failed to fetch pending jobs
{
  "error": "fetch failed"
}
[2026-01-29T16:11:48.417Z] [ERROR] Failed to fetch pending jobs
{
  "error": "fetch failed"
}
[2026-01-29T16:11:50.417Z] [ERROR] Failed to fetch pending jobs
{
  "error": "fetch failed"
}
[2026-01-29T16:11:52.417Z] [ERROR] Failed to fetch pending jobs
{
  "error": "fetch failed"
}
[2026-01-29T16:11:54.417Z] [ERROR] Failed to fetch pending jobs
{
  "error": "fetch failed"
}
[2026-01-29T16:11:56.416Z] [ERROR] Failed to fetch pending jobs
{
  "error": "fetch failed"
}
[2026-01-29T16:11:58.416Z] [ERROR] Failed to fetch pending jobs
{
  "error": "fetch failed"
}
[2026-01-29T16:12:00.416Z] [ERROR] Failed to fetch pending jobs
{
  "error": "fetch failed"
}
[2026-01-29T16:12:02.416Z] [ERROR] Failed to fetch pending jobs
{
  "error": "fetch failed"
}
[2026-01-29T16:12:04.417Z] [ERROR] Failed to fetch pending jobs
{
  "error": "fetch failed"
}
[2026-01-29T16:12:06.416Z] [ERROR] Failed to fetch pending jobs
{
  "error": "fetch failed"
}
[2026-01-29T16:12:08.416Z] [ERROR] Failed to fetch pending jobs
{
  "error": "fetch failed"
}
[2026-01-29T16:12:10.415Z] [ERROR] Failed to fetch pending jobs
{
  "error": "fetch failed"
}
[2026-01-29T16:12:12.415Z] [ERROR] Failed to fetch pending jobs
{
  "error": "fetch failed"
}
[2026-01-29T16:12:14.415Z] [ERROR] Failed to fetch pending jobs
{
  "error": "fetch failed"
}
[2026-01-29T16:12:16.415Z] [ERROR] Failed to fetch pending jobs
{
  "error": "fetch failed"
}
[2026-01-29T16:12:18.415Z] [ERROR] Failed to fetch pending jobs
{
  "error": "fetch failed"
}
[2026-01-29T16:12:20.415Z] [ERROR] Failed to fetch pending jobs
{
  "error": "fetch failed"
}
[2026-01-29T16:12:22.415Z] [ERROR] Failed to fetch pending jobs
{
  "error": "fetch failed"
}
[2026-01-29T16:12:24.415Z] [ERROR] Failed to fetch pending jobs
{
  "error": "fetch failed"
}
[2026-01-29T16:12:26.414Z] [ERROR] Failed to fetch pending jobs
{
  "error": "fetch failed"
}
[2026-01-29T16:12:28.414Z] [ERROR] Failed to fetch pending jobs
{
  "error": "fetch failed"
}
[2026-01-29T16:12:30.414Z] [ERROR] Failed to fetch pending jobs
{
  "error": "fetch failed"
}
[2026-01-29T16:12:32.414Z] [ERROR] Failed to fetch pending jobs
{
  "error": "fetch failed"
}
[2026-01-29T16:12:34.414Z] [ERROR] Failed to fetch pending jobs
{
  "error": "fetch failed"
}
[2026-01-29T16:12:36.414Z] [ERROR] Failed to fetch pending jobs
{
  "error": "fetch failed"
}
[2026-01-29T16:12:38.429Z] [ERROR] Failed to fetch pending jobs
{
  "error": "fetch failed"
}
[2026-01-29T16:12:40.429Z] [ERROR] Failed to fetch pending jobs
{
  "error": "fetch failed"
}
[2026-01-29T16:12:42.429Z] [ERROR] Failed to fetch pending jobs
{
  "error": "fetch failed"
}
[2026-01-29T16:12:44.429Z] [ERROR] Failed to fetch pending jobs
{
  "error": "fetch failed"
}
[2026-01-29T16:12:46.429Z] [ERROR] Failed to fetch pending jobs
{
  "error": "fetch failed"
}
[2026-01-29T16:12:48.429Z] [ERROR] Failed to fetch pending jobs
{
  "error": "fetch failed"
}
[2026-01-29T16:12:50.428Z] [ERROR] Failed to fetch pending jobs
{
  "error": "fetch failed"
}
[2026-01-29T16:12:52.428Z] [ERROR] Failed to fetch pending jobs
{
  "error": "fetch failed"
}
[2026-01-29T16:12:54.428Z] [ERROR] Failed to fetch pending jobs
{
  "error": "fetch failed"
}
[2026-01-29T16:12:56.428Z] [ERROR] Failed to fetch pending jobs
{
  "error": "fetch failed"
}
[2026-01-29T16:12:58.428Z] [ERROR] Failed to fetch pending jobs
{
  "error": "fetch failed"
}
[2026-01-29T16:13:00.428Z] [ERROR] Failed to fetch pending jobs
{
  "error": "fetch failed"
}
[2026-01-29T16:13:02.443Z] [ERROR] Failed to fetch pending jobs
{
  "error": "fetch failed"
}
[2026-01-29T16:13:04.443Z] [ERROR] Failed to fetch pending jobs
{
  "error": "fetch failed"
}
[2026-01-29T16:13:06.443Z] [ERROR] Failed to fetch pending jobs
{
  "error": "fetch failed"
}
[2026-01-29T16:13:08.443Z] [ERROR] Failed to fetch pending jobs
{
  "error": "fetch failed"
}
[2026-01-29T16:13:10.443Z] [ERROR] Failed to fetch pending jobs
{
  "error": "fetch failed"
}
[2026-01-29T16:13:12.443Z] [ERROR] Failed to fetch pending jobs
{
  "error": "fetch failed"
}
[2026-01-29T16:13:14.443Z] [ERROR] Failed to fetch pending jobs
{
  "error": "fetch failed"
}
[2026-01-29T16:13:16.442Z] [ERROR] Failed to fetch pending jobs
{
  "error": "fetch failed"
}
[2026-01-29T16:13:18.442Z] [ERROR] Failed to fetch pending jobs
{
  "error": "fetch failed"
}
[2026-01-29T16:13:20.442Z] [ERROR] Failed to fetch pending jobs
{
  "error": "fetch failed"
}
[2026-01-29T16:13:22.442Z] [ERROR] Failed to fetch pending jobs
{
  "error": "fetch failed"
}
[2026-01-29T16:13:24.458Z] [ERROR] Failed to fetch pending jobs
{
  "error": "fetch failed"
}
[2026-01-29T16:13:26.457Z] [ERROR] Failed to fetch pending jobs
{
  "error": "fetch failed"
}
[2026-01-29T16:13:28.457Z] [ERROR] Failed to fetch pending jobs
{
  "error": "fetch failed"
}
[2026-01-29T16:13:30.457Z] [ERROR] Failed to fetch pending jobs
{
  "error": "fetch failed"
}
[2026-01-29T16:13:32.473Z] [ERROR] Failed to fetch pending jobs
{
  "error": "fetch failed"
}
[2026-01-29T16:13:34.472Z] [ERROR] Failed to fetch pending jobs
{
  "error": "fetch failed"
}
[2026-01-29T16:13:36.472Z] [ERROR] Failed to fetch pending jobs
{
  "error": "fetch failed"
}
[2026-01-29T16:13:38.472Z] [ERROR] Failed to fetch pending jobs
{
  "error": "fetch failed"
}
[2026-01-29T16:13:40.472Z] [ERROR] Failed to fetch pending jobs
{
  "error": "fetch failed"
}
[2026-01-29T16:13:42.472Z] [ERROR] Failed to fetch pending jobs
{
  "error": "fetch failed"
}
[2026-01-29T16:13:44.472Z] [ERROR] Failed to fetch pending jobs
{
  "error": "fetch failed"
}
[2026-01-29T16:13:46.472Z] [ERROR] Failed to fetch pending jobs
{
  "error": "fetch failed"
}
[2026-01-29T16:13:48.472Z] [ERROR] Failed to fetch pending jobs
{
  "error": "fetch failed"
}
[2026-01-29T16:13:50.471Z] [ERROR] Failed to fetch pending jobs
{
  "error": "fetch failed"
}
[2026-01-29T16:13:52.472Z] [ERROR] Failed to fetch pending jobs
{
  "error": "fetch failed"
}
[2026-01-29T16:13:54.487Z] [ERROR] Failed to fetch pending jobs
{
  "error": "fetch failed"
}
[2026-01-29T16:13:56.487Z] [ERROR] Failed to fetch pending jobs
{
  "error": "fetch failed"
}
[2026-01-29T16:13:58.487Z] [ERROR] Failed to fetch pending jobs
{
  "error": "fetch failed"
}
[2026-01-29T16:14:00.486Z] [ERROR] Failed to fetch pending jobs
{
  "error": "fetch failed"
}
[2026-01-29T16:14:02.487Z] [ERROR] Failed to fetch pending jobs
{
  "error": "fetch failed"
}
[2026-01-29T16:14:04.488Z] [ERROR] Failed to fetch pending jobs
{
  "error": "fetch failed"
}
[2026-01-29T16:14:06.487Z] [ERROR] Failed to fetch pending jobs
{
  "error": "fetch failed"
}
[2026-01-29T16:14:08.487Z] [ERROR] Failed to fetch pending jobs
{
  "error": "fetch failed"
}
[2026-01-29T16:14:10.487Z] [ERROR] Failed to fetch pending jobs
{
  "error": "fetch failed"
}
[2026-01-29T16:14:12.488Z] [ERROR] Failed to fetch pending jobs
{
  "error": "fetch failed"
}
[2026-01-29T16:14:14.986Z] [ERROR] Failed to fetch pending jobs
{
  "error": "fetch failed"
}
[2026-01-29T16:14:16.986Z] [ERROR] Failed to fetch pending jobs
{
  "error": "fetch failed"
}
[2026-01-29T16:14:18.985Z] [ERROR] Failed to fetch pending jobs
{
  "error": "fetch failed"
}
[2026-01-29T16:14:20.985Z] [ERROR] Failed to fetch pending jobs
{
  "error": "fetch failed"
}
[2026-01-29T16:14:22.985Z] [ERROR] Failed to fetch pending jobs
{
  "error": "fetch failed"
}
[2026-01-29T16:14:24.985Z] [ERROR] Failed to fetch pending jobs
{
  "error": "fetch failed"
}
[2026-01-29T16:14:26.985Z] [ERROR] Failed to fetch pending jobs
{
  "error": "fetch failed"
}
[2026-01-29T16:14:28.985Z] [ERROR] Failed to fetch pending jobs
{
  "error": "fetch failed"
}
[2026-01-29T16:14:30.985Z] [ERROR] Failed to fetch pending jobs
{
  "error": "fetch failed"
}
[2026-01-29T16:14:32.985Z] [ERROR] Failed to fetch pending jobs
{
  "error": "fetch failed"
}
[2026-01-29T16:14:34.984Z] [ERROR] Failed to fetch pending jobs
{
  "error": "fetch failed"
}
[2026-01-29T16:14:36.984Z] [ERROR] Failed to fetch pending jobs
{
  "error": "fetch failed"
}
[2026-01-29T16:14:38.984Z] [ERROR] Failed to fetch pending jobs
{
  "error": "fetch failed"
}
[2026-01-29T16:14:40.984Z] [ERROR] Failed to fetch pending jobs
{
  "error": "fetch failed"
}
[2026-01-29T16:14:42.984Z] [ERROR] Failed to fetch pending jobs
{
  "error": "fetch failed"
}
[2026-01-29T16:14:44.999Z] [ERROR] Failed to fetch pending jobs
{
  "error": "fetch failed"
}
[2026-01-29T16:14:46.999Z] [ERROR] Failed to fetch pending jobs
{
  "error": "fetch failed"
}
[2026-01-29T16:14:48.999Z] [ERROR] Failed to fetch pending jobs
{
  "error": "fetch failed"
}
[2026-01-29T16:14:50.999Z] [ERROR] Failed to fetch pending jobs
{
  "error": "fetch failed"
}
[2026-01-29T16:14:52.999Z] [ERROR] Failed to fetch pending jobs
{
  "error": "fetch failed"
}
[2026-01-29T16:14:54.998Z] [ERROR] Failed to fetch pending jobs
{
  "error": "fetch failed"
}
[2026-01-29T16:14:56.998Z] [ERROR] Failed to fetch pending jobs
{
  "error": "fetch failed"
}
[2026-01-29T16:14:58.998Z] [ERROR] Failed to fetch pending jobs
{
  "error": "fetch failed"
}
[2026-01-29T16:15:00.998Z] [ERROR] Failed to fetch pending jobs
{
  "error": "fetch failed"
}
[2026-01-29T16:15:02.997Z] [ERROR] Failed to fetch pending jobs
{
  "error": "fetch failed"
}
[2026-01-29T16:15:04.998Z] [ERROR] Failed to fetch pending jobs
{
  "error": "fetch failed"
}
[2026-01-29T16:15:07.013Z] [ERROR] Failed to fetch pending jobs
{
  "error": "fetch failed"
}
[2026-01-29T16:15:09.013Z] [ERROR] Failed to fetch pending jobs
{
  "error": "fetch failed"
}
[2026-01-29T16:15:11.013Z] [ERROR] Failed to fetch pending jobs
{
  "error": "fetch failed"
}
[2026-01-29T16:15:13.013Z] [ERROR] Failed to fetch pending jobs
{
  "error": "fetch failed"
}
[2026-01-29T16:15:15.014Z] [ERROR] Failed to fetch pending jobs
{
  "error": "fetch failed"
}
[2026-01-29T16:15:17.013Z] [ERROR] Failed to fetch pending jobs
{
  "error": "fetch failed"
}
[2026-01-29T16:15:19.013Z] [ERROR] Failed to fetch pending jobs
{
  "error": "fetch failed"
}
[2026-01-29T16:15:21.013Z] [ERROR] Failed to fetch pending jobs
{
  "error": "fetch failed"
}
[2026-01-29T16:15:23.012Z] [ERROR] Failed to fetch pending jobs
{
  "error": "fetch failed"
}
[2026-01-29T16:15:25.012Z] [ERROR] Failed to fetch pending jobs
{
  "error": "fetch failed"
}
[2026-01-29T16:15:27.012Z] [ERROR] Failed to fetch pending jobs
{
  "error": "fetch failed"
}
[2026-01-29T16:15:29.012Z] [ERROR] Failed to fetch pending jobs
{
  "error": "fetch failed"
}
[2026-01-29T16:15:31.012Z] [ERROR] Failed to fetch pending jobs
{
  "error": "fetch failed"
}
[2026-01-29T16:15:33.012Z] [ERROR] Failed to fetch pending jobs
{
  "error": "fetch failed"
}
[2026-01-29T16:15:36.680Z] [ERROR] Failed to fetch pending jobs
{
  "error": "fetch failed"
}
[2026-01-29T16:15:38.680Z] [ERROR] Failed to fetch pending jobs
{
  "error": "fetch failed"
}
[2026-01-29T16:15:40.680Z] [ERROR] Failed to fetch pending jobs
{
  "error": "fetch failed"
}
[2026-01-29T16:15:42.680Z] [ERROR] Failed to fetch pending jobs
{
  "error": "fetch failed"
}
[2026-01-29T16:15:44.680Z] [ERROR] Failed to fetch pending jobs
{
  "error": "fetch failed"
}
[2026-01-29T16:15:46.680Z] [ERROR] Failed to fetch pending jobs
{
  "error": "fetch failed"
}
[2026-01-29T16:15:48.680Z] [ERROR] Failed to fetch pending jobs
{
  "error": "fetch failed"
}
[2026-01-29T16:15:50.680Z] [ERROR] Failed to fetch pending jobs
{
  "error": "fetch failed"
}
[2026-01-29T16:15:52.679Z] [ERROR] Failed to fetch pending jobs
{
  "error": "fetch failed"
}
[2026-01-29T16:15:54.679Z] [ERROR] Failed to fetch pending jobs
{
  "error": "fetch failed"
}
[2026-01-29T16:15:56.679Z] [ERROR] Failed to fetch pending jobs
{
  "error": "fetch failed"
}
[2026-01-29T16:15:58.679Z] [ERROR] Failed to fetch pending jobs
{
  "error": "fetch failed"
}
[2026-01-29T16:16:00.679Z] [ERROR] Failed to fetch pending jobs
{
  "error": "fetch failed"
}
[2026-01-29T16:16:02.679Z] [ERROR] Failed to fetch pending jobs
{
  "error": "fetch failed"
}
[2026-01-29T16:16:04.678Z] [ERROR] Failed to fetch pending jobs
{
  "error": "fetch failed"
}
[2026-01-29T16:16:06.678Z] [ERROR] Failed to fetch pending jobs
{
  "error": "fetch failed"
}
[2026-01-29T16:16:08.678Z] [ERROR] Failed to fetch pending jobs
{
  "error": "fetch failed"
}
[2026-01-29T16:16:10.678Z] [ERROR] Failed to fetch pending jobs
{
  "error": "fetch failed"
}
[2026-01-29T16:16:12.678Z] [ERROR] Failed to fetch pending jobs
{
  "error": "fetch failed"
}
[2026-01-29T16:16:14.678Z] [ERROR] Failed to fetch pending jobs
{
  "error": "fetch failed"
}
[2026-01-29T16:16:16.678Z] [ERROR] Failed to fetch pending jobs
{
  "error": "fetch failed"
}
[2026-01-29T16:16:18.678Z] [ERROR] Failed to fetch pending jobs
{
  "error": "fetch failed"
}
[2026-01-29T16:16:20.678Z] [ERROR] Failed to fetch pending jobs
{
  "error": "fetch failed"
}
[2026-01-29T16:16:22.677Z] [ERROR] Failed to fetch pending jobs
{
  "error": "fetch failed"
}
[2026-01-29T16:16:24.678Z] [ERROR] Failed to fetch pending jobs
{
  "error": "fetch failed"
}
[2026-01-29T16:16:26.678Z] [ERROR] Failed to fetch pending jobs
{
  "error": "fetch failed"
}
[2026-01-29T16:16:28.678Z] [ERROR] Failed to fetch pending jobs
{
  "error": "fetch failed"
}
[2026-01-29T16:16:30.678Z] [ERROR] Failed to fetch pending jobs
{
  "error": "fetch failed"
}
[2026-01-29T16:16:32.678Z] [ERROR] Failed to fetch pending jobs
{
  "error": "fetch failed"
}
[2026-01-29T16:16:34.676Z] [ERROR] Failed to fetch pending jobs
{
  "error": "fetch failed"
}
[2026-01-29T16:16:37.176Z] [ERROR] Failed to fetch pending jobs
{
  "error": "fetch failed"
}
[2026-01-29T16:16:39.176Z] [ERROR] Failed to fetch pending jobs
{
  "error": "fetch failed"
}
[2026-01-29T16:16:41.176Z] [ERROR] Failed to fetch pending jobs
{
  "error": "fetch failed"
}
[2026-01-29T16:16:43.176Z] [ERROR] Failed to fetch pending jobs
{
  "error": "fetch failed"
}
[2026-01-29T16:16:45.176Z] [ERROR] Failed to fetch pending jobs
{
  "error": "fetch failed"
}
[2026-01-29T16:16:47.176Z] [ERROR] Failed to fetch pending jobs
{
  "error": "fetch failed"
}
[2026-01-29T16:16:49.176Z] [ERROR] Failed to fetch pending jobs
{
  "error": "fetch failed"
}
[2026-01-29T16:16:51.175Z] [ERROR] Failed to fetch pending jobs
{
  "error": "fetch failed"
}
[2026-01-29T16:16:53.175Z] [ERROR] Failed to fetch pending jobs
{
  "error": "fetch failed"
}
[2026-01-29T16:16:55.191Z] [ERROR] Failed to fetch pending jobs
{
  "error": "fetch failed"
}
[2026-01-29T16:16:57.191Z] [ERROR] Failed to fetch pending jobs
{
  "error": "fetch failed"
}
[2026-01-29T16:16:59.190Z] [ERROR] Failed to fetch pending jobs
{
  "error": "fetch failed"
}
[2026-01-29T16:17:01.190Z] [ERROR] Failed to fetch pending jobs
{
  "error": "fetch failed"
}
[2026-01-29T16:17:03.190Z] [ERROR] Failed to fetch pending jobs
{
  "error": "fetch failed"
}
[2026-01-29T16:17:05.190Z] [ERROR] Failed to fetch pending jobs
{
  "error": "fetch failed"
}
[2026-01-29T16:17:07.190Z] [ERROR] Failed to fetch pending jobs
{
  "error": "fetch failed"
}
[2026-01-29T16:17:09.190Z] [ERROR] Failed to fetch pending jobs
{
  "error": "fetch failed"
}
[2026-01-29T16:17:11.190Z] [ERROR] Failed to fetch pending jobs
{
  "error": "fetch failed"
}
[2026-01-29T16:17:13.190Z] [ERROR] Failed to fetch pending jobs
{
  "error": "fetch failed"
}
[2026-01-29T16:17:15.189Z] [ERROR] Failed to fetch pending jobs
{
  "error": "fetch failed"
}
[2026-01-29T16:17:17.189Z] [ERROR] Failed to fetch pending jobs
{
  "error": "fetch failed"
}
[2026-01-29T16:17:19.205Z] [ERROR] Failed to fetch pending jobs
{
  "error": "fetch failed"
}
[2026-01-29T16:17:21.205Z] [ERROR] Failed to fetch pending jobs
{
  "error": "fetch failed"
}
[2026-01-29T16:17:23.205Z] [ERROR] Failed to fetch pending jobs
{
  "error": "fetch failed"
}
[2026-01-29T16:17:25.204Z] [ERROR] Failed to fetch pending jobs
{
  "error": "fetch failed"
}
[2026-01-29T16:17:27.204Z] [ERROR] Failed to fetch pending jobs
{
  "error": "fetch failed"
}
[2026-01-29T16:17:29.220Z] [ERROR] Failed to fetch pending jobs
{
  "error": "fetch failed"
}
[2026-01-29T16:17:31.220Z] [ERROR] Failed to fetch pending jobs
{
  "error": "fetch failed"
}
[2026-01-29T16:17:33.220Z] [ERROR] Failed to fetch pending jobs
{
  "error": "fetch failed"
}
[2026-01-29T16:17:35.219Z] [ERROR] Failed to fetch pending jobs
{
  "error": "fetch failed"
}
[2026-01-29T16:17:37.219Z] [ERROR] Failed to fetch pending jobs
{
  "error": "fetch failed"
}
[2026-01-29T16:17:39.219Z] [ERROR] Failed to fetch pending jobs
{
  "error": "fetch failed"
}
[2026-01-29T16:17:41.219Z] [ERROR] Failed to fetch pending jobs
{
  "error": "fetch failed"
}
[2026-01-29T16:17:43.219Z] [ERROR] Failed to fetch pending jobs
{
  "error": "fetch failed"
}
[2026-01-29T16:17:45.219Z] [ERROR] Failed to fetch pending jobs
{
  "error": "fetch failed"
}
[2026-01-29T16:17:47.219Z] [ERROR] Failed to fetch pending jobs
{
  "error": "fetch failed"
}
[2026-01-29T16:17:49.219Z] [ERROR] Failed to fetch pending jobs
{
  "error": "fetch failed"
}
[2026-01-29T16:17:51.219Z] [ERROR] Failed to fetch pending jobs
{
  "error": "fetch failed"
}
[2026-01-29T16:17:53.218Z] [ERROR] Failed to fetch pending jobs
{
  "error": "fetch failed"
}
[2026-01-29T16:17:55.218Z] [ERROR] Failed to fetch pending jobs
{
  "error": "fetch failed"
}
[2026-01-29T16:17:57.218Z] [ERROR] Failed to fetch pending jobs
{
  "error": "fetch failed"
}
[2026-01-29T16:17:59.218Z] [ERROR] Failed to fetch pending jobs
{
  "error": "fetch failed"
}
[2026-01-29T16:18:01.218Z] [ERROR] Failed to fetch pending jobs
{
  "error": "fetch failed"
}
[2026-01-29T16:18:03.218Z] [ERROR] Failed to fetch pending jobs
{
  "error": "fetch failed"
}
[2026-01-29T16:18:05.218Z] [ERROR] Failed to fetch pending jobs
{
  "error": "fetch failed"
}
[2026-01-29T16:18:07.217Z] [ERROR] Failed to fetch pending jobs
{
  "error": "fetch failed"
}
[2026-01-29T16:18:09.217Z] [ERROR] Failed to fetch pending jobs
{
  "error": "fetch failed"
}
[2026-01-29T16:18:11.217Z] [ERROR] Failed to fetch pending jobs
{
  "error": "fetch failed"
}
[2026-01-29T16:18:13.233Z] [ERROR] Failed to fetch pending jobs
{
  "error": "fetch failed"
}
[2026-01-29T16:18:15.233Z] [ERROR] Failed to fetch pending jobs
{
  "error": "fetch failed"
}
[2026-01-29T16:18:17.232Z] [ERROR] Failed to fetch pending jobs
{
  "error": "fetch failed"
}
[2026-01-29T16:18:19.232Z] [ERROR] Failed to fetch pending jobs
{
  "error": "fetch failed"
}
[2026-01-29T16:18:21.232Z] [ERROR] Failed to fetch pending jobs
{
  "error": "fetch failed"
}
[2026-01-29T16:18:23.232Z] [ERROR] Failed to fetch pending jobs
{
  "error": "fetch failed"
}
[2026-01-29T16:18:25.232Z] [ERROR] Failed to fetch pending jobs
{
  "error": "fetch failed"
}
[2026-01-29T16:18:27.232Z] [ERROR] Failed to fetch pending jobs
{
  "error": "fetch failed"
}
[2026-01-29T16:18:29.232Z] [ERROR] Failed to fetch pending jobs
{
  "error": "fetch failed"
}
[2026-01-29T16:18:31.232Z] [ERROR] Failed to fetch pending jobs
{
  "error": "fetch failed"
}
[2026-01-29T16:18:33.235Z] [ERROR] Failed to fetch pending jobs
{
  "error": "fetch failed"
}
[2026-01-29T16:18:35.232Z] [ERROR] Failed to fetch pending jobs
{
  "error": "fetch failed"
}
[2026-01-29T16:18:37.231Z] [ERROR] Failed to fetch pending jobs
{
  "error": "fetch failed"
}
[2026-01-29T16:18:39.231Z] [ERROR] Failed to fetch pending jobs
{
  "error": "fetch failed"
}
[2026-01-29T16:18:41.231Z] [ERROR] Failed to fetch pending jobs
{
  "error": "fetch failed"
}
[2026-01-29T16:18:43.730Z] [ERROR] Failed to fetch pending jobs
{
  "error": "fetch failed"
}
[2026-01-29T16:18:45.730Z] [ERROR] Failed to fetch pending jobs
{
  "error": "fetch failed"
}
[2026-01-29T16:18:47.729Z] [ERROR] Failed to fetch pending jobs
{
  "error": "fetch failed"
}
[2026-01-29T16:18:49.729Z] [ERROR] Failed to fetch pending jobs
{
  "error": "fetch failed"
}
[2026-01-29T16:18:51.729Z] [ERROR] Failed to fetch pending jobs
{
  "error": "fetch failed"
}
[2026-01-29T16:18:53.745Z] [ERROR] Failed to fetch pending jobs
{
  "error": "fetch failed"
}
[2026-01-29T16:18:55.744Z] [ERROR] Failed to fetch pending jobs
{
  "error": "fetch failed"
}
[2026-01-29T16:18:57.744Z] [ERROR] Failed to fetch pending jobs
{
  "error": "fetch failed"
}
[2026-01-29T16:18:59.801Z] [ERROR] Failed to fetch pending jobs
{
  "error": "fetch failed"
}
[2026-01-29T16:19:01.925Z] [ERROR] Failed to fetch pending jobs
{
  "error": "fetch failed"
}
[2026-01-29T16:19:03.950Z] [ERROR] Failed to fetch pending jobs
{
  "error": "fetch failed"
}
[2026-01-29T16:19:05.962Z] [ERROR] Failed to fetch pending jobs
{
  "error": "fetch failed"
}
[2026-01-29T16:19:07.991Z] [ERROR] Failed to fetch pending jobs
{
  "error": "fetch failed"
}
[2026-01-29T16:19:10.001Z] [ERROR] Failed to fetch pending jobs
{
  "error": "fetch failed"
}
[2026-01-29T16:19:11.525Z] [ERROR] Failed to fetch pending jobs
{
  "error": "fetch failed"
}
[2026-01-29T16:19:13.549Z] [ERROR] Failed to fetch pending jobs
{
  "error": "fetch failed"
}
[2026-01-29T16:19:15.556Z] [ERROR] Failed to fetch pending jobs
{
  "error": "fetch failed"
}
[2026-01-29T16:19:17.588Z] [ERROR] Failed to fetch pending jobs
{
  "error": "fetch failed"
}
[2026-01-29T16:19:19.602Z] [ERROR] Failed to fetch pending jobs
{
  "error": "fetch failed"
}
[2026-01-29T16:19:21.618Z] [ERROR] Failed to fetch pending jobs
{
  "error": "fetch failed"
}
[2026-01-29T16:19:23.625Z] [ERROR] Failed to fetch pending jobs
{
  "error": "fetch failed"
}
[2026-01-29T16:19:25.629Z] [ERROR] Failed to fetch pending jobs
{
  "error": "fetch failed"
}
[2026-01-29T16:19:27.645Z] [ERROR] Failed to fetch pending jobs
{
  "error": "fetch failed"
}
[2026-01-29T16:19:29.658Z] [ERROR] Failed to fetch pending jobs
{
  "error": "fetch failed"
}
[2026-01-29T16:19:31.676Z] [ERROR] Failed to fetch pending jobs
{
  "error": "fetch failed"
}
[2026-01-29T16:19:33.687Z] [ERROR] Failed to fetch pending jobs
{
  "error": "fetch failed"
}
[2026-01-29T16:19:35.709Z] [ERROR] Failed to fetch pending jobs
{
  "error": "fetch failed"
}
[2026-01-29T16:19:37.728Z] [ERROR] Failed to fetch pending jobs
{
  "error": "fetch failed"
}
[2026-01-29T16:19:39.761Z] [ERROR] Failed to fetch pending jobs
{
  "error": "fetch failed"
}
[2026-01-29T16:19:41.771Z] [ERROR] Failed to fetch pending jobs
{
  "error": "fetch failed"
}
[2026-01-29T16:19:43.800Z] [ERROR] Failed to fetch pending jobs
{
  "error": "fetch failed"
}
[2026-01-29T16:19:45.842Z] [ERROR] Failed to fetch pending jobs
{
  "error": "fetch failed"
}
[2026-01-29T16:19:47.846Z] [ERROR] Failed to fetch pending jobs
{
  "error": "fetch failed"
}
[2026-01-29T16:19:49.848Z] [ERROR] Failed to fetch pending jobs
{
  "error": "fetch failed"
}
[2026-01-29T16:19:51.876Z] [ERROR] Failed to fetch pending jobs
{
  "error": "fetch failed"
}
[2026-01-29T16:19:53.880Z] [ERROR] Failed to fetch pending jobs
{
  "error": "fetch failed"
}
[2026-01-29T16:19:55.897Z] [ERROR] Failed to fetch pending jobs
{
  "error": "fetch failed"
}
[2026-01-29T16:19:57.930Z] [ERROR] Failed to fetch pending jobs
{
  "error": "fetch failed"
}
[2026-01-29T16:19:59.944Z] [ERROR] Failed to fetch pending jobs
{
  "error": "fetch failed"
}
[2026-01-29T16:20:01.964Z] [ERROR] Failed to fetch pending jobs
{
  "error": "fetch failed"
}
[2026-01-29T16:20:03.993Z] [ERROR] Failed to fetch pending jobs
{
  "error": "fetch failed"
}
[2026-01-29T16:20:06.010Z] [ERROR] Failed to fetch pending jobs
{
  "error": "fetch failed"
}
[2026-01-29T16:20:08.020Z] [ERROR] Failed to fetch pending jobs
{
  "error": "fetch failed"
}
[2026-01-29T16:20:10.033Z] [ERROR] Failed to fetch pending jobs
{
  "error": "fetch failed"
}
[2026-01-29T16:20:12.057Z] [ERROR] Failed to fetch pending jobs
{
  "error": "fetch failed"
}
[2026-01-29T16:20:14.123Z] [ERROR] Failed to fetch pending jobs
{
  "error": "fetch failed"
}
[2026-01-29T16:20:16.142Z] [ERROR] Failed to fetch pending jobs
{
  "error": "fetch failed"
}
[2026-01-29T16:20:18.161Z] [ERROR] Failed to fetch pending jobs
{
  "error": "fetch failed"
}
[2026-01-29T16:20:20.176Z] [ERROR] Failed to fetch pending jobs
{
  "error": "fetch failed"
}
[2026-01-29T16:20:22.204Z] [ERROR] Failed to fetch pending jobs
{
  "error": "fetch failed"
}
[2026-01-29T16:20:23.714Z] [ERROR] Failed to fetch pending jobs
{
  "error": "fetch failed"
}
[2026-01-29T16:20:25.721Z] [ERROR] Failed to fetch pending jobs
{
  "error": "fetch failed"
}
[2026-01-29T16:20:27.720Z] [ERROR] Failed to fetch pending jobs
{
  "error": "fetch failed"
}
[2026-01-29T16:20:29.720Z] [ERROR] Failed to fetch pending jobs
{
  "error": "fetch failed"
}
[2026-01-29T16:20:31.720Z] [ERROR] Failed to fetch pending jobs
{
  "error": "fetch failed"
}
[2026-01-29T16:20:33.720Z] [ERROR] Failed to fetch pending jobs
{
  "error": "fetch failed"
}
[2026-01-29T16:20:35.735Z] [ERROR] Failed to fetch pending jobs
{
  "error": "fetch failed"
}
[2026-01-29T16:20:37.734Z] [ERROR] Failed to fetch pending jobs
{
  "error": "fetch failed"
}
[2026-01-29T16:20:39.735Z] [ERROR] Failed to fetch pending jobs
{
  "error": "fetch failed"
}
[2026-01-29T16:20:41.734Z] [ERROR] Failed to fetch pending jobs
{
  "error": "fetch failed"
}
[2026-01-29T16:20:43.734Z] [ERROR] Failed to fetch pending jobs
{
  "error": "fetch failed"
}
[2026-01-29T16:20:45.734Z] [ERROR] Failed to fetch pending jobs
{
  "error": "fetch failed"
}
[2026-01-29T16:20:47.734Z] [ERROR] Failed to fetch pending jobs
{
  "error": "fetch failed"
}
[2026-01-29T16:20:49.734Z] [ERROR] Failed to fetch pending jobs
{
  "error": "fetch failed"
}
[2026-01-29T16:20:51.733Z] [ERROR] Failed to fetch pending jobs
{
  "error": "fetch failed"
}
[2026-01-29T16:20:53.733Z] [ERROR] Failed to fetch pending jobs
{
  "error": "fetch failed"
}
[2026-01-29T16:20:55.741Z] [ERROR] Failed to fetch pending jobs
{
  "error": "fetch failed"
}
[2026-01-29T16:20:57.760Z] [ERROR] Failed to fetch pending jobs
{
  "error": "fetch failed"
}
[2026-01-29T16:20:59.775Z] [ERROR] Failed to fetch pending jobs
{
  "error": "fetch failed"
}
[2026-01-29T16:21:01.782Z] [ERROR] Failed to fetch pending jobs
{
  "error": "fetch failed"
}
[2026-01-29T16:21:03.794Z] [ERROR] Failed to fetch pending jobs
{
  "error": "fetch failed"
}
[2026-01-29T16:21:05.795Z] [ERROR] Failed to fetch pending jobs
{
  "error": "fetch failed"
}
[2026-01-29T16:21:07.815Z] [ERROR] Failed to fetch pending jobs
{
  "error": "fetch failed"
}
[2026-01-29T16:21:09.834Z] [ERROR] Failed to fetch pending jobs
{
  "error": "fetch failed"
}
[2026-01-29T16:21:11.836Z] [ERROR] Failed to fetch pending jobs
{
  "error": "fetch failed"
}
[2026-01-29T16:21:13.835Z] [ERROR] Failed to fetch pending jobs
{
  "error": "fetch failed"
}
[2026-01-29T16:21:15.839Z] [ERROR] Failed to fetch pending jobs
{
  "error": "fetch failed"
}
[2026-01-29T16:21:17.854Z] [ERROR] Failed to fetch pending jobs
{
  "error": "fetch failed"
}
[2026-01-29T16:21:19.884Z] [ERROR] Failed to fetch pending jobs
{
  "error": "fetch failed"
}
[2026-01-29T16:21:21.918Z] [ERROR] Failed to fetch pending jobs
{
  "error": "fetch failed"
}
[2026-01-29T16:21:23.939Z] [ERROR] Failed to fetch pending jobs
{
  "error": "fetch failed"
}
[2026-01-29T16:21:25.983Z] [ERROR] Failed to fetch pending jobs
{
  "error": "fetch failed"
}
[2026-01-29T16:21:28.012Z] [ERROR] Failed to fetch pending jobs
{
  "error": "fetch failed"
}
[2026-01-29T16:21:30.028Z] [ERROR] Failed to fetch pending jobs
{
  "error": "fetch failed"
}
[2026-01-29T16:21:32.060Z] [ERROR] Failed to fetch pending jobs
{
  "error": "fetch failed"
}
[2026-01-29T16:21:34.073Z] [ERROR] Failed to fetch pending jobs
{
  "error": "fetch failed"
}
[2026-01-29T16:21:36.089Z] [ERROR] Failed to fetch pending jobs
{
  "error": "fetch failed"
}
[2026-01-29T16:21:38.095Z] [ERROR] Failed to fetch pending jobs
{
  "error": "fetch failed"
}
[2026-01-29T16:21:40.105Z] [ERROR] Failed to fetch pending jobs
{
  "error": "fetch failed"
}
[2026-01-29T16:21:42.124Z] [ERROR] Failed to fetch pending jobs
{
  "error": "fetch failed"
}
[2026-01-29T16:21:44.132Z] [ERROR] Failed to fetch pending jobs
{
  "error": "fetch failed"
}
[2026-01-29T16:21:46.150Z] [ERROR] Failed to fetch pending jobs
{
  "error": "fetch failed"
}
[2026-01-29T16:21:48.159Z] [ERROR] Failed to fetch pending jobs
{
  "error": "fetch failed"
}
[2026-01-29T16:21:50.166Z] [ERROR] Failed to fetch pending jobs
{
  "error": "fetch failed"
}
[2026-01-29T16:21:52.174Z] [ERROR] Failed to fetch pending jobs
{
  "error": "fetch failed"
}
[2026-01-29T16:21:54.191Z] [ERROR] Failed to fetch pending jobs
{
  "error": "fetch failed"
}
[2026-01-29T16:21:56.201Z] [ERROR] Failed to fetch pending jobs
{
  "error": "fetch failed"
}
[2026-01-29T16:21:58.217Z] [ERROR] Failed to fetch pending jobs
{
  "error": "fetch failed"
}
[2026-01-29T16:22:00.248Z] [ERROR] Failed to fetch pending jobs
{
  "error": "fetch failed"
}
[2026-01-29T16:22:02.262Z] [ERROR] Failed to fetch pending jobs
{
  "error": "fetch failed"
}
[2026-01-29T16:22:04.270Z] [ERROR] Failed to fetch pending jobs
{
  "error": "fetch failed"
}
[2026-01-29T16:22:06.297Z] [ERROR] Failed to fetch pending jobs
{
  "error": "fetch failed"
}
[2026-01-29T16:22:08.318Z] [ERROR] Failed to fetch pending jobs
{
  "error": "fetch failed"
}
[2026-01-29T16:22:10.358Z] [ERROR] Failed to fetch pending jobs
{
  "error": "fetch failed"
}
[2026-01-29T16:22:12.419Z] [ERROR] Failed to fetch pending jobs
{
  "error": "fetch failed"
}
[2026-01-29T16:22:14.522Z] [ERROR] Failed to fetch pending jobs
{
  "error": "fetch failed"
}
[2026-01-29T16:22:16.538Z] [ERROR] Failed to fetch pending jobs
{
  "error": "fetch failed"
}
[2026-01-29T16:22:18.536Z] [ERROR] Failed to fetch pending jobs
{
  "error": "fetch failed"
}
[2026-01-29T16:22:20.536Z] [ERROR] Failed to fetch pending jobs
{
  "error": "fetch failed"
}
[2026-01-29T16:22:22.536Z] [ERROR] Failed to fetch pending jobs
{
  "error": "fetch failed"
}
[2026-01-29T16:22:24.036Z] [ERROR] Failed to fetch pending jobs
{
  "error": "fetch failed"
}
[2026-01-29T16:22:26.035Z] [ERROR] Failed to fetch pending jobs
{
  "error": "fetch failed"
}
[2026-01-29T16:22:28.035Z] [ERROR] Failed to fetch pending jobs
{
  "error": "fetch failed"
}
[2026-01-29T16:22:30.035Z] [ERROR] Failed to fetch pending jobs
{
  "error": "fetch failed"
}
[2026-01-29T16:22:32.036Z] [ERROR] Failed to fetch pending jobs
{
  "error": "fetch failed"
}
[2026-01-29T16:22:34.035Z] [ERROR] Failed to fetch pending jobs
{
  "error": "fetch failed"
}
[2026-01-29T16:22:36.035Z] [ERROR] Failed to fetch pending jobs
{
  "error": "fetch failed"
}
[2026-01-29T16:22:38.035Z] [ERROR] Failed to fetch pending jobs
{
  "error": "fetch failed"
}
[2026-01-29T16:22:40.034Z] [ERROR] Failed to fetch pending jobs
{
  "error": "fetch failed"
}
[2026-01-29T16:22:42.033Z] [ERROR] Failed to fetch pending jobs
{
  "error": "fetch failed"
}
[2026-01-29T16:22:44.532Z] [ERROR] Failed to fetch pending jobs
{
  "error": "fetch failed"
}
[2026-01-29T16:22:46.531Z] [ERROR] Failed to fetch pending jobs
{
  "error": "fetch failed"
}
[2026-01-29T16:22:48.532Z] [ERROR] Failed to fetch pending jobs
{
  "error": "fetch failed"
}
[2026-01-29T16:22:50.532Z] [ERROR] Failed to fetch pending jobs
{
  "error": "fetch failed"
}
[2026-01-29T16:22:52.539Z] [ERROR] Failed to fetch pending jobs
{
  "error": "fetch failed"
}
[2026-01-29T16:22:54.547Z] [ERROR] Failed to fetch pending jobs
{
  "error": "fetch failed"
}
[2026-01-29T16:22:56.565Z] [ERROR] Failed to fetch pending jobs
{
  "error": "fetch failed"
}
[2026-01-29T16:22:58.584Z] [ERROR] Failed to fetch pending jobs
{
  "error": "fetch failed"
}
[2026-01-29T16:23:00.608Z] [ERROR] Failed to fetch pending jobs
{
  "error": "fetch failed"
}
[2026-01-29T16:23:02.641Z] [ERROR] Failed to fetch pending jobs
{
  "error": "fetch failed"
}
[2026-01-29T16:23:04.687Z] [ERROR] Failed to fetch pending jobs
{
  "error": "fetch failed"
}
[2026-01-29T16:23:06.687Z] [ERROR] Failed to fetch pending jobs
{
  "error": "fetch failed"
}
[2026-01-29T16:23:08.687Z] [ERROR] Failed to fetch pending jobs
{
  "error": "fetch failed"
}
[2026-01-29T16:23:10.187Z] [ERROR] Failed to fetch pending jobs
{
  "error": "fetch failed"
}
[2026-01-29T16:23:12.186Z] [ERROR] Failed to fetch pending jobs
{
  "error": "fetch failed"
}
[2026-01-29T16:23:14.186Z] [ERROR] Failed to fetch pending jobs
{
  "error": "fetch failed"
}
[2026-01-29T16:23:16.186Z] [ERROR] Failed to fetch pending jobs
{
  "error": "fetch failed"
}
[2026-01-29T16:23:18.186Z] [ERROR] Failed to fetch pending jobs
{
  "error": "fetch failed"
}
[2026-01-29T16:23:20.186Z] [ERROR] Failed to fetch pending jobs
{
  "error": "fetch failed"
}
[2026-01-29T16:23:22.201Z] [ERROR] Failed to fetch pending jobs
{
  "error": "fetch failed"
}
[2026-01-29T16:23:24.201Z] [ERROR] Failed to fetch pending jobs
{
  "error": "fetch failed"
}
[2026-01-29T16:23:26.201Z] [ERROR] Failed to fetch pending jobs
{
  "error": "fetch failed"
}
[2026-01-29T16:23:28.201Z] [ERROR] Failed to fetch pending jobs
{
  "error": "fetch failed"
}
[2026-01-29T16:23:30.201Z] [ERROR] Failed to fetch pending jobs
{
  "error": "fetch failed"
}
[2026-01-29T16:23:32.217Z] [ERROR] Failed to fetch pending jobs
{
  "error": "fetch failed"
}
[2026-01-29T16:23:34.224Z] [ERROR] Failed to fetch pending jobs
{
  "error": "fetch failed"
}
[2026-01-29T16:23:36.238Z] [ERROR] Failed to fetch pending jobs
{
  "error": "fetch failed"
}
[2026-01-29T16:23:38.280Z] [ERROR] Failed to fetch pending jobs
{
  "error": "fetch failed"
}
[2026-01-29T16:23:40.303Z] [ERROR] Failed to fetch pending jobs
{
  "error": "fetch failed"
}
[2026-01-29T16:23:42.319Z] [ERROR] Failed to fetch pending jobs
{
  "error": "fetch failed"
}
[2026-01-29T16:23:44.357Z] [ERROR] Failed to fetch pending jobs
{
  "error": "fetch failed"
}
[2026-01-29T16:23:46.407Z] [ERROR] Failed to fetch pending jobs
{
  "error": "fetch failed"
}
[2026-01-29T16:23:48.442Z] [ERROR] Failed to fetch pending jobs
{
  "error": "fetch failed"
}
[2026-01-29T16:23:50.479Z] [ERROR] Failed to fetch pending jobs
{
  "error": "fetch failed"
}
[2026-01-29T16:23:52.517Z] [ERROR] Failed to fetch pending jobs
{
  "error": "fetch failed"
}
[2026-01-29T16:23:54.551Z] [ERROR] Failed to fetch pending jobs
{
  "error": "fetch failed"
}
[2026-01-29T16:23:56.591Z] [ERROR] Failed to fetch pending jobs
{
  "error": "fetch failed"
}
[2026-01-29T16:23:58.612Z] [ERROR] Failed to fetch pending jobs
{
  "error": "fetch failed"
}
[2026-01-29T16:24:00.636Z] [ERROR] Failed to fetch pending jobs
{
  "error": "fetch failed"
}
[2026-01-29T16:24:02.665Z] [ERROR] Failed to fetch pending jobs
{
  "error": "fetch failed"
}
[2026-01-29T16:24:04.528Z] [INFO] Print server shutting down...
[2026-01-29T16:24:42.887Z] [INFO] Print server starting...
[2026-01-29T16:24:42.889Z] [INFO] API: https://kamikuralk.online/api
[2026-01-29T16:24:42.890Z] [INFO] Poll interval: 2000ms
[2026-01-29T16:24:42.890Z] [INFO] Retry interval: 30000ms
[2026-01-29T16:24:42.891Z] [INFO] ✓ Print server running. Press Ctrl+C to stop.
[2026-01-29T16:24:53.689Z] [ERROR] Failed to fetch pending jobs
{
  "error": "fetch failed"
}
[2026-01-29T16:24:55.210Z] [ERROR] Failed to fetch pending jobs
{
  "error": "fetch failed"
}
[2026-01-29T16:24:57.237Z] [ERROR] Failed to fetch pending jobs
{
  "error": "fetch failed"
}
[2026-01-29T16:27:28.072Z] [INFO] Print server starting...
[2026-01-29T16:27:28.074Z] [INFO] API: https://kamikuralk.online/api
[2026-01-29T16:27:28.075Z] [INFO] Poll interval: 2000ms
[2026-01-29T16:27:28.075Z] [INFO] Retry interval: 30000ms
[2026-01-29T16:27:28.076Z] [INFO] ✓ Print server running. Press Ctrl+C to stop.
[2026-01-29T16:27:38.850Z] [ERROR] Failed to fetch pending jobs
{
  "error": "fetch failed"
}
[2026-01-29T16:27:40.361Z] [ERROR] Failed to fetch pending jobs
{
  "error": "fetch failed"
}
[2026-01-29T16:27:42.386Z] [ERROR] Failed to fetch pending jobs
{
  "error": "fetch failed"
}
[2026-01-29T16:27:44.413Z] [ERROR] Failed to fetch pending jobs
{
  "error": "fetch failed"
}
[2026-01-29T16:30:55.567Z] [INFO] Print server starting...
[2026-01-29T16:30:55.569Z] [INFO] API: https://kamikuralk.online/api
[2026-01-29T16:30:55.570Z] [INFO] Poll interval: 2000ms
[2026-01-29T16:30:55.571Z] [INFO] Retry interval: 30000ms
[2026-01-29T16:30:55.573Z] [INFO] ✓ Print server running. Press Ctrl+C to stop.
[2026-01-29T16:31:01.379Z] [INFO] Found 1 pending job(s)
[2026-01-29T16:31:01.380Z] [INFO] Found 1 pending job(s)
[2026-01-29T16:31:01.381Z] [INFO] Processing job 886 (receipt) for Customer Receipt
[2026-01-29T16:31:01.388Z] [INFO] Found 1 pending job(s)
[2026-01-29T16:31:01.389Z] [INFO] Found 1 pending job(s)
[2026-01-29T16:31:01.389Z] [INFO] Processing job 886 (receipt) for Customer Receipt
[2026-01-29T16:31:01.398Z] [INFO] Found 1 pending job(s)
[2026-01-29T16:31:01.399Z] [INFO] Found 1 pending job(s)
[2026-01-29T16:31:01.400Z] [INFO] Processing job 886 (receipt) for Customer Receipt
[2026-01-29T16:31:02.153Z] [INFO] Connecting to network printer: 192.168.123.102:9100
[2026-01-29T16:31:02.169Z] [WARN] Failed to update job 886 status
{
  "success": false,
  "error": "Job not found or already updated"
}
[2026-01-29T16:31:02.171Z] [INFO] Connecting to network printer: 192.168.123.102:9100
[2026-01-29T16:31:02.455Z] [WARN] Failed to update job 886 status
{
  "success": false,
  "error": "Job not found or already updated"
}
[2026-01-29T16:31:02.462Z] [INFO] Connecting to network printer: 192.168.123.102:9100
[2026-01-29T16:31:02.519Z] [INFO] ✓ Job 886 printed successfully
[2026-01-29T16:31:02.523Z] [WARN] Failed to update job 886 status
{
  "success": false,
  "error": "Job not found or already updated"
}
[2026-01-29T16:31:02.525Z] [INFO] ✓ Job 886 printed successfully
[2026-01-29T16:31:02.738Z] [WARN] Failed to update job 886 status
{
  "success": false,
  "error": "Job not found or already updated"
}
[2026-01-29T16:31:02.742Z] [INFO] ✓ Job 886 printed successfully
[2026-01-29T16:33:10.769Z] [INFO] Print server starting...
[2026-01-29T16:33:10.771Z] [INFO] API: https://kamikuralk.online/api
[2026-01-29T16:33:10.771Z] [INFO] Poll interval: 2000ms
[2026-01-29T16:33:10.772Z] [INFO] Retry interval: 30000ms
[2026-01-29T16:33:10.772Z] [INFO] ✓ Print server running. Press Ctrl+C to stop.
[2026-01-29T16:33:11.693Z] [INFO] Found 1 pending job(s)
[2026-01-29T16:33:11.694Z] [INFO] Found 1 pending job(s)
[2026-01-29T16:33:11.695Z] [INFO] Processing job 889 (receipt) for Customer Receipt
[2026-01-29T16:33:12.984Z] [INFO] Connecting to network printer: 192.168.123.102:9100
[2026-01-29T16:33:13.343Z] [INFO] ✓ Job 889 printed successfully
[2026-01-29T16:33:53.378Z] [INFO] Found 1 pending job(s)
[2026-01-29T16:33:53.379Z] [INFO] Found 1 pending job(s)
[2026-01-29T16:33:53.379Z] [INFO] Processing job 889 (receipt) for Customer Receipt
[2026-01-29T16:33:54.187Z] [INFO] Connecting to network printer: 192.168.123.102:9100
[2026-01-29T16:33:54.470Z] [INFO] ✓ Job 889 printed successfully
[2026-01-29T16:35:35.746Z] [INFO] Found 1 pending job(s)
[2026-01-29T16:35:35.747Z] [INFO] Found 1 pending job(s)
[2026-01-29T16:35:35.748Z] [INFO] Processing job 889 (receipt) for Customer Receipt
[2026-01-29T16:35:36.560Z] [INFO] Connecting to network printer: 192.168.123.102:9100
[2026-01-29T16:35:36.874Z] [INFO] ✓ Job 889 printed successfully
[2026-01-30T04:22:55.603Z] [INFO] Print server starting...
[2026-01-30T04:22:55.609Z] [INFO] API: https://kamikuralk.online/api
[2026-01-30T04:22:55.610Z] [INFO] Poll interval: 2000ms
[2026-01-30T04:22:55.611Z] [INFO] Retry interval: 30000ms
[2026-01-30T04:22:55.613Z] [INFO] ✓ Print server running. Press Ctrl+C to stop.
[2026-01-30T06:06:14.988Z] [ERROR] Failed to fetch pending jobs
{
  "error": "HTTP 500: Internal Server Error"
}
[2026-01-30T06:06:16.993Z] [ERROR] Failed to fetch pending jobs
{
  "error": "HTTP 500: Internal Server Error"
}
[2026-01-30T07:33:50.917Z] [INFO] Found 1 pending job(s)
[2026-01-30T07:33:50.918Z] [INFO] Found 1 pending job(s)
[2026-01-30T07:33:50.919Z] [INFO] Processing job 896 (kot) for Kitchen Printer
[2026-01-30T07:33:52.449Z] [INFO] Connecting to network printer: 192.168.123.101:9100
[2026-01-30T07:33:52.844Z] [INFO] ✓ Job 896 printed successfully
[2026-01-30T07:38:03.798Z] [INFO] Found 1 pending job(s)
[2026-01-30T07:38:03.799Z] [INFO] Found 1 pending job(s)
[2026-01-30T07:38:03.800Z] [INFO] Processing job 897 (kot) for Kitchen Printer
[2026-01-30T07:38:04.685Z] [INFO] Connecting to network printer: 192.168.123.101:9100
[2026-01-30T07:38:04.989Z] [INFO] ✓ Job 897 printed successfully
[2026-01-30T07:41:34.549Z] [INFO] Found 1 pending job(s)
[2026-01-30T07:41:34.550Z] [INFO] Found 1 pending job(s)
[2026-01-30T07:41:34.550Z] [INFO] Processing job 898 (kot) for Kitchen Printer
[2026-01-30T07:41:35.409Z] [INFO] Connecting to network printer: 192.168.123.101:9100
[2026-01-30T07:41:35.711Z] [INFO] ✓ Job 898 printed successfully
[2026-01-30T07:52:26.633Z] [INFO] Found 1 pending job(s)
[2026-01-30T07:52:26.634Z] [INFO] Found 1 pending job(s)
[2026-01-30T07:52:26.635Z] [INFO] Processing job 899 (kot) for Kitchen Printer
[2026-01-30T07:52:27.491Z] [INFO] Connecting to network printer: 192.168.123.101:9100
[2026-01-30T07:52:27.801Z] [INFO] ✓ Job 899 printed successfully
[2026-01-30T07:58:35.827Z] [INFO] Found 1 pending job(s)
[2026-01-30T07:58:35.829Z] [INFO] Found 1 pending job(s)
[2026-01-30T07:58:35.830Z] [INFO] Processing job 900 (receipt) for Customer Receipt
[2026-01-30T07:58:36.701Z] [INFO] Connecting to network printer: 192.168.123.102:9100
[2026-01-30T07:58:37.010Z] [INFO] ✓ Job 900 printed successfully
[2026-01-30T08:00:48.262Z] [INFO] Found 1 pending job(s)
[2026-01-30T08:00:48.263Z] [INFO] Found 1 pending job(s)
[2026-01-30T08:00:48.264Z] [INFO] Processing job 901 (receipt) for Customer Receipt
[2026-01-30T08:00:49.118Z] [INFO] Connecting to network printer: 192.168.123.102:9100
[2026-01-30T08:00:49.417Z] [INFO] ✓ Job 901 printed successfully
[2026-01-30T08:15:46.814Z] [INFO] Found 1 pending job(s)
[2026-01-30T08:15:46.816Z] [INFO] Found 1 pending job(s)
[2026-01-30T08:15:46.816Z] [INFO] Processing job 902 (receipt) for Customer Receipt
[2026-01-30T08:15:47.711Z] [INFO] Connecting to network printer: 192.168.123.102:9100
[2026-01-30T08:15:48.005Z] [INFO] ✓ Job 902 printed successfully
[2026-01-30T08:17:27.181Z] [INFO] Found 1 pending job(s)
[2026-01-30T08:17:27.182Z] [INFO] Found 1 pending job(s)
[2026-01-30T08:17:27.184Z] [INFO] Processing job 903 (receipt) for Customer Receipt
[2026-01-30T08:17:28.141Z] [INFO] Connecting to network printer: 192.168.123.102:9100
[2026-01-30T08:17:28.514Z] [INFO] ✓ Job 903 printed successfully
[2026-01-30T08:29:12.808Z] [INFO] Found 1 pending job(s)
[2026-01-30T08:29:12.809Z] [INFO] Found 1 pending job(s)
[2026-01-30T08:29:12.810Z] [INFO] Processing job 904 (kot) for Kitchen Printer
[2026-01-30T08:29:13.690Z] [INFO] Connecting to network printer: 192.168.123.101:9100
[2026-01-30T08:29:14.083Z] [INFO] ✓ Job 904 printed successfully
[2026-01-30T08:38:57.622Z] [INFO] Found 1 pending job(s)
[2026-01-30T08:38:57.623Z] [INFO] Found 1 pending job(s)
[2026-01-30T08:38:57.624Z] [INFO] Processing job 905 (receipt) for Customer Receipt
[2026-01-30T08:38:58.483Z] [INFO] Connecting to network printer: 192.168.123.102:9100
[2026-01-30T08:38:58.783Z] [INFO] ✓ Job 905 printed successfully
[2026-01-30T08:42:14.518Z] [INFO] Found 1 pending job(s)
[2026-01-30T08:42:14.519Z] [INFO] Found 1 pending job(s)
[2026-01-30T08:42:14.519Z] [INFO] Processing job 906 (receipt) for Customer Receipt
[2026-01-30T08:42:15.374Z] [INFO] Connecting to network printer: 192.168.123.102:9100
[2026-01-30T08:42:15.668Z] [INFO] ✓ Job 906 printed successfully
[2026-01-30T08:53:41.313Z] [INFO] Found 1 pending job(s)
[2026-01-30T08:53:41.314Z] [INFO] Found 1 pending job(s)
[2026-01-30T08:53:41.315Z] [INFO] Processing job 907 (receipt) for Customer Receipt
[2026-01-30T08:53:42.176Z] [INFO] Connecting to network printer: 192.168.123.102:9100
[2026-01-30T08:53:42.482Z] [INFO] ✓ Job 907 printed successfully
[2026-01-30T08:56:19.795Z] [INFO] Found 1 pending job(s)
[2026-01-30T08:56:19.797Z] [INFO] Found 1 pending job(s)
[2026-01-30T08:56:19.798Z] [INFO] Processing job 908 (receipt) for Customer Receipt
[2026-01-30T08:56:20.658Z] [INFO] Connecting to network printer: 192.168.123.102:9100
[2026-01-30T08:56:20.962Z] [INFO] ✓ Job 908 printed successfully
[2026-01-30T12:11:53.774Z] [ERROR] Failed to fetch pending jobs
{
  "error": "fetch failed"
}
[2026-01-30T12:12:36.137Z] [INFO] Found 1 pending job(s)
[2026-01-30T12:12:36.138Z] [INFO] Found 1 pending job(s)
[2026-01-30T12:12:36.139Z] [INFO] Processing job 909 (kot) for Kitchen Printer
[2026-01-30T12:12:37.015Z] [INFO] Connecting to network printer: 192.168.123.101:9100
[2026-01-30T12:12:42.755Z] [INFO] ✓ Job 909 printed successfully
[2026-01-30T12:13:06.258Z] [INFO] Found 1 pending job(s)
[2026-01-30T12:13:06.260Z] [INFO] Found 1 pending job(s)
[2026-01-30T12:13:06.260Z] [INFO] Processing job 910 (bar_ticket) for Bar Printer
[2026-01-30T12:13:07.122Z] [INFO] Connecting to network printer: 192.168.123.102:9100
[2026-01-30T12:13:12.178Z] [INFO] ✓ Job 910 printed successfully
[2026-01-30T12:20:20.319Z] [ERROR] Failed to fetch pending jobs
{
  "error": "fetch failed"
}
[2026-01-30T12:36:22.168Z] [INFO] Found 2 pending job(s)
[2026-01-30T12:36:22.169Z] [INFO] Found 2 pending job(s)
[2026-01-30T12:36:22.170Z] [INFO] Processing job 911 (kot) for Kitchen Printer
[2026-01-30T12:36:23.029Z] [INFO] Connecting to network printer: 192.168.123.101:9100
[2026-01-30T12:36:24.184Z] [INFO] Found 1 pending job(s)
[2026-01-30T12:36:24.185Z] [INFO] Found 1 pending job(s)
[2026-01-30T12:36:24.185Z] [INFO] Processing job 912 (bar_ticket) for Bar Printer
[2026-01-30T12:36:24.473Z] [INFO] Connecting to network printer: 192.168.123.102:9100
[2026-01-30T12:36:28.748Z] [INFO] ✓ Job 911 printed successfully
[2026-01-30T12:36:28.748Z] [INFO] Processing job 912 (bar_ticket) for Bar Printer
[2026-01-30T12:36:29.049Z] [WARN] Failed to update job 912 status
{
  "success": false,
  "error": "Job not found or already updated"
}
[2026-01-30T12:36:29.050Z] [INFO] Connecting to network printer: 192.168.123.102:9100
[2026-01-30T12:36:29.702Z] [INFO] ✓ Job 912 printed successfully
[2026-01-30T12:36:31.814Z] [INFO] ✓ Job 912 printed successfully
[2026-01-30T13:23:25.242Z] [INFO] Found 1 pending job(s)
[2026-01-30T13:23:25.243Z] [INFO] Found 1 pending job(s)
[2026-01-30T13:23:25.244Z] [INFO] Processing job 913 (receipt) for Customer Receipt
[2026-01-30T13:23:26.117Z] [INFO] Connecting to network printer: 192.168.123.102:9100
[2026-01-30T13:23:31.180Z] [INFO] ✓ Job 913 printed successfully
[2026-01-30T13:26:03.796Z] [INFO] Found 1 pending job(s)
[2026-01-30T13:26:03.797Z] [INFO] Found 1 pending job(s)
[2026-01-30T13:26:03.798Z] [INFO] Processing job 914 (receipt) for Customer Receipt
[2026-01-30T13:26:04.674Z] [INFO] Connecting to network printer: 192.168.123.102:9100
[2026-01-30T13:26:05.042Z] [INFO] ✓ Job 914 printed successfully
[2026-01-30T13:28:16.378Z] [INFO] Found 1 pending job(s)
[2026-01-30T13:28:16.379Z] [INFO] Found 1 pending job(s)
[2026-01-30T13:28:16.380Z] [INFO] Processing job 915 (kot) for Kitchen Printer
[2026-01-30T13:28:17.242Z] [INFO] Connecting to network printer: 192.168.123.101:9100
[2026-01-30T13:28:22.161Z] [INFO] ✓ Job 915 printed successfully
[2026-01-30T13:40:35.825Z] [INFO] Found 1 pending job(s)
[2026-01-30T13:40:35.826Z] [INFO] Found 1 pending job(s)
[2026-01-30T13:40:35.827Z] [INFO] Processing job 916 (receipt) for Customer Receipt
[2026-01-30T13:40:36.778Z] [INFO] Connecting to network printer: 192.168.123.102:9100
[2026-01-30T13:40:37.077Z] [INFO] ✓ Job 916 printed successfully
[2026-01-30T13:41:32.072Z] [INFO] Found 1 pending job(s)
[2026-01-30T13:41:32.073Z] [INFO] Found 1 pending job(s)
[2026-01-30T13:41:32.074Z] [INFO] Processing job 917 (kot) for Kitchen Printer
[2026-01-30T13:41:32.939Z] [INFO] Connecting to network printer: 192.168.123.101:9100
[2026-01-30T13:41:33.231Z] [INFO] ✓ Job 917 printed successfully
[2026-01-30T13:41:46.132Z] [INFO] Found 1 pending job(s)
[2026-01-30T13:41:46.133Z] [INFO] Found 1 pending job(s)
[2026-01-30T13:41:46.134Z] [INFO] Processing job 918 (receipt) for Customer Receipt
[2026-01-30T13:41:46.990Z] [INFO] Connecting to network printer: 192.168.123.102:9100
[2026-01-30T13:41:47.317Z] [INFO] ✓ Job 918 printed successfully
[2026-01-30T13:44:12.677Z] [INFO] Found 1 pending job(s)
[2026-01-30T13:44:12.678Z] [INFO] Found 1 pending job(s)
[2026-01-30T13:44:12.679Z] [INFO] Processing job 919 (receipt) for Customer Receipt
[2026-01-30T13:44:13.538Z] [INFO] Connecting to network printer: 192.168.123.102:9100
[2026-01-30T13:44:18.675Z] [INFO] ✓ Job 919 printed successfully
[2026-01-30T13:52:04.984Z] [INFO] Found 1 pending job(s)
[2026-01-30T13:52:04.985Z] [INFO] Found 1 pending job(s)
[2026-01-30T13:52:04.986Z] [INFO] Processing job 920 (kot) for Kitchen Printer
[2026-01-30T13:52:05.841Z] [INFO] Connecting to network printer: 192.168.123.101:9100
[2026-01-30T13:52:10.669Z] [INFO] ✓ Job 920 printed successfully
[2026-01-30T14:13:08.735Z] [INFO] Found 1 pending job(s)
[2026-01-30T14:13:08.735Z] [INFO] Found 1 pending job(s)
[2026-01-30T14:13:08.737Z] [INFO] Processing job 921 (receipt) for Customer Receipt
[2026-01-30T14:13:09.597Z] [INFO] Connecting to network printer: 192.168.123.102:9100
[2026-01-30T14:13:14.682Z] [INFO] ✓ Job 921 printed successfully
[2026-01-30T14:14:43.203Z] [INFO] Found 1 pending job(s)
[2026-01-30T14:14:43.205Z] [INFO] Found 1 pending job(s)
[2026-01-30T14:14:43.205Z] [INFO] Processing job 922 (receipt) for Customer Receipt
[2026-01-30T14:14:44.095Z] [INFO] Connecting to network printer: 192.168.123.102:9100
[2026-01-30T14:14:44.402Z] [INFO] ✓ Job 922 printed successfully
[2026-01-30T14:27:22.898Z] [INFO] Found 1 pending job(s)
[2026-01-30T14:27:22.899Z] [INFO] Found 1 pending job(s)
[2026-01-30T14:27:22.900Z] [INFO] Processing job 923 (kot) for Kitchen Printer
[2026-01-30T14:27:23.759Z] [INFO] Connecting to network printer: 192.168.123.101:9100
[2026-01-30T14:27:28.690Z] [INFO] ✓ Job 923 printed successfully
[2026-01-30T14:49:08.231Z] [INFO] Found 1 pending job(s)
[2026-01-30T14:49:08.232Z] [INFO] Found 1 pending job(s)
[2026-01-30T14:49:08.233Z] [INFO] Processing job 924 (receipt) for Customer Receipt
[2026-01-30T14:49:09.099Z] [INFO] Connecting to network printer: 192.168.123.102:9100
[2026-01-30T14:49:14.181Z] [INFO] ✓ Job 924 printed successfully
[2026-01-30T14:53:35.556Z] [INFO] Found 1 pending job(s)
[2026-01-30T14:53:35.558Z] [INFO] Found 1 pending job(s)
[2026-01-30T14:53:35.561Z] [INFO] Processing job 925 (receipt) for Customer Receipt
[2026-01-30T14:53:36.425Z] [INFO] Connecting to network printer: 192.168.123.102:9100
[2026-01-30T14:53:36.729Z] [INFO] ✓ Job 925 printed successfully
[2026-01-30T14:54:23.776Z] [INFO] Found 1 pending job(s)
[2026-01-30T14:54:23.777Z] [INFO] Found 1 pending job(s)
[2026-01-30T14:54:23.778Z] [INFO] Processing job 926 (receipt) for Customer Receipt
[2026-01-30T14:54:24.640Z] [INFO] Connecting to network printer: 192.168.123.102:9100
[2026-01-30T14:54:24.933Z] [INFO] ✓ Job 926 printed successfully
[2026-01-30T15:22:15.358Z] [INFO] Found 1 pending job(s)
[2026-01-30T15:22:15.359Z] [INFO] Found 1 pending job(s)
[2026-01-30T15:22:15.360Z] [INFO] Processing job 927 (kot) for Kitchen Printer
[2026-01-30T15:22:16.229Z] [INFO] Connecting to network printer: 192.168.123.101:9100
[2026-01-30T15:22:21.176Z] [INFO] ✓ Job 927 printed successfully
[2026-01-30T15:45:14.108Z] [INFO] Found 1 pending job(s)
[2026-01-30T15:45:14.109Z] [INFO] Found 1 pending job(s)
[2026-01-30T15:45:14.110Z] [INFO] Processing job 928 (receipt) for Customer Receipt
[2026-01-30T15:45:14.983Z] [INFO] Connecting to network printer: 192.168.123.102:9100
[2026-01-30T15:45:20.754Z] [INFO] ✓ Job 928 printed successfully
[2026-01-30T15:50:11.379Z] [INFO] Found 1 pending job(s)
[2026-01-30T15:50:11.380Z] [INFO] Found 1 pending job(s)
[2026-01-30T15:50:11.381Z] [INFO] Processing job 929 (receipt) for Customer Receipt
[2026-01-30T15:50:12.244Z] [INFO] Connecting to network printer: 192.168.123.102:9100
[2026-01-30T15:50:12.542Z] [INFO] ✓ Job 929 printed successfully
[2026-01-31T05:42:22.387Z] [INFO] Print server starting...
[2026-01-31T05:42:22.396Z] [INFO] API: https://kamikuralk.online/api
[2026-01-31T05:42:22.397Z] [INFO] Poll interval: 2000ms
[2026-01-31T05:42:22.398Z] [INFO] Retry interval: 30000ms
[2026-01-31T05:42:22.399Z] [INFO] ✓ Print server running. Press Ctrl+C to stop.
[2026-01-31T05:42:25.832Z] [INFO] Found 2 pending job(s)
[2026-01-31T05:42:25.833Z] [INFO] Found 2 pending job(s)
[2026-01-31T05:42:25.835Z] [INFO] Processing job 930 (kot) for Kitchen Printer
[2026-01-31T05:42:26.085Z] [INFO] Found 2 pending job(s)
[2026-01-31T05:42:26.086Z] [INFO] Found 2 pending job(s)
[2026-01-31T05:42:26.087Z] [INFO] Processing job 930 (kot) for Kitchen Printer
[2026-01-31T05:42:27.352Z] [INFO] Connecting to network printer: 192.168.123.101:9100
[2026-01-31T05:42:27.645Z] [INFO] Found 1 pending job(s)
[2026-01-31T05:42:27.646Z] [INFO] Found 1 pending job(s)
[2026-01-31T05:42:27.647Z] [INFO] Processing job 931 (kot) for Kitchen Printer
[2026-01-31T05:42:27.653Z] [WARN] Failed to update job 930 status
{
  "success": false,
  "error": "Job not found or already updated"
}
[2026-01-31T05:42:27.655Z] [INFO] Connecting to network printer: 192.168.123.101:9100
[2026-01-31T05:42:27.826Z] [INFO] ✓ Job 930 printed successfully
[2026-01-31T05:42:27.827Z] [INFO] Processing job 931 (kot) for Kitchen Printer
[2026-01-31T05:42:27.950Z] [WARN] Failed to update job 930 status
{
  "success": false,
  "error": "Job not found or already updated"
}
[2026-01-31T05:42:27.953Z] [INFO] ✓ Job 930 printed successfully
[2026-01-31T05:42:27.954Z] [INFO] Processing job 931 (kot) for Kitchen Printer
[2026-01-31T05:42:28.118Z] [INFO] Connecting to network printer: 192.168.123.101:9100
[2026-01-31T05:42:28.247Z] [WARN] Failed to update job 931 status
{
  "success": false,
  "error": "Job not found or already updated"
}
[2026-01-31T05:42:28.249Z] [INFO] Connecting to network printer: 192.168.123.101:9100
[2026-01-31T05:42:28.414Z] [INFO] ✓ Job 931 printed successfully
[2026-01-31T05:42:28.542Z] [INFO] Connecting to network printer: 192.168.123.101:9100
[2026-01-31T05:42:28.546Z] [INFO] ✓ Job 931 printed successfully
[2026-01-31T05:42:28.834Z] [INFO] ✓ Job 931 printed successfully
[2026-01-31T06:21:13.408Z] [ERROR] Failed to fetch pending jobs
{
  "error": "fetch failed"
}
[2026-01-31T06:21:15.407Z] [ERROR] Failed to fetch pending jobs
{
  "error": "fetch failed"
}
[2026-01-31T06:21:17.407Z] [ERROR] Failed to fetch pending jobs
{
  "error": "fetch failed"
}
[2026-01-31T06:21:19.407Z] [ERROR] Failed to fetch pending jobs
{
  "error": "fetch failed"
}
[2026-01-31T06:21:25.406Z] [ERROR] Failed to fetch pending jobs
{
  "error": "fetch failed"
}
[2026-01-31T06:21:35.406Z] [ERROR] Failed to fetch pending jobs
{
  "error": "fetch failed"
}
[2026-01-31T06:45:24.667Z] [INFO] Found 1 pending job(s)
[2026-01-31T06:45:24.668Z] [INFO] Found 1 pending job(s)
[2026-01-31T06:45:24.669Z] [INFO] Processing job 932 (receipt) for Customer Receipt
[2026-01-31T06:45:25.541Z] [INFO] Connecting to network printer: 192.168.123.102:9100
[2026-01-31T06:45:25.848Z] [INFO] ✓ Job 932 printed successfully
[2026-01-31T06:48:13.423Z] [INFO] Found 1 pending job(s)
[2026-01-31T06:48:13.425Z] [INFO] Found 1 pending job(s)
[2026-01-31T06:48:13.426Z] [INFO] Processing job 933 (receipt) for Customer Receipt
[2026-01-31T06:48:14.325Z] [INFO] Connecting to network printer: 192.168.123.102:9100
[2026-01-31T06:48:14.632Z] [INFO] ✓ Job 933 printed successfully
[2026-01-31T07:30:06.381Z] [ERROR] Failed to fetch pending jobs
{
  "error": "fetch failed"
}
[2026-01-31T11:25:33.517Z] [ERROR] Failed to fetch pending jobs
{
  "error": "fetch failed"
}
[2026-01-31T11:25:37.516Z] [ERROR] Failed to fetch pending jobs
{
  "error": "fetch failed"
}
[2026-01-31T11:25:39.515Z] [ERROR] Failed to fetch pending jobs
{
  "error": "fetch failed"
}
[2026-01-31T11:25:39.699Z] [ERROR] Failed to fetch pending jobs
{
  "error": "fetch failed"
}
[2026-01-31T12:03:37.555Z] [INFO] Print server starting...
[2026-01-31T12:03:37.577Z] [INFO] API: https://kamikuralk.online/api
[2026-01-31T12:03:37.578Z] [INFO] Poll interval: 2000ms
[2026-01-31T12:03:37.579Z] [INFO] Retry interval: 30000ms
[2026-01-31T12:03:37.580Z] [INFO] ✓ Print server running. Press Ctrl+C to stop.
[2026-01-31T12:18:55.802Z] [ERROR] Failed to fetch pending jobs
{
  "error": "fetch failed"
}
[2026-01-31T13:27:46.549Z] [ERROR] Failed to fetch pending jobs
{
  "error": "fetch failed"
}
[2026-01-31T13:27:48.547Z] [ERROR] Failed to fetch pending jobs
{
  "error": "fetch failed"
}
[2026-01-31T13:27:50.547Z] [ERROR] Failed to fetch pending jobs
{
  "error": "fetch failed"
}
[2026-01-31T13:27:56.547Z] [ERROR] Failed to fetch pending jobs
{
  "error": "fetch failed"
}
[2026-01-31T13:27:58.546Z] [ERROR] Failed to fetch pending jobs
{
  "error": "fetch failed"
}
[2026-01-31T13:28:00.546Z] [ERROR] Failed to fetch pending jobs
{
  "error": "fetch failed"
}
[2026-01-31T13:28:02.546Z] [ERROR] Failed to fetch pending jobs
{
  "error": "fetch failed"
}
[2026-01-31T13:28:04.546Z] [ERROR] Failed to fetch pending jobs
{
  "error": "fetch failed"
}
[2026-01-31T13:28:06.559Z] [ERROR] Failed to fetch pending jobs
{
  "error": "fetch failed"
}
[2026-01-31T13:28:08.558Z] [ERROR] Failed to fetch pending jobs
{
  "error": "fetch failed"
}
[2026-01-31T13:28:10.558Z] [ERROR] Failed to fetch pending jobs
{
  "error": "fetch failed"
}
[2026-01-31T13:28:12.558Z] [ERROR] Failed to fetch pending jobs
{
  "error": "fetch failed"
}
[2026-01-31T13:28:26.776Z] [ERROR] Failed to fetch pending jobs
{
  "error": "fetch failed"
}
[2026-01-31T13:28:28.776Z] [ERROR] Failed to fetch pending jobs
{
  "error": "fetch failed"
}
[2026-01-31T13:28:30.776Z] [ERROR] Failed to fetch pending jobs
{
  "error": "fetch failed"
}
[2026-01-31T13:28:32.776Z] [ERROR] Failed to fetch pending jobs
{
  "error": "fetch failed"
}
[2026-01-31T13:28:34.775Z] [ERROR] Failed to fetch pending jobs
{
  "error": "fetch failed"
}
[2026-01-31T13:33:48.275Z] [ERROR] Failed to fetch pending jobs
{
  "error": "fetch failed"
}
[2026-01-31T14:15:04.603Z] [INFO] Found 2 pending job(s)
[2026-01-31T14:15:04.605Z] [INFO] Found 2 pending job(s)
[2026-01-31T14:15:04.606Z] [INFO] Processing job 934 (kot) for Kitchen Printer
[2026-01-31T14:15:06.154Z] [INFO] Connecting to network printer: 192.168.123.101:9100
[2026-01-31T14:15:06.541Z] [INFO] ✓ Job 934 printed successfully
[2026-01-31T14:15:06.542Z] [INFO] Processing job 935 (bar_ticket) for Bar Printer
[2026-01-31T14:15:06.620Z] [INFO] Found 1 pending job(s)
[2026-01-31T14:15:06.621Z] [INFO] Found 1 pending job(s)
[2026-01-31T14:15:06.621Z] [INFO] Processing job 935 (bar_ticket) for Bar Printer
[2026-01-31T14:15:06.906Z] [INFO] Connecting to network printer: 192.168.123.102:9100
[2026-01-31T14:15:07.206Z] [INFO] ✓ Job 935 printed successfully
[2026-01-31T14:15:07.435Z] [INFO] Connecting to network printer: 192.168.123.102:9100
[2026-01-31T14:15:07.725Z] [INFO] ✓ Job 935 printed successfully
[2026-01-31T14:20:32.236Z] [INFO] Found 1 pending job(s)
[2026-01-31T14:20:32.236Z] [INFO] Found 1 pending job(s)
[2026-01-31T14:20:32.237Z] [INFO] Processing job 936 (kot) for Kitchen Printer
[2026-01-31T14:20:33.092Z] [INFO] Connecting to network printer: 192.168.123.101:9100
[2026-01-31T14:20:33.388Z] [INFO] ✓ Job 936 printed successfully
[2026-01-31T14:27:48.205Z] [INFO] Found 1 pending job(s)
[2026-01-31T14:27:48.206Z] [INFO] Found 1 pending job(s)
[2026-01-31T14:27:48.207Z] [INFO] Processing job 937 (kot) for Kitchen Printer
[2026-01-31T14:27:49.394Z] [INFO] Connecting to network printer: 192.168.123.101:9100
[2026-01-31T14:27:49.811Z] [INFO] ✓ Job 937 printed successfully
[2026-01-31T14:30:54.974Z] [INFO] Found 1 pending job(s)
[2026-01-31T14:30:54.974Z] [INFO] Found 1 pending job(s)
[2026-01-31T14:30:54.975Z] [INFO] Processing job 938 (kot) for Kitchen Printer
[2026-01-31T14:30:55.828Z] [INFO] Connecting to network printer: 192.168.123.101:9100
[2026-01-31T14:30:56.124Z] [INFO] ✓ Job 938 printed successfully
[2026-01-31T14:36:36.774Z] [INFO] Found 2 pending job(s)
[2026-01-31T14:36:36.775Z] [INFO] Found 2 pending job(s)
[2026-01-31T14:36:36.776Z] [INFO] Processing job 939 (kot) for Kitchen Printer
[2026-01-31T14:36:37.660Z] [INFO] Connecting to network printer: 192.168.123.101:9100
[2026-01-31T14:36:37.978Z] [INFO] ✓ Job 939 printed successfully
[2026-01-31T14:36:37.979Z] [INFO] Processing job 940 (bar_ticket) for Bar Printer
[2026-01-31T14:36:38.276Z] [INFO] Connecting to network printer: 192.168.123.102:9100
[2026-01-31T14:36:38.592Z] [INFO] ✓ Job 940 printed successfully
[2026-01-31T14:38:59.366Z] [ERROR] Failed to fetch pending jobs
{
  "error": "fetch failed"
}
[2026-01-31T14:49:28.627Z] [INFO] Found 1 pending job(s)
[2026-01-31T14:49:28.628Z] [INFO] Found 1 pending job(s)
[2026-01-31T14:49:28.629Z] [INFO] Processing job 941 (kot) for Kitchen Printer
[2026-01-31T14:49:29.491Z] [INFO] Connecting to network printer: 192.168.123.101:9100
[2026-01-31T14:49:29.786Z] [INFO] ✓ Job 941 printed successfully
[2026-01-31T14:49:54.694Z] [INFO] Found 1 pending job(s)
[2026-01-31T14:49:54.695Z] [INFO] Found 1 pending job(s)
[2026-01-31T14:49:54.696Z] [INFO] Processing job 942 (kot) for Kitchen Printer
[2026-01-31T14:49:55.554Z] [INFO] Connecting to network printer: 192.168.123.101:9100
[2026-01-31T14:49:55.868Z] [INFO] ✓ Job 942 printed successfully
[2026-01-31T14:54:19.883Z] [INFO] Found 1 pending job(s)
[2026-01-31T14:54:19.884Z] [INFO] Found 1 pending job(s)
[2026-01-31T14:54:19.884Z] [INFO] Processing job 943 (kot) for Kitchen Printer
[2026-01-31T14:54:20.742Z] [INFO] Connecting to network printer: 192.168.123.101:9100
[2026-01-31T14:54:21.042Z] [INFO] ✓ Job 943 printed successfully
[2026-01-31T14:56:18.376Z] [INFO] Found 1 pending job(s)
[2026-01-31T14:56:18.377Z] [INFO] Found 1 pending job(s)
[2026-01-31T14:56:18.378Z] [INFO] Processing job 944 (bar_ticket) for Bar Printer
[2026-01-31T14:56:19.236Z] [INFO] Connecting to network printer: 192.168.123.102:9100
[2026-01-31T14:56:19.556Z] [INFO] ✓ Job 944 printed successfully
[2026-01-31T15:12:04.657Z] [INFO] Found 1 pending job(s)
[2026-01-31T15:12:04.658Z] [INFO] Found 1 pending job(s)
[2026-01-31T15:12:04.659Z] [INFO] Processing job 945 (receipt) for Customer Receipt
[2026-01-31T15:12:05.548Z] [INFO] Connecting to network printer: 192.168.123.102:9100
[2026-01-31T15:12:05.848Z] [INFO] ✓ Job 945 printed successfully
[2026-01-31T15:13:06.983Z] [INFO] Found 1 pending job(s)
[2026-01-31T15:13:06.984Z] [INFO] Found 1 pending job(s)
[2026-01-31T15:13:06.985Z] [INFO] Processing job 946 (receipt) for Customer Receipt
[2026-01-31T15:13:07.865Z] [INFO] Connecting to network printer: 192.168.123.102:9100
[2026-01-31T15:13:08.161Z] [INFO] ✓ Job 946 printed successfully
[2026-01-31T15:15:07.456Z] [INFO] Found 1 pending job(s)
[2026-01-31T15:15:07.458Z] [INFO] Found 1 pending job(s)
[2026-01-31T15:15:07.458Z] [INFO] Processing job 947 (receipt) for Customer Receipt
[2026-01-31T15:15:08.334Z] [INFO] Connecting to network printer: 192.168.123.102:9100
[2026-01-31T15:15:08.637Z] [INFO] ✓ Job 947 printed successfully
[2026-01-31T15:15:43.590Z] [INFO] Found 1 pending job(s)
[2026-01-31T15:15:43.591Z] [INFO] Found 1 pending job(s)
[2026-01-31T15:15:43.592Z] [INFO] Processing job 948 (receipt) for Customer Receipt
[2026-01-31T15:15:44.475Z] [INFO] Connecting to network printer: 192.168.123.102:9100
[2026-01-31T15:15:44.791Z] [INFO] ✓ Job 948 printed successfully
[2026-01-31T15:15:55.627Z] [INFO] Found 1 pending job(s)
[2026-01-31T15:15:55.628Z] [INFO] Found 1 pending job(s)
[2026-01-31T15:15:55.629Z] [INFO] Processing job 949 (receipt) for Customer Receipt
[2026-01-31T15:15:56.512Z] [INFO] Connecting to network printer: 192.168.123.102:9100
[2026-01-31T15:15:56.811Z] [INFO] ✓ Job 949 printed successfully
[2026-01-31T15:33:22.667Z] [INFO] Found 1 pending job(s)
[2026-01-31T15:33:22.669Z] [INFO] Found 1 pending job(s)
[2026-01-31T15:33:22.670Z] [INFO] Processing job 950 (kot) for Kitchen Printer
[2026-01-31T15:33:23.568Z] [INFO] Connecting to network printer: 192.168.123.101:9100
[2026-01-31T15:33:23.867Z] [INFO] ✓ Job 950 printed successfully
[2026-01-31T15:33:29.940Z] [INFO] Print server starting...
[2026-01-31T15:33:29.941Z] [INFO] API: https://kamikuralk.online/api
[2026-01-31T15:33:29.942Z] [INFO] Poll interval: 2000ms
[2026-01-31T15:33:29.943Z] [INFO] Retry interval: 30000ms
[2026-01-31T15:33:29.943Z] [INFO] ✓ Print server running. Press Ctrl+C to stop.
[2026-01-31T15:33:58.828Z] [INFO] Found 1 pending job(s)
[2026-01-31T15:33:58.829Z] [INFO] Found 1 pending job(s)
[2026-01-31T15:33:58.830Z] [INFO] Processing job 951 (receipt) for Customer Receipt
[2026-01-31T15:33:59.682Z] [INFO] Connecting to network printer: 192.168.123.102:9100
[2026-01-31T15:33:59.979Z] [INFO] ✓ Job 951 printed successfully
[2026-01-31T15:44:47.633Z] [INFO] Found 1 pending job(s)
[2026-01-31T15:44:47.634Z] [INFO] Found 1 pending job(s)
[2026-01-31T15:44:47.636Z] [INFO] Processing job 952 (receipt) for Customer Receipt
[2026-01-31T15:44:48.131Z] [INFO] Found 1 pending job(s)
[2026-01-31T15:44:48.132Z] [INFO] Found 1 pending job(s)
[2026-01-31T15:44:48.133Z] [INFO] Processing job 952 (receipt) for Customer Receipt
[2026-01-31T15:44:48.994Z] [WARN] Failed to update job 952 status
{
  "success": false,
  "error": "Job not found or already updated"
}
[2026-01-31T15:44:48.996Z] [INFO] Connecting to network printer: 192.168.123.102:9100
[2026-01-31T15:44:49.020Z] [INFO] Connecting to network printer: 192.168.123.102:9100
[2026-01-31T15:44:49.372Z] [INFO] ✓ Job 952 printed successfully
[2026-01-31T15:44:50.296Z] [INFO] ✓ Job 952 printed successfully
[2026-01-31T15:46:48.195Z] [INFO] Found 1 pending job(s)
[2026-01-31T15:46:48.205Z] [INFO] Found 1 pending job(s)
[2026-01-31T15:46:48.205Z] [INFO] Processing job 953 (receipt) for Customer Receipt
[2026-01-31T15:46:48.711Z] [INFO] Found 1 pending job(s)
[2026-01-31T15:46:48.712Z] [INFO] Found 1 pending job(s)
[2026-01-31T15:46:48.713Z] [INFO] Processing job 953 (receipt) for Customer Receipt
[2026-01-31T15:46:49.058Z] [INFO] Connecting to network printer: 192.168.123.102:9100
[2026-01-31T15:46:49.354Z] [INFO] ✓ Job 953 printed successfully
[2026-01-31T15:46:49.602Z] [INFO] Connecting to network printer: 192.168.123.102:9100
[2026-01-31T15:46:49.907Z] [INFO] ✓ Job 953 printed successfully
[2026-01-31T15:49:47.112Z] [INFO] Found 1 pending job(s)
[2026-01-31T15:49:47.113Z] [INFO] Found 1 pending job(s)
[2026-01-31T15:49:47.114Z] [INFO] Processing job 954 (receipt) for Customer Receipt
[2026-01-31T15:49:47.640Z] [INFO] Found 1 pending job(s)
[2026-01-31T15:49:47.641Z] [INFO] Found 1 pending job(s)
[2026-01-31T15:49:47.642Z] [INFO] Processing job 954 (receipt) for Customer Receipt
[2026-01-31T15:49:47.970Z] [INFO] Connecting to network printer: 192.168.123.102:9100
[2026-01-31T15:49:48.268Z] [INFO] ✓ Job 954 printed successfully
[2026-01-31T15:49:48.504Z] [INFO] Connecting to network printer: 192.168.123.102:9100
[2026-01-31T15:49:48.799Z] [INFO] ✓ Job 954 printed successfully
[2026-01-31T15:55:49.616Z] [INFO] Found 1 pending job(s)
[2026-01-31T15:55:49.616Z] [INFO] Found 1 pending job(s)
[2026-01-31T15:55:49.617Z] [INFO] Processing job 955 (receipt) for Customer Receipt
[2026-01-31T15:55:50.488Z] [INFO] Connecting to network printer: 192.168.123.102:9100
[2026-01-31T15:55:50.792Z] [INFO] ✓ Job 955 printed successfully
[2026-01-31T16:03:21.856Z] [ERROR] Failed to fetch pending jobs
{
  "error": "fetch failed"
}
[2026-01-31T16:04:11.520Z] [ERROR] Failed to fetch pending jobs
{
  "error": "fetch failed"
}
[2026-01-31T17:14:13.580Z] [ERROR] Failed to fetch pending jobs
{
  "error": "fetch failed"
}
[2026-01-31T17:32:50.620Z] [INFO] Found 1 pending job(s)
[2026-01-31T17:32:50.622Z] [INFO] Found 1 pending job(s)
[2026-01-31T17:32:50.625Z] [INFO] Processing job 956 (receipt) for Customer Receipt
[2026-01-31T17:32:50.644Z] [INFO] Found 1 pending job(s)
[2026-01-31T17:32:50.645Z] [INFO] Found 1 pending job(s)
[2026-01-31T17:32:50.646Z] [INFO] Processing job 956 (receipt) for Customer Receipt
[2026-01-31T17:32:51.498Z] [INFO] Connecting to network printer: 192.168.123.102:9100
[2026-01-31T17:32:51.507Z] [WARN] Failed to update job 956 status
{
  "success": false,
  "error": "Job not found or already updated"
}
[2026-01-31T17:32:51.510Z] [INFO] Connecting to network printer: 192.168.123.102:9100
[2026-01-31T17:32:51.903Z] [INFO] ✓ Job 956 printed successfully
[2026-01-31T17:32:52.807Z] [INFO] ✓ Job 956 printed successfully
[2026-02-01T04:38:53.388Z] [INFO] Print server starting...
[2026-02-01T04:38:53.391Z] [INFO] API: https://kamikuralk.online/api
[2026-02-01T04:38:53.392Z] [INFO] Poll interval: 2000ms
[2026-02-01T04:38:53.393Z] [INFO] Retry interval: 30000ms
[2026-02-01T04:38:53.393Z] [INFO] ✓ Print server running. Press Ctrl+C to stop.
[2026-02-01T05:37:13.284Z] [ERROR] Failed to fetch pending jobs
{
  "error": "fetch failed"
}
[2026-02-01T05:44:13.490Z] [ERROR] Failed to fetch pending jobs
{
  "error": "fetch failed"
}
[2026-02-01T06:13:44.218Z] [ERROR] Failed to fetch pending jobs
{
  "error": "fetch failed"
}
[2026-02-01T08:14:44.405Z] [INFO] Found 1 pending job(s)
[2026-02-01T08:14:44.406Z] [INFO] Found 1 pending job(s)
[2026-02-01T08:14:44.407Z] [INFO] Processing job 957 (kot) for Kitchen Printer
[2026-02-01T08:14:45.890Z] [INFO] Connecting to network printer: 192.168.123.101:9100
[2026-02-01T08:14:46.282Z] [INFO] ✓ Job 957 printed successfully
[2026-02-01T08:29:06.607Z] [INFO] Found 1 pending job(s)
[2026-02-01T08:29:06.608Z] [INFO] Found 1 pending job(s)
[2026-02-01T08:29:06.608Z] [INFO] Processing job 958 (kot) for Kitchen Printer
[2026-02-01T08:29:07.485Z] [INFO] Connecting to network printer: 192.168.123.101:9100
[2026-02-01T08:29:07.791Z] [INFO] ✓ Job 958 printed successfully
[2026-02-01T09:03:50.805Z] [INFO] Found 1 pending job(s)
[2026-02-01T09:03:50.807Z] [INFO] Found 1 pending job(s)
[2026-02-01T09:03:50.807Z] [INFO] Processing job 959 (kot) for Kitchen Printer
[2026-02-01T09:03:51.785Z] [INFO] Connecting to network printer: 192.168.123.101:9100
[2026-02-01T09:03:52.110Z] [INFO] ✓ Job 959 printed successfully
[2026-02-01T09:36:43.825Z] [INFO] Found 1 pending job(s)
[2026-02-01T09:36:43.826Z] [INFO] Found 1 pending job(s)
[2026-02-01T09:36:43.827Z] [INFO] Processing job 960 (receipt) for Customer Receipt
[2026-02-01T09:36:44.686Z] [INFO] Connecting to network printer: 192.168.123.102:9100
[2026-02-01T09:36:44.986Z] [INFO] ✓ Job 960 printed successfully
[2026-02-01T09:40:26.876Z] [INFO] Found 1 pending job(s)
[2026-02-01T09:40:26.877Z] [INFO] Found 1 pending job(s)
[2026-02-01T09:40:26.877Z] [INFO] Processing job 961 (kot) for Kitchen Printer
[2026-02-01T09:40:27.733Z] [INFO] Connecting to network printer: 192.168.123.101:9100
[2026-02-01T09:40:28.045Z] [INFO] ✓ Job 961 printed successfully
[2026-02-01T09:45:36.435Z] [INFO] Found 1 pending job(s)
[2026-02-01T09:45:36.436Z] [INFO] Found 1 pending job(s)
[2026-02-01T09:45:36.437Z] [INFO] Processing job 962 (kot) for Kitchen Printer
[2026-02-01T09:45:37.299Z] [INFO] Connecting to network printer: 192.168.123.101:9100
[2026-02-01T09:45:37.605Z] [INFO] ✓ Job 962 printed successfully
[2026-02-01T09:53:04.354Z] [INFO] Found 1 pending job(s)
[2026-02-01T09:53:04.355Z] [INFO] Found 1 pending job(s)
[2026-02-01T09:53:04.356Z] [INFO] Processing job 963 (bar_ticket) for Bar Printer
[2026-02-01T09:53:05.223Z] [INFO] Connecting to network printer: 192.168.123.102:9100
[2026-02-01T09:53:05.520Z] [INFO] ✓ Job 963 printed successfully
[2026-02-01T09:57:07.469Z] [INFO] Found 1 pending job(s)
[2026-02-01T09:57:07.469Z] [INFO] Found 1 pending job(s)
[2026-02-01T09:57:07.470Z] [INFO] Processing job 964 (receipt) for Customer Receipt
[2026-02-01T09:57:08.319Z] [INFO] Connecting to network printer: 192.168.123.102:9100
[2026-02-01T09:57:08.703Z] [INFO] ✓ Job 964 printed successfully
[2026-02-01T09:59:01.972Z] [INFO] Found 1 pending job(s)
[2026-02-01T09:59:01.973Z] [INFO] Found 1 pending job(s)
[2026-02-01T09:59:01.974Z] [INFO] Processing job 965 (receipt) for Customer Receipt
[2026-02-01T09:59:02.835Z] [INFO] Connecting to network printer: 192.168.123.102:9100
[2026-02-01T09:59:03.132Z] [INFO] ✓ Job 965 printed successfully
[2026-02-01T10:03:55.167Z] [INFO] Found 1 pending job(s)
[2026-02-01T10:03:55.169Z] [INFO] Found 1 pending job(s)
[2026-02-01T10:03:55.170Z] [INFO] Processing job 966 (receipt) for Customer Receipt
[2026-02-01T10:03:56.037Z] [INFO] Connecting to network printer: 192.168.123.102:9100
[2026-02-01T10:03:56.330Z] [INFO] ✓ Job 966 printed successfully
[2026-02-01T10:13:52.333Z] [INFO] Found 1 pending job(s)
[2026-02-01T10:13:52.334Z] [INFO] Found 1 pending job(s)
[2026-02-01T10:13:52.335Z] [INFO] Processing job 967 (kot) for Kitchen Printer
[2026-02-01T10:13:53.183Z] [INFO] Connecting to network printer: 192.168.123.101:9100
[2026-02-01T10:13:53.532Z] [INFO] ✓ Job 967 printed successfully
[2026-02-01T10:16:37.125Z] [INFO] Found 1 pending job(s)
[2026-02-01T10:16:37.126Z] [INFO] Found 1 pending job(s)
[2026-02-01T10:16:37.127Z] [INFO] Processing job 968 (receipt) for Customer Receipt
[2026-02-01T10:16:37.997Z] [INFO] Connecting to network printer: 192.168.123.102:9100
[2026-02-01T10:16:38.310Z] [INFO] ✓ Job 968 printed successfully
[2026-02-01T10:38:43.576Z] [INFO] Found 1 pending job(s)
[2026-02-01T10:38:43.577Z] [INFO] Found 1 pending job(s)
[2026-02-01T10:38:43.578Z] [INFO] Processing job 969 (receipt) for Customer Receipt
[2026-02-01T10:38:44.450Z] [INFO] Connecting to network printer: 192.168.123.102:9100
[2026-02-01T10:38:44.774Z] [INFO] ✓ Job 969 printed successfully
[2026-02-01T10:41:08.082Z] [INFO] Found 1 pending job(s)
[2026-02-01T10:41:08.083Z] [INFO] Found 1 pending job(s)
[2026-02-01T10:41:08.085Z] [INFO] Processing job 970 (receipt) for Customer Receipt
[2026-02-01T10:41:08.941Z] [INFO] Connecting to network printer: 192.168.123.102:9100
[2026-02-01T10:41:09.238Z] [INFO] ✓ Job 970 printed successfully
[2026-02-01T13:24:29.210Z] [INFO] Found 1 pending job(s)
[2026-02-01T13:24:29.211Z] [INFO] Found 1 pending job(s)
[2026-02-01T13:24:29.212Z] [INFO] Processing job 971 (kot) for Kitchen Printer
[2026-02-01T13:24:31.087Z] [INFO] Connecting to network printer: 192.168.123.101:9100
[2026-02-01T13:24:36.116Z] [INFO] ✓ Job 971 printed successfully
[2026-02-01T13:24:39.230Z] [INFO] Found 1 pending job(s)
[2026-02-01T13:24:39.231Z] [INFO] Found 1 pending job(s)
[2026-02-01T13:24:39.232Z] [INFO] Processing job 972 (receipt) for Customer Receipt
[2026-02-01T13:24:40.088Z] [INFO] Connecting to network printer: 192.168.123.102:9100
[2026-02-01T13:24:45.100Z] [INFO] ✓ Job 972 printed successfully
[2026-02-01T13:29:54.763Z] [INFO] Found 2 pending job(s)
[2026-02-01T13:29:54.764Z] [INFO] Found 2 pending job(s)
[2026-02-01T13:29:54.764Z] [INFO] Processing job 973 (kot) for Kitchen Printer
[2026-02-01T13:29:55.630Z] [INFO] Connecting to network printer: 192.168.123.101:9100
[2026-02-01T13:29:55.919Z] [INFO] ✓ Job 973 printed successfully
[2026-02-01T13:29:55.920Z] [INFO] Processing job 974 (bar_ticket) for Bar Printer
[2026-02-01T13:29:56.211Z] [INFO] Connecting to network printer: 192.168.123.102:9100
[2026-02-01T13:29:56.505Z] [INFO] ✓ Job 974 printed successfully
[2026-02-01T13:33:19.744Z] [INFO] Found 1 pending job(s)
[2026-02-01T13:33:19.745Z] [INFO] Found 1 pending job(s)
[2026-02-01T13:33:19.745Z] [INFO] Processing job 975 (receipt) for Customer Receipt
[2026-02-01T13:33:20.030Z] [INFO] Connecting to network printer: 192.168.123.102:9100
[2026-02-01T13:33:20.323Z] [INFO] ✓ Job 975 printed successfully
[2026-02-01T13:34:09.946Z] [INFO] Found 2 pending job(s)
[2026-02-01T13:34:09.947Z] [INFO] Found 2 pending job(s)
[2026-02-01T13:34:09.948Z] [INFO] Processing job 976 (bar_ticket) for Bar Printer
[2026-02-01T13:34:10.825Z] [INFO] Connecting to network printer: 192.168.123.102:9100
[2026-02-01T13:34:11.131Z] [INFO] ✓ Job 976 printed successfully
[2026-02-01T13:34:11.132Z] [INFO] Processing job 977 (kot) for Kitchen Printer
[2026-02-01T13:34:11.425Z] [INFO] Connecting to network printer: 192.168.123.101:9100
[2026-02-01T13:34:11.715Z] [INFO] ✓ Job 977 printed successfully
[2026-02-01T14:13:53.708Z] [INFO] Found 1 pending job(s)
[2026-02-01T14:13:53.710Z] [INFO] Found 1 pending job(s)
[2026-02-01T14:13:53.710Z] [INFO] Processing job 978 (receipt) for Customer Receipt
[2026-02-01T14:13:54.583Z] [INFO] Connecting to network printer: 192.168.123.102:9100
[2026-02-01T14:13:59.579Z] [INFO] ✓ Job 978 printed successfully
[2026-02-01T14:16:58.507Z] [INFO] Found 1 pending job(s)
[2026-02-01T14:16:58.508Z] [INFO] Found 1 pending job(s)
[2026-02-01T14:16:58.508Z] [INFO] Processing job 979 (receipt) for Customer Receipt
[2026-02-01T14:16:59.374Z] [INFO] Connecting to network printer: 192.168.123.102:9100
[2026-02-01T14:16:59.667Z] [INFO] ✓ Job 979 printed successfully
[2026-02-01T14:17:30.611Z] [INFO] Found 1 pending job(s)
[2026-02-01T14:17:30.613Z] [INFO] Found 1 pending job(s)
[2026-02-01T14:17:30.613Z] [INFO] Processing job 980 (receipt) for Customer Receipt
[2026-02-01T14:17:31.465Z] [INFO] Connecting to network printer: 192.168.123.102:9100
[2026-02-01T14:17:31.761Z] [INFO] ✓ Job 980 printed successfully
[2026-02-01T14:19:19.154Z] [INFO] Found 1 pending job(s)
[2026-02-01T14:19:19.155Z] [INFO] Found 1 pending job(s)
[2026-02-01T14:19:19.156Z] [INFO] Processing job 981 (receipt) for Customer Receipt
[2026-02-01T14:19:20.021Z] [INFO] Connecting to network printer: 192.168.123.102:9100
[2026-02-01T14:19:20.316Z] [INFO] ✓ Job 981 printed successfully
[2026-02-01T14:23:20.309Z] [INFO] Found 2 pending job(s)
[2026-02-01T14:23:20.310Z] [INFO] Found 2 pending job(s)
[2026-02-01T14:23:20.310Z] [INFO] Processing job 982 (kot) for Kitchen Printer
[2026-02-01T14:23:21.187Z] [INFO] Connecting to network printer: 192.168.123.101:9100
[2026-02-01T14:23:22.325Z] [INFO] Found 1 pending job(s)
[2026-02-01T14:23:22.325Z] [INFO] Found 1 pending job(s)
[2026-02-01T14:23:22.326Z] [INFO] Processing job 983 (bar_ticket) for Bar Printer
[2026-02-01T14:23:22.612Z] [INFO] Connecting to network printer: 192.168.123.102:9100
[2026-02-01T14:23:22.928Z] [INFO] ✓ Job 983 printed successfully
[2026-02-01T14:23:26.095Z] [INFO] ✓ Job 982 printed successfully
[2026-02-01T14:23:26.096Z] [INFO] Processing job 983 (bar_ticket) for Bar Printer
[2026-02-01T14:23:26.981Z] [INFO] Connecting to network printer: 192.168.123.102:9100
[2026-02-01T14:23:27.275Z] [INFO] ✓ Job 983 printed successfully
[2026-02-01T15:27:35.759Z] [INFO] Found 1 pending job(s)
[2026-02-01T15:27:35.761Z] [INFO] Found 1 pending job(s)
[2026-02-01T15:27:35.762Z] [INFO] Processing job 984 (receipt) for Customer Receipt
[2026-02-01T15:27:36.623Z] [INFO] Connecting to network printer: 192.168.123.102:9100
[2026-02-01T15:27:41.595Z] [INFO] ✓ Job 984 printed successfully
[2026-02-01T15:29:02.141Z] [INFO] Found 1 pending job(s)
[2026-02-01T15:29:02.142Z] [INFO] Found 1 pending job(s)
[2026-02-01T15:29:02.143Z] [INFO] Processing job 985 (receipt) for Customer Receipt
[2026-02-01T15:29:02.994Z] [INFO] Connecting to network printer: 192.168.123.102:9100
[2026-02-01T15:29:03.288Z] [INFO] ✓ Job 985 printed successfully
[2026-02-01T15:30:30.555Z] [INFO] Found 1 pending job(s)
[2026-02-01T15:30:30.556Z] [INFO] Found 1 pending job(s)
[2026-02-01T15:30:30.557Z] [INFO] Processing job 986 (receipt) for Customer Receipt
[2026-02-01T15:30:31.415Z] [INFO] Connecting to network printer: 192.168.123.102:9100
[2026-02-01T15:30:31.720Z] [INFO] ✓ Job 986 printed successfully
[2026-02-02T04:15:29.801Z] [INFO] Print server starting...
[2026-02-02T04:15:29.805Z] [INFO] API: https://kamikuralk.online/api
[2026-02-02T04:15:29.806Z] [INFO] Poll interval: 2000ms
[2026-02-02T04:15:29.809Z] [INFO] Retry interval: 30000ms
[2026-02-02T04:15:29.810Z] [INFO] ✓ Print server running. Press Ctrl+C to stop.
[2026-02-02T04:37:41.331Z] [INFO] Found 1 pending job(s)
[2026-02-02T04:37:41.332Z] [INFO] Found 1 pending job(s)
[2026-02-02T04:37:41.333Z] [INFO] Processing job 987 (kot) for Kitchen Printer
[2026-02-02T04:37:42.840Z] [INFO] Connecting to network printer: 192.168.123.101:9100
[2026-02-02T04:37:43.224Z] [INFO] ✓ Job 987 printed successfully
[2026-02-02T05:27:29.218Z] [INFO] Found 1 pending job(s)
[2026-02-02T05:27:29.220Z] [INFO] Found 1 pending job(s)
[2026-02-02T05:27:29.221Z] [INFO] Processing job 988 (kot) for Kitchen Printer
[2026-02-02T05:27:30.084Z] [INFO] Connecting to network printer: 192.168.123.101:9100
[2026-02-02T05:27:30.450Z] [INFO] ✓ Job 988 printed successfully
[2026-02-02T05:33:28.920Z] [INFO] Print server starting...
[2026-02-02T05:33:28.921Z] [INFO] API: https://kamikuralk.online/api
[2026-02-02T05:33:28.922Z] [INFO] Poll interval: 2000ms
[2026-02-02T05:33:28.923Z] [INFO] Retry interval: 30000ms
[2026-02-02T05:33:28.923Z] [INFO] ✓ Print server running. Press Ctrl+C to stop.
[2026-02-02T05:33:29.898Z] [INFO] Found 1 pending job(s)
[2026-02-02T05:33:29.899Z] [INFO] Found 1 pending job(s)
[2026-02-02T05:33:29.900Z] [INFO] Processing job 989 (receipt) for Customer Receipt
[2026-02-02T05:33:31.291Z] [INFO] Connecting to network printer: 192.168.123.102:9100
[2026-02-02T05:33:31.674Z] [INFO] ✓ Job 989 printed successfully
[2026-02-02T05:51:42.531Z] [INFO] Found 1 pending job(s)
[2026-02-02T05:51:42.532Z] [INFO] Found 1 pending job(s)
[2026-02-02T05:51:42.534Z] [INFO] Processing job 990 (receipt) for Customer Receipt
[2026-02-02T05:51:43.405Z] [INFO] Connecting to network printer: 192.168.123.102:9100
[2026-02-02T05:51:43.707Z] [INFO] ✓ Job 990 printed successfully
[2026-02-02T06:48:25.238Z] [ERROR] Failed to fetch pending jobs
{
  "error": "fetch failed"
}
[2026-02-02T06:48:27.237Z] [ERROR] Failed to fetch pending jobs
{
  "error": "fetch failed"
}
[2026-02-02T06:48:29.237Z] [ERROR] Failed to fetch pending jobs
{
  "error": "fetch failed"
}
[2026-02-02T06:48:31.236Z] [ERROR] Failed to fetch pending jobs
{
  "error": "fetch failed"
}
[2026-02-02T06:48:33.111Z] [ERROR] Failed to fetch pending jobs
{
  "error": "fetch failed"
}
[2026-02-02T06:48:33.237Z] [ERROR] Failed to fetch pending jobs
{
  "error": "fetch failed"
}
[2026-02-02T06:48:35.236Z] [ERROR] Failed to fetch pending jobs
{
  "error": "fetch failed"
}
[2026-02-02T06:48:36.726Z] [ERROR] Failed to fetch pending jobs
{
  "error": "fetch failed"
}
[2026-02-02T06:48:37.236Z] [ERROR] Failed to fetch pending jobs
{
  "error": "fetch failed"
}
[2026-02-02T07:21:23.920Z] [ERROR] Failed to fetch pending jobs
{
  "error": "fetch failed"
}
[2026-02-02T08:16:52.451Z] [INFO] Found 2 pending job(s)
[2026-02-02T08:16:52.455Z] [INFO] Found 2 pending job(s)
[2026-02-02T08:16:52.456Z] [INFO] Processing job 991 (kot) for Kitchen Printer
[2026-02-02T08:16:53.406Z] [INFO] Connecting to network printer: 192.168.123.101:9100
[2026-02-02T08:16:53.811Z] [INFO] ✓ Job 991 printed successfully
[2026-02-02T08:16:53.812Z] [INFO] Processing job 992 (bar_ticket) for Bar Printer
[2026-02-02T08:16:54.101Z] [INFO] Connecting to network printer: 192.168.123.102:9100
[2026-02-02T08:16:54.454Z] [INFO] ✓ Job 992 printed successfully
[2026-02-02T09:09:49.233Z] [INFO] Found 2 pending job(s)
[2026-02-02T09:09:49.238Z] [INFO] Found 2 pending job(s)
[2026-02-02T09:09:49.240Z] [INFO] Processing job 993 (kot) for Kitchen Printer
[2026-02-02T09:09:50.117Z] [INFO] Connecting to network printer: 192.168.123.101:9100
[2026-02-02T09:09:50.452Z] [INFO] ✓ Job 993 printed successfully
[2026-02-02T09:09:50.461Z] [INFO] Processing job 994 (bar_ticket) for Bar Printer
[2026-02-02T09:09:50.755Z] [INFO] Connecting to network printer: 192.168.123.102:9100
[2026-02-02T09:09:51.068Z] [INFO] ✓ Job 994 printed successfully
[2026-02-02T09:10:13.314Z] [INFO] Found 1 pending job(s)
[2026-02-02T09:10:13.320Z] [INFO] Found 1 pending job(s)
[2026-02-02T09:10:13.321Z] [INFO] Processing job 995 (receipt) for Customer Receipt
[2026-02-02T09:10:14.222Z] [INFO] Connecting to network printer: 192.168.123.102:9100
[2026-02-02T09:10:14.517Z] [INFO] ✓ Job 995 printed successfully
[2026-02-02T09:12:27.880Z] [INFO] Found 1 pending job(s)
[2026-02-02T09:12:27.882Z] [INFO] Found 1 pending job(s)
[2026-02-02T09:12:27.883Z] [INFO] Processing job 996 (kot) for Kitchen Printer
[2026-02-02T09:12:28.746Z] [INFO] Connecting to network printer: 192.168.123.101:9100
[2026-02-02T09:12:29.042Z] [INFO] ✓ Job 996 printed successfully
[2026-02-02T09:12:41.938Z] [INFO] Found 1 pending job(s)
[2026-02-02T09:12:41.940Z] [INFO] Found 1 pending job(s)
[2026-02-02T09:12:41.941Z] [INFO] Processing job 997 (receipt) for Customer Receipt
[2026-02-02T09:12:42.796Z] [INFO] Connecting to network printer: 192.168.123.102:9100
[2026-02-02T09:12:43.090Z] [INFO] ✓ Job 997 printed successfully
[2026-02-02T09:14:00.639Z] [INFO] Found 1 pending job(s)
[2026-02-02T09:14:00.643Z] [INFO] Found 1 pending job(s)
[2026-02-02T09:14:00.646Z] [INFO] Processing job 998 (receipt) for Customer Receipt
[2026-02-02T09:14:01.949Z] [INFO] Connecting to network printer: 192.168.123.102:9100
[2026-02-02T09:14:02.394Z] [INFO] ✓ Job 998 printed successfully
[2026-02-02T09:16:16.960Z] [INFO] Found 1 pending job(s)
[2026-02-02T09:16:16.963Z] [INFO] Found 1 pending job(s)
[2026-02-02T09:16:16.964Z] [INFO] Processing job 999 (receipt) for Customer Receipt
[2026-02-02T09:16:17.827Z] [INFO] Connecting to network printer: 192.168.123.102:9100
[2026-02-02T09:16:18.127Z] [INFO] ✓ Job 999 printed successfully
[2026-02-02T09:16:35.022Z] [INFO] Found 1 pending job(s)
[2026-02-02T09:16:35.024Z] [INFO] Found 1 pending job(s)
[2026-02-02T09:16:35.026Z] [INFO] Processing job 1000 (receipt) for Customer Receipt
[2026-02-02T09:16:35.886Z] [INFO] Connecting to network printer: 192.168.123.102:9100
[2026-02-02T09:16:36.182Z] [INFO] ✓ Job 1000 printed successfully
[2026-02-02T09:19:17.226Z] [INFO] Print server starting...
[2026-02-02T09:19:17.231Z] [INFO] API: https://kamikuralk.online/api
[2026-02-02T09:19:17.233Z] [INFO] Poll interval: 2000ms
[2026-02-02T09:19:17.234Z] [INFO] Retry interval: 30000ms
[2026-02-02T09:19:17.236Z] [INFO] ✓ Print server running. Press Ctrl+C to stop.
[2026-02-02T09:54:09.140Z] [ERROR] Failed to fetch pending jobs
{
  "error": "fetch failed"
}
[2026-02-02T10:37:21.697Z] [INFO] Print server starting...
[2026-02-02T10:37:21.701Z] [INFO] API: https://kamikuralk.online/api
[2026-02-02T10:37:21.702Z] [INFO] Poll interval: 2000ms
[2026-02-02T10:37:21.703Z] [INFO] Retry interval: 30000ms
[2026-02-02T10:37:21.705Z] [INFO] ✓ Print server running. Press Ctrl+C to stop.
[2026-02-02T11:01:50.491Z] [ERROR] Failed to fetch pending jobs
{
  "error": "fetch failed"
}
[2026-02-02T11:43:51.519Z] [INFO] Found 1 pending job(s)
[2026-02-02T11:43:51.520Z] [INFO] Found 1 pending job(s)
[2026-02-02T11:43:51.521Z] [INFO] Processing job 1001 (kot) for Kitchen Printer
[2026-02-02T11:43:53.425Z] [INFO] Connecting to network printer: 192.168.123.101:9100
[2026-02-02T11:43:53.859Z] [INFO] ✓ Job 1001 printed successfully
[2026-02-02T12:48:42.864Z] [INFO] Found 1 pending job(s)
[2026-02-02T12:48:42.865Z] [INFO] Found 1 pending job(s)
[2026-02-02T12:48:42.866Z] [INFO] Processing job 1002 (receipt) for Customer Receipt
[2026-02-02T12:48:43.726Z] [INFO] Connecting to network printer: 192.168.123.102:9100
[2026-02-02T12:48:44.037Z] [INFO] ✓ Job 1002 printed successfully
[2026-02-02T12:50:37.225Z] [INFO] Found 1 pending job(s)
[2026-02-02T12:50:37.227Z] [INFO] Found 1 pending job(s)
[2026-02-02T12:50:37.228Z] [INFO] Processing job 1003 (receipt) for Customer Receipt
[2026-02-02T12:50:38.090Z] [INFO] Connecting to network printer: 192.168.123.102:9100
[2026-02-02T12:50:38.396Z] [INFO] ✓ Job 1003 printed successfully
[2026-02-02T14:56:36.747Z] [ERROR] Failed to fetch pending jobs
{
  "error": "fetch failed"
}
[2026-02-02T15:15:52.237Z] [INFO] Found 1 pending job(s)
[2026-02-02T15:15:52.238Z] [INFO] Found 1 pending job(s)
[2026-02-02T15:15:52.239Z] [INFO] Processing job 1004 (kot) for Kitchen Printer
[2026-02-02T15:15:53.107Z] [INFO] Connecting to network printer: 192.168.123.101:9100
[2026-02-02T15:15:53.476Z] [INFO] ✓ Job 1004 printed successfully
[2026-02-02T15:17:14.581Z] [INFO] Found 1 pending job(s)
[2026-02-02T15:17:14.582Z] [INFO] Found 1 pending job(s)
[2026-02-02T15:17:14.583Z] [INFO] Processing job 1005 (kot) for Kitchen Printer
[2026-02-02T15:17:15.446Z] [INFO] Connecting to network printer: 192.168.123.101:9100
[2026-02-02T15:17:15.753Z] [INFO] ✓ Job 1005 printed successfully
[2026-02-02T15:21:27.497Z] [ERROR] Failed to fetch pending jobs
{
  "error": "fetch failed"
}
[2026-02-02T15:28:17.588Z] [ERROR] Failed to fetch pending jobs
{
  "error": "fetch failed"
}
[2026-02-02T15:29:44.261Z] [INFO] Found 1 pending job(s)
[2026-02-02T15:29:44.262Z] [INFO] Found 1 pending job(s)
[2026-02-02T15:29:44.263Z] [INFO] Processing job 1006 (receipt) for Customer Receipt
[2026-02-02T15:29:45.129Z] [INFO] Connecting to network printer: 192.168.123.102:9100
[2026-02-02T15:29:45.466Z] [INFO] ✓ Job 1006 printed successfully
[2026-02-02T15:30:30.479Z] [INFO] Found 1 pending job(s)
[2026-02-02T15:30:30.482Z] [INFO] Found 1 pending job(s)
[2026-02-02T15:30:30.488Z] [INFO] Processing job 1007 (receipt) for Customer Receipt
[2026-02-02T15:30:31.353Z] [INFO] Connecting to network printer: 192.168.123.102:9100
[2026-02-02T15:30:31.666Z] [INFO] ✓ Job 1007 printed successfully
[2026-02-02T15:39:35.098Z] [INFO] Found 1 pending job(s)
[2026-02-02T15:39:35.101Z] [INFO] Found 1 pending job(s)
[2026-02-02T15:39:35.101Z] [INFO] Processing job 1008 (kot) for Kitchen Printer
[2026-02-02T15:39:35.962Z] [INFO] Connecting to network printer: 192.168.123.101:9100
[2026-02-02T15:39:36.300Z] [INFO] ✓ Job 1008 printed successfully
[2026-02-02T15:43:17.962Z] [ERROR] Failed to fetch pending jobs
{
  "error": "fetch failed"
}
[2026-02-02T15:48:43.848Z] [INFO] Found 1 pending job(s)
[2026-02-02T15:48:43.849Z] [INFO] Found 1 pending job(s)
[2026-02-02T15:48:43.851Z] [INFO] Processing job 1009 (bar_ticket) for Bar Printer
[2026-02-02T15:48:44.715Z] [INFO] Connecting to network printer: 192.168.123.102:9100
[2026-02-02T15:48:45.022Z] [INFO] ✓ Job 1009 printed successfully
[2026-02-02T15:52:57.067Z] [INFO] Found 1 pending job(s)
[2026-02-02T15:52:57.069Z] [INFO] Found 1 pending job(s)
[2026-02-02T15:52:57.070Z] [INFO] Processing job 1010 (receipt) for Customer Receipt
[2026-02-02T15:52:57.929Z] [INFO] Connecting to network printer: 192.168.123.102:9100
[2026-02-02T15:52:58.229Z] [INFO] ✓ Job 1010 printed successfully
[2026-02-02T15:54:19.472Z] [INFO] Found 1 pending job(s)
[2026-02-02T15:54:19.473Z] [INFO] Found 1 pending job(s)
[2026-02-02T15:54:19.474Z] [INFO] Processing job 1011 (kot) for Kitchen Printer
[2026-02-02T15:54:20.337Z] [INFO] Connecting to network printer: 192.168.123.101:9100
[2026-02-02T15:54:20.649Z] [INFO] ✓ Job 1011 printed successfully
[2026-02-02T15:55:27.793Z] [INFO] Found 1 pending job(s)
[2026-02-02T15:55:27.795Z] [INFO] Found 1 pending job(s)
[2026-02-02T15:55:27.797Z] [INFO] Processing job 1012 (receipt) for Customer Receipt
[2026-02-02T15:55:28.661Z] [INFO] Connecting to network printer: 192.168.123.102:9100
[2026-02-02T15:55:28.981Z] [INFO] ✓ Job 1012 printed successfully
[2026-02-02T16:10:19.995Z] [ERROR] Failed to fetch pending jobs
{
  "error": "fetch failed"
}
[2026-02-02T16:14:31.444Z] [INFO] Found 1 pending job(s)
[2026-02-02T16:14:31.444Z] [INFO] Found 1 pending job(s)
[2026-02-02T16:14:31.445Z] [INFO] Processing job 1013 (kot) for Kitchen Printer
[2026-02-02T16:14:32.383Z] [INFO] Connecting to network printer: 192.168.123.101:9100
[2026-02-02T16:14:32.708Z] [INFO] ✓ Job 1013 printed successfully
[2026-02-02T16:20:01.431Z] [ERROR] Failed to fetch pending jobs
{
  "error": "fetch failed"
}
[2026-02-02T16:25:00.399Z] [ERROR] Failed to fetch pending jobs
{
  "error": "fetch failed"
}
[2026-02-02T16:32:09.568Z] [INFO] Found 1 pending job(s)
[2026-02-02T16:32:09.569Z] [INFO] Found 1 pending job(s)
[2026-02-02T16:32:09.570Z] [INFO] Processing job 1014 (receipt) for Customer Receipt
[2026-02-02T16:32:10.447Z] [INFO] Connecting to network printer: 192.168.123.102:9100
[2026-02-02T16:32:10.789Z] [INFO] ✓ Job 1014 printed successfully
[2026-02-02T16:33:11.094Z] [INFO] Found 1 pending job(s)
[2026-02-02T16:33:11.095Z] [INFO] Found 1 pending job(s)
[2026-02-02T16:33:11.096Z] [INFO] Processing job 1015 (receipt) for Customer Receipt
[2026-02-02T16:33:11.964Z] [INFO] Connecting to network printer: 192.168.123.102:9100
[2026-02-02T16:33:12.258Z] [INFO] ✓ Job 1015 printed successfully
[2026-02-02T16:36:18.051Z] [INFO] Found 1 pending job(s)
[2026-02-02T16:36:18.052Z] [INFO] Found 1 pending job(s)
[2026-02-02T16:36:18.052Z] [INFO] Processing job 1016 (receipt) for Customer Receipt
[2026-02-02T16:36:18.907Z] [INFO] Connecting to network printer: 192.168.123.102:9100
[2026-02-02T16:36:19.210Z] [INFO] ✓ Job 1016 printed successfully
[2026-02-02T16:37:56.563Z] [INFO] Found 1 pending job(s)
[2026-02-02T16:37:56.564Z] [INFO] Found 1 pending job(s)
[2026-02-02T16:37:56.565Z] [INFO] Processing job 1017 (receipt) for Customer Receipt
[2026-02-02T16:37:57.440Z] [INFO] Connecting to network printer: 192.168.123.102:9100
[2026-02-02T16:37:57.739Z] [INFO] ✓ Job 1017 printed successfully
[2026-02-03T04:51:02.310Z] [INFO] Print server starting...
[2026-02-03T04:51:02.314Z] [INFO] API: https://kamikuralk.online/api
[2026-02-03T04:51:02.315Z] [INFO] Poll interval: 2000ms
[2026-02-03T04:51:02.316Z] [INFO] Retry interval: 30000ms
[2026-02-03T04:51:02.317Z] [INFO] ✓ Print server running. Press Ctrl+C to stop.
[2026-02-03T07:32:29.207Z] [INFO] Found 2 pending job(s)
[2026-02-03T07:32:29.211Z] [INFO] Found 2 pending job(s)
[2026-02-03T07:32:29.212Z] [INFO] Processing job 1018 (kot) for Kitchen Printer
[2026-02-03T07:32:31.866Z] [INFO] Connecting to network printer: 192.168.123.101:9100
[2026-02-03T07:32:32.187Z] [INFO] Found 1 pending job(s)
[2026-02-03T07:32:32.189Z] [INFO] Found 1 pending job(s)
[2026-02-03T07:32:32.190Z] [INFO] Processing job 1019 (bar_ticket) for Bar Printer
[2026-02-03T07:32:32.462Z] [INFO] ✓ Job 1018 printed successfully
[2026-02-03T07:32:32.463Z] [INFO] Processing job 1019 (bar_ticket) for Bar Printer
[2026-02-03T07:32:32.776Z] [INFO] Connecting to network printer: 192.168.123.102:9100
[2026-02-03T07:32:33.050Z] [WARN] Failed to update job 1019 status
{
  "success": false,
  "error": "Job not found or already updated"
}
[2026-02-03T07:32:33.052Z] [INFO] Connecting to network printer: 192.168.123.102:9100
[2026-02-03T07:32:33.079Z] [INFO] ✓ Job 1019 printed successfully
[2026-02-03T07:32:33.356Z] [WARN] Failed to update job 1019 status
{
  "success": false,
  "error": "Job not found or already updated"
}
[2026-02-03T07:32:33.359Z] [INFO] ✓ Job 1019 printed successfully
[2026-02-03T07:56:16.994Z] [INFO] Found 1 pending job(s)
[2026-02-03T07:56:16.996Z] [INFO] Found 1 pending job(s)
[2026-02-03T07:56:16.997Z] [INFO] Processing job 1020 (kot) for Kitchen Printer
[2026-02-03T07:56:17.880Z] [INFO] Connecting to network printer: 192.168.123.101:9100
[2026-02-03T07:56:18.219Z] [INFO] ✓ Job 1020 printed successfully
[2026-02-03T08:00:47.070Z] [ERROR] Failed to fetch pending jobs
{
  "error": "fetch failed"
}
[2026-02-03T08:06:19.983Z] [INFO] Found 1 pending job(s)
[2026-02-03T08:06:19.985Z] [INFO] Found 1 pending job(s)
[2026-02-03T08:06:19.986Z] [INFO] Processing job 1021 (kot) for Kitchen Printer
[2026-02-03T08:06:20.858Z] [INFO] Connecting to network printer: 192.168.123.101:9100
[2026-02-03T08:06:21.168Z] [INFO] ✓ Job 1021 printed successfully
[2026-02-03T08:14:20.303Z] [INFO] Found 1 pending job(s)
[2026-02-03T08:14:20.305Z] [INFO] Found 1 pending job(s)
[2026-02-03T08:14:20.307Z] [INFO] Processing job 1022 (receipt) for Customer Receipt
[2026-02-03T08:14:21.213Z] [INFO] Connecting to network printer: 192.168.123.102:9100
[2026-02-03T08:14:21.619Z] [INFO] ✓ Job 1022 printed successfully
[2026-02-03T08:21:04.091Z] [INFO] Found 2 pending job(s)
[2026-02-03T08:21:04.092Z] [INFO] Found 2 pending job(s)
[2026-02-03T08:21:04.093Z] [INFO] Processing job 1024 (bar_ticket) for Bar Printer
[2026-02-03T08:21:04.958Z] [INFO] Connecting to network printer: 192.168.123.102:9100
[2026-02-03T08:21:05.264Z] [INFO] ✓ Job 1024 printed successfully
[2026-02-03T08:21:05.266Z] [INFO] Processing job 1023 (kot) for Kitchen Printer
[2026-02-03T08:21:05.557Z] [INFO] Connecting to network printer: 192.168.123.101:9100
[2026-02-03T08:21:05.968Z] [INFO] ✓ Job 1023 printed successfully
[2026-02-03T08:27:07.497Z] [INFO] Found 1 pending job(s)
[2026-02-03T08:27:07.498Z] [INFO] Found 1 pending job(s)
[2026-02-03T08:27:07.501Z] [INFO] Processing job 1025 (receipt) for Customer Receipt
[2026-02-03T08:27:08.371Z] [INFO] Connecting to network printer: 192.168.123.102:9100
[2026-02-03T08:27:08.682Z] [INFO] ✓ Job 1025 printed successfully
[2026-02-03T08:35:24.439Z] [INFO] Found 1 pending job(s)
[2026-02-03T08:35:24.442Z] [INFO] Found 1 pending job(s)
[2026-02-03T08:35:24.444Z] [INFO] Processing job 1026 (receipt) for Customer Receipt
[2026-02-03T08:35:25.797Z] [INFO] Connecting to network printer: 192.168.123.102:9100
[2026-02-03T08:35:26.227Z] [INFO] ✓ Job 1026 printed successfully
[2026-02-03T08:36:48.332Z] [INFO] Found 1 pending job(s)
[2026-02-03T08:36:48.335Z] [INFO] Found 1 pending job(s)
[2026-02-03T08:36:48.337Z] [INFO] Processing job 1027 (receipt) for Customer Receipt
[2026-02-03T08:36:49.203Z] [INFO] Connecting to network printer: 192.168.123.102:9100
[2026-02-03T08:36:49.519Z] [INFO] ✓ Job 1027 printed successfully
[2026-02-03T08:48:13.134Z] [INFO] Print server starting...
[2026-02-03T08:48:13.137Z] [INFO] API: https://kamikuralk.online/api
[2026-02-03T08:48:13.138Z] [INFO] Poll interval: 2000ms
[2026-02-03T08:48:13.138Z] [INFO] Retry interval: 30000ms
[2026-02-03T08:48:13.139Z] [INFO] ✓ Print server running. Press Ctrl+C to stop.
[2026-02-03T08:48:13.240Z] [ERROR] Failed to fetch pending jobs
{
  "error": "fetch failed"
}
[2026-02-03T08:48:15.158Z] [ERROR] Failed to fetch pending jobs
{
  "error": "fetch failed"
}
[2026-02-03T08:48:17.156Z] [ERROR] Failed to fetch pending jobs
{
  "error": "fetch failed"
}
[2026-02-03T08:48:19.154Z] [ERROR] Failed to fetch pending jobs
{
  "error": "fetch failed"
}
[2026-02-03T08:48:21.155Z] [ERROR] Failed to fetch pending jobs
{
  "error": "fetch failed"
}
[2026-02-03T08:48:23.170Z] [ERROR] Failed to fetch pending jobs
{
  "error": "fetch failed"
}
[2026-02-03T08:48:25.171Z] [ERROR] Failed to fetch pending jobs
{
  "error": "fetch failed"
}
[2026-02-03T08:48:27.173Z] [ERROR] Failed to fetch pending jobs
{
  "error": "fetch failed"
}
[2026-02-03T08:48:29.378Z] [ERROR] Failed to fetch pending jobs
{
  "error": "fetch failed"
}
[2026-02-03T08:48:31.363Z] [ERROR] Failed to fetch pending jobs
{
  "error": "fetch failed"
}
[2026-02-03T08:48:33.379Z] [ERROR] Failed to fetch pending jobs
{
  "error": "fetch failed"
}
[2026-02-03T08:48:35.376Z] [ERROR] Failed to fetch pending jobs
{
  "error": "fetch failed"
}
[2026-02-03T08:48:37.377Z] [ERROR] Failed to fetch pending jobs
{
  "error": "fetch failed"
}
[2026-02-03T08:48:39.374Z] [ERROR] Failed to fetch pending jobs
{
  "error": "fetch failed"
}
[2026-02-03T08:48:41.380Z] [ERROR] Failed to fetch pending jobs
{
  "error": "fetch failed"
}
[2026-02-03T08:48:43.375Z] [ERROR] Failed to fetch pending jobs
{
  "error": "fetch failed"
}
[2026-02-03T08:48:45.387Z] [ERROR] Failed to fetch pending jobs
{
  "error": "fetch failed"
}
[2026-02-03T08:48:47.385Z] [ERROR] Failed to fetch pending jobs
{
  "error": "fetch failed"
}
[2026-02-03T08:48:49.400Z] [ERROR] Failed to fetch pending jobs
{
  "error": "fetch failed"
}
[2026-02-03T08:48:51.403Z] [ERROR] Failed to fetch pending jobs
{
  "error": "fetch failed"
}
[2026-02-03T08:48:53.400Z] [ERROR] Failed to fetch pending jobs
{
  "error": "fetch failed"
}
[2026-02-03T08:48:55.401Z] [ERROR] Failed to fetch pending jobs
{
  "error": "fetch failed"
}
[2026-02-03T08:48:57.399Z] [ERROR] Failed to fetch pending jobs
{
  "error": "fetch failed"
}
[2026-02-03T08:48:59.416Z] [ERROR] Failed to fetch pending jobs
{
  "error": "fetch failed"
}
[2026-02-03T08:49:01.430Z] [ERROR] Failed to fetch pending jobs
{
  "error": "fetch failed"
}
[2026-02-03T08:49:03.433Z] [ERROR] Failed to fetch pending jobs
{
  "error": "fetch failed"
}
[2026-02-03T08:49:05.448Z] [ERROR] Failed to fetch pending jobs
{
  "error": "fetch failed"
}
[2026-02-03T08:49:07.461Z] [ERROR] Failed to fetch pending jobs
{
  "error": "fetch failed"
}
[2026-02-03T08:49:09.464Z] [ERROR] Failed to fetch pending jobs
{
  "error": "fetch failed"
}
[2026-02-03T08:49:11.480Z] [ERROR] Failed to fetch pending jobs
{
  "error": "fetch failed"
}
[2026-02-03T08:49:13.493Z] [ERROR] Failed to fetch pending jobs
{
  "error": "fetch failed"
}
[2026-02-03T08:49:15.494Z] [ERROR] Failed to fetch pending jobs
{
  "error": "fetch failed"
}
[2026-02-03T08:49:17.495Z] [ERROR] Failed to fetch pending jobs
{
  "error": "fetch failed"
}
[2026-02-03T08:49:19.493Z] [ERROR] Failed to fetch pending jobs
{
  "error": "fetch failed"
}
[2026-02-03T08:49:21.506Z] [ERROR] Failed to fetch pending jobs
{
  "error": "fetch failed"
}
[2026-02-03T08:49:23.522Z] [ERROR] Failed to fetch pending jobs
{
  "error": "fetch failed"
}
[2026-02-03T08:49:25.521Z] [ERROR] Failed to fetch pending jobs
{
  "error": "fetch failed"
}
[2026-02-03T08:49:27.536Z] [ERROR] Failed to fetch pending jobs
{
  "error": "fetch failed"
}
[2026-02-03T08:49:29.537Z] [ERROR] Failed to fetch pending jobs
{
  "error": "fetch failed"
}
[2026-02-03T08:49:31.536Z] [ERROR] Failed to fetch pending jobs
{
  "error": "fetch failed"
}
[2026-02-03T08:49:33.537Z] [ERROR] Failed to fetch pending jobs
{
  "error": "fetch failed"
}
[2026-02-03T08:49:35.542Z] [ERROR] Failed to fetch pending jobs
{
  "error": "fetch failed"
}
[2026-02-03T08:49:37.551Z] [ERROR] Failed to fetch pending jobs
{
  "error": "fetch failed"
}
[2026-02-03T08:49:39.567Z] [ERROR] Failed to fetch pending jobs
{
  "error": "fetch failed"
}
[2026-02-03T08:49:41.567Z] [ERROR] Failed to fetch pending jobs
{
  "error": "fetch failed"
}
[2026-02-03T08:49:43.582Z] [ERROR] Failed to fetch pending jobs
{
  "error": "fetch failed"
}
[2026-02-03T08:49:45.582Z] [ERROR] Failed to fetch pending jobs
{
  "error": "fetch failed"
}
[2026-02-03T08:49:47.598Z] [ERROR] Failed to fetch pending jobs
{
  "error": "fetch failed"
}
[2026-02-03T08:49:49.617Z] [ERROR] Failed to fetch pending jobs
{
  "error": "fetch failed"
}
[2026-02-03T08:49:51.612Z] [ERROR] Failed to fetch pending jobs
{
  "error": "fetch failed"
}
[2026-02-03T08:49:53.629Z] [ERROR] Failed to fetch pending jobs
{
  "error": "fetch failed"
}
[2026-02-03T08:49:55.628Z] [ERROR] Failed to fetch pending jobs
{
  "error": "fetch failed"
}
[2026-02-03T08:49:57.643Z] [ERROR] Failed to fetch pending jobs
{
  "error": "fetch failed"
}
[2026-02-03T08:49:59.649Z] [ERROR] Failed to fetch pending jobs
{
  "error": "fetch failed"
}
[2026-02-03T08:50:01.651Z] [ERROR] Failed to fetch pending jobs
{
  "error": "fetch failed"
}
[2026-02-03T08:50:03.664Z] [ERROR] Failed to fetch pending jobs
{
  "error": "fetch failed"
}
[2026-02-03T08:50:05.666Z] [ERROR] Failed to fetch pending jobs
{
  "error": "fetch failed"
}
[2026-02-03T08:50:07.682Z] [ERROR] Failed to fetch pending jobs
{
  "error": "fetch failed"
}
[2026-02-03T08:50:09.681Z] [ERROR] Failed to fetch pending jobs
{
  "error": "fetch failed"
}
[2026-02-03T08:50:11.682Z] [ERROR] Failed to fetch pending jobs
{
  "error": "fetch failed"
}
[2026-02-03T08:50:13.696Z] [ERROR] Failed to fetch pending jobs
{
  "error": "fetch failed"
}
[2026-02-03T08:50:15.712Z] [ERROR] Failed to fetch pending jobs
{
  "error": "fetch failed"
}
[2026-02-03T08:50:17.729Z] [ERROR] Failed to fetch pending jobs
{
  "error": "fetch failed"
}
[2026-02-03T08:50:19.725Z] [ERROR] Failed to fetch pending jobs
{
  "error": "fetch failed"
}
[2026-02-03T08:50:21.741Z] [ERROR] Failed to fetch pending jobs
{
  "error": "fetch failed"
}
                                                                                              [2026-02-03T08:55:28.938Z] [INFO] Print server starting...
[2026-02-03T08:55:28.942Z] [INFO] API: https://kamikuralk.online/api
[2026-02-03T08:55:28.943Z] [INFO] Poll interval: 2000ms
[2026-02-03T08:55:28.944Z] [INFO] Retry interval: 30000ms
[2026-02-03T08:55:28.945Z] [INFO] ✓ Print server running. Press Ctrl+C to stop.
[2026-02-03T08:55:29.114Z] [ERROR] Failed to fetch pending jobs
{
  "error": "fetch failed"
}
[2026-02-03T08:55:30.967Z] [ERROR] Failed to fetch pending jobs
{
  "error": "fetch failed"
}
[2026-02-03T08:55:32.968Z] [ERROR] Failed to fetch pending jobs
{
  "error": "fetch failed"
}
[2026-02-03T08:55:34.964Z] [ERROR] Failed to fetch pending jobs
{
  "error": "fetch failed"
}
[2026-02-03T08:55:36.965Z] [ERROR] Failed to fetch pending jobs
{
  "error": "fetch failed"
}
[2026-02-03T08:55:38.983Z] [ERROR] Failed to fetch pending jobs
{
  "error": "fetch failed"
}
[2026-02-03T08:55:40.981Z] [ERROR] Failed to fetch pending jobs
{
  "error": "fetch failed"
}
[2026-02-03T08:55:42.981Z] [ERROR] Failed to fetch pending jobs
{
  "error": "fetch failed"
}
[2026-02-03T08:55:44.979Z] [ERROR] Failed to fetch pending jobs
{
  "error": "fetch failed"
}
[2026-02-03T08:55:46.998Z] [ERROR] Failed to fetch pending jobs
{
  "error": "fetch failed"
}
[2026-02-03T08:55:48.996Z] [ERROR] Failed to fetch pending jobs
{
  "error": "fetch failed"
}
[2026-02-03T08:55:50.995Z] [ERROR] Failed to fetch pending jobs
{
  "error": "fetch failed"
}
[2026-02-03T08:55:52.995Z] [ERROR] Failed to fetch pending jobs
{
  "error": "fetch failed"
}
[2026-02-03T08:55:54.996Z] [ERROR] Failed to fetch pending jobs
{
  "error": "fetch failed"
}
[2026-02-03T08:55:56.994Z] [ERROR] Failed to fetch pending jobs
{
  "error": "fetch failed"
}
[2026-02-03T08:55:59.009Z] [ERROR] Failed to fetch pending jobs
{
  "error": "fetch failed"
}
[2026-02-03T08:56:01.025Z] [ERROR] Failed to fetch pending jobs
{
  "error": "fetch failed"
}
[2026-02-03T08:56:03.040Z] [ERROR] Failed to fetch pending jobs
{
  "error": "fetch failed"
}
[2026-02-03T08:56:05.040Z] [ERROR] Failed to fetch pending jobs
{
  "error": "fetch failed"
}
[2026-02-03T08:56:07.039Z] [ERROR] Failed to fetch pending jobs
{
  "error": "fetch failed"
}
[2026-02-03T08:56:09.056Z] [ERROR] Failed to fetch pending jobs
{
  "error": "fetch failed"
}
[2026-02-03T08:56:11.056Z] [ERROR] Failed to fetch pending jobs
{
  "error": "fetch failed"
}
[2026-02-03T08:56:13.071Z] [ERROR] Failed to fetch pending jobs
{
  "error": "fetch failed"
}
[2026-02-03T08:56:15.087Z] [ERROR] Failed to fetch pending jobs
{
  "error": "fetch failed"
}
[2026-02-03T08:56:17.086Z] [ERROR] Failed to fetch pending jobs
{
  "error": "fetch failed"
}
[2026-02-03T08:56:19.103Z] [ERROR] Failed to fetch pending jobs
{
  "error": "fetch failed"
}
[2026-02-03T08:56:21.117Z] [ERROR] Failed to fetch pending jobs
{
  "error": "fetch failed"
}
[2026-02-03T08:56:23.118Z] [ERROR] Failed to fetch pending jobs
{
  "error": "fetch failed"
}
[2026-02-03T08:56:25.135Z] [ERROR] Failed to fetch pending jobs
{
  "error": "fetch failed"
}
[2026-02-03T08:56:27.133Z] [ERROR] Failed to fetch pending jobs
{
  "error": "fetch failed"
}
[2026-02-03T08:56:29.137Z] [ERROR] Failed to fetch pending jobs
{
  "error": "fetch failed"
}
[2026-02-03T08:56:31.137Z] [ERROR] Failed to fetch pending jobs
{
  "error": "fetch failed"
}
[2026-02-03T08:56:33.153Z] [ERROR] Failed to fetch pending jobs
{
  "error": "fetch failed"
}
[2026-02-03T08:56:35.168Z] [ERROR] Failed to fetch pending jobs
{
  "error": "fetch failed"
}
[2026-02-03T08:56:37.184Z] [ERROR] Failed to fetch pending jobs
{
  "error": "fetch failed"
}
[2026-02-03T08:56:39.184Z] [ERROR] Failed to fetch pending jobs
{
  "error": "fetch failed"
}
[2026-02-03T08:56:41.184Z] [ERROR] Failed to fetch pending jobs
{
  "error": "fetch failed"
}
[2026-02-03T08:56:43.183Z] [ERROR] Failed to fetch pending jobs
{
  "error": "fetch failed"
}
[2026-02-03T08:56:45.200Z] [ERROR] Failed to fetch pending jobs
{
  "error": "fetch failed"
}
[2026-02-03T08:56:47.199Z] [ERROR] Failed to fetch pending jobs
{
  "error": "fetch failed"
}
[2026-02-03T08:56:49.199Z] [ERROR] Failed to fetch pending jobs
{
  "error": "fetch failed"
}
[2026-02-03T08:56:51.199Z] [ERROR] Failed to fetch pending jobs
{
  "error": "fetch failed"
}
[2026-02-03T08:56:53.199Z] [ERROR] Failed to fetch pending jobs
{
  "error": "fetch failed"
}
[2026-02-03T08:56:55.198Z] [ERROR] Failed to fetch pending jobs
{
  "error": "fetch failed"
}
[2026-02-03T08:56:57.213Z] [ERROR] Failed to fetch pending jobs
{
  "error": "fetch failed"
}
[2026-02-03T08:56:59.229Z] [ERROR] Failed to fetch pending jobs
{
  "error": "fetch failed"
}
[2026-02-03T08:57:01.245Z] [ERROR] Failed to fetch pending jobs
{
  "error": "fetch failed"
}
[2026-02-03T08:57:03.244Z] [ERROR] Failed to fetch pending jobs
{
  "error": "fetch failed"
}
[2026-02-03T08:57:05.245Z] [ERROR] Failed to fetch pending jobs
{
  "error": "fetch failed"
}
[2026-02-03T08:57:07.245Z] [ERROR] Failed to fetch pending jobs
{
  "error": "fetch failed"
}
[2026-02-03T08:57:09.259Z] [ERROR] Failed to fetch pending jobs
{
  "error": "fetch failed"
}
[2026-02-03T08:57:11.259Z] [ERROR] Failed to fetch pending jobs
{
  "error": "fetch failed"
}
[2026-02-03T08:57:13.259Z] [ERROR] Failed to fetch pending jobs
{
  "error": "fetch failed"
}
[2026-02-03T08:57:15.260Z] [ERROR] Failed to fetch pending jobs
{
  "error": "fetch failed"
}
[2026-02-03T08:57:17.260Z] [ERROR] Failed to fetch pending jobs
{
  "error": "fetch failed"
}
[2026-02-03T08:57:19.260Z] [ERROR] Failed to fetch pending jobs
{
  "error": "fetch failed"
}
[2026-02-03T08:57:21.276Z] [ERROR] Failed to fetch pending jobs
{
  "error": "fetch failed"
}
[2026-02-03T08:57:23.085Z] [INFO] Print server starting...
[2026-02-03T08:57:23.090Z] [INFO] API: https://kamikuralk.online/api
[2026-02-03T08:57:23.092Z] [INFO] Poll interval: 2000ms
[2026-02-03T08:57:23.094Z] [INFO] Retry interval: 30000ms
[2026-02-03T08:57:23.097Z] [INFO] ✓ Print server running. Press Ctrl+C to stop.
[2026-02-03T08:57:23.307Z] [ERROR] Failed to fetch pending jobs
{
  "error": "fetch failed"
}
[2026-02-03T08:57:23.391Z] [ERROR] Failed to fetch pending jobs
{
  "error": "fetch failed"
}
[2026-02-03T08:57:25.118Z] [ERROR] Failed to fetch pending jobs
{
  "error": "fetch failed"
}
[2026-02-03T08:57:25.322Z] [ERROR] Failed to fetch pending jobs
{
  "error": "fetch failed"
}
[2026-02-03T08:57:27.128Z] [ERROR] Failed to fetch pending jobs
{
  "error": "fetch failed"
}
[2026-02-03T08:57:27.319Z] [ERROR] Failed to fetch pending jobs
{
  "error": "fetch failed"
}
[2026-02-03T08:57:29.177Z] [ERROR] Failed to fetch pending jobs
{
  "error": "fetch failed"
}
[2026-02-03T08:57:29.412Z] [ERROR] Failed to fetch pending jobs
{
  "error": "fetch failed"
}
[2026-02-03T08:57:31.188Z] [ERROR] Failed to fetch pending jobs
{
  "error": "fetch failed"
}
[2026-02-03T08:57:31.407Z] [ERROR] Failed to fetch pending jobs
{
  "error": "fetch failed"
}
[2026-02-03T08:57:33.200Z] [ERROR] Failed to fetch pending jobs
{
  "error": "fetch failed"
}
[2026-02-03T08:57:33.415Z] [ERROR] Failed to fetch pending jobs
{
  "error": "fetch failed"
}
[2026-02-03T08:57:35.206Z] [ERROR] Failed to fetch pending jobs
{
  "error": "fetch failed"
}
[2026-02-03T08:57:35.429Z] [ERROR] Failed to fetch pending jobs
{
  "error": "fetch failed"
}
[2026-02-03T08:57:37.220Z] [ERROR] Failed to fetch pending jobs
{
  "error": "fetch failed"
}
[2026-02-03T08:57:37.440Z] [ERROR] Failed to fetch pending jobs
{
  "error": "fetch failed"
}
[2026-02-03T08:57:39.229Z] [ERROR] Failed to fetch pending jobs
{
  "error": "fetch failed"
}
[2026-02-03T08:57:39.451Z] [ERROR] Failed to fetch pending jobs
{
  "error": "fetch failed"
}
[2026-02-03T08:57:41.243Z] [ERROR] Failed to fetch pending jobs
{
  "error": "fetch failed"
}
[2026-02-03T08:57:41.453Z] [ERROR] Failed to fetch pending jobs
{
  "error": "fetch failed"
}
[2026-02-03T08:57:43.273Z] [ERROR] Failed to fetch pending jobs
{
  "error": "fetch failed"
}
[2026-02-03T08:57:43.458Z] [ERROR] Failed to fetch pending jobs
{
  "error": "fetch failed"
}
[2026-02-03T08:57:45.282Z] [ERROR] Failed to fetch pending jobs
{
  "error": "fetch failed"
}
[2026-02-03T08:57:45.472Z] [ERROR] Failed to fetch pending jobs
{
  "error": "fetch failed"
}
[2026-02-03T08:57:47.326Z] [ERROR] Failed to fetch pending jobs
{
  "error": "fetch failed"
}
[2026-02-03T08:57:47.490Z] [ERROR] Failed to fetch pending jobs
{
  "error": "fetch failed"
}
[2026-02-03T08:57:49.332Z] [ERROR] Failed to fetch pending jobs
{
  "error": "fetch failed"
}
[2026-02-03T08:57:49.488Z] [ERROR] Failed to fetch pending jobs
{
  "error": "fetch failed"
}
[2026-02-03T08:57:51.344Z] [ERROR] Failed to fetch pending jobs
{
  "error": "fetch failed"
}
[2026-02-03T08:57:51.498Z] [ERROR] Failed to fetch pending jobs
{
  "error": "fetch failed"
}
[2026-02-03T08:57:53.359Z] [ERROR] Failed to fetch pending jobs
{
  "error": "fetch failed"
}
[2026-02-03T08:57:53.503Z] [ERROR] Failed to fetch pending jobs
{
  "error": "fetch failed"
}
[2026-02-03T08:57:55.358Z] [ERROR] Failed to fetch pending jobs
{
  "error": "fetch failed"
}
[2026-02-03T08:57:55.518Z] [ERROR] Failed to fetch pending jobs
{
  "error": "fetch failed"
}
[2026-02-03T08:57:57.418Z] [ERROR] Failed to fetch pending jobs
{
  "error": "fetch failed"
}
[2026-02-03T08:57:57.544Z] [ERROR] Failed to fetch pending jobs
{
  "error": "fetch failed"
}
[2026-02-03T08:57:59.424Z] [ERROR] Failed to fetch pending jobs
{
  "error": "fetch failed"
}
[2026-02-03T08:57:59.559Z] [ERROR] Failed to fetch pending jobs
{
  "error": "fetch failed"
}
[2026-02-03T08:58:01.429Z] [ERROR] Failed to fetch pending jobs
{
  "error": "fetch failed"
}
[2026-02-03T08:58:01.565Z] [ERROR] Failed to fetch pending jobs
{
  "error": "fetch failed"
}
[2026-02-03T08:58:03.428Z] [ERROR] Failed to fetch pending jobs
{
  "error": "fetch failed"
}
[2026-02-03T08:58:03.573Z] [ERROR] Failed to fetch pending jobs
{
  "error": "fetch failed"
}
[2026-02-03T08:59:02.327Z] [INFO] Print server starting...
[2026-02-03T08:59:02.331Z] [INFO] API: https://kamikuralk.online/api
[2026-02-03T08:59:02.332Z] [INFO] Poll interval: 2000ms
[2026-02-03T08:59:02.332Z] [INFO] Retry interval: 30000ms
[2026-02-03T08:59:02.333Z] [INFO] ✓ Print server running. Press Ctrl+C to stop.
[2026-02-03T08:59:02.476Z] [ERROR] Failed to fetch pending jobs
{
  "error": "fetch failed"
}
[2026-02-03T08:59:04.353Z] [ERROR] Failed to fetch pending jobs
{
  "error": "fetch failed"
}
[2026-02-03T08:59:06.365Z] [ERROR] Failed to fetch pending jobs
{
  "error": "fetch failed"
}
[2026-02-03T08:59:08.386Z] [ERROR] Failed to fetch pending jobs
{
  "error": "fetch failed"
}
[2026-02-03T08:59:10.380Z] [ERROR] Failed to fetch pending jobs
{
  "error": "fetch failed"
}
[2026-02-03T08:59:12.919Z] [ERROR] Failed to fetch pending jobs
{
  "error": "fetch failed"
}
[2026-02-03T08:59:14.504Z] [ERROR] Failed to fetch pending jobs
{
  "error": "fetch failed"
}
[2026-02-03T08:59:16.514Z] [ERROR] Failed to fetch pending jobs
{
  "error": "fetch failed"
}
[2026-02-03T08:59:18.515Z] [ERROR] Failed to fetch pending jobs
{
  "error": "fetch failed"
}
[2026-02-03T08:59:20.525Z] [ERROR] Failed to fetch pending jobs
{
  "error": "fetch failed"
}
[2026-02-03T08:59:22.530Z] [ERROR] Failed to fetch pending jobs
{
  "error": "fetch failed"
}
[2026-02-03T08:59:24.544Z] [ERROR] Failed to fetch pending jobs
{
  "error": "fetch failed"
}
[2026-02-03T08:59:26.545Z] [ERROR] Failed to fetch pending jobs
{
  "error": "fetch failed"
}
[2026-02-03T08:59:28.555Z] [ERROR] Failed to fetch pending jobs
{
  "error": "fetch failed"
}
[2026-02-03T08:59:30.561Z] [ERROR] Failed to fetch pending jobs
{
  "error": "fetch failed"
}
[2026-02-03T08:59:32.569Z] [ERROR] Failed to fetch pending jobs
{
  "error": "fetch failed"
}
[2026-02-03T08:59:34.577Z] [ERROR] Failed to fetch pending jobs
{
  "error": "fetch failed"
}
[2026-02-03T08:59:36.583Z] [ERROR] Failed to fetch pending jobs
{
  "error": "fetch failed"
}
[2026-02-03T08:59:38.588Z] [ERROR] Failed to fetch pending jobs
{
  "error": "fetch failed"
}
[2026-02-03T08:59:40.596Z] [ERROR] Failed to fetch pending jobs
{
  "error": "fetch failed"
}
[2026-02-03T08:59:42.598Z] [ERROR] Failed to fetch pending jobs
{
  "error": "fetch failed"
}
[2026-02-03T08:59:44.611Z] [ERROR] Failed to fetch pending jobs
{
  "error": "fetch failed"
}
[2026-02-03T08:59:46.613Z] [ERROR] Failed to fetch pending jobs
{
  "error": "fetch failed"
}
[2026-02-03T08:59:48.628Z] [ERROR] Failed to fetch pending jobs
{
  "error": "fetch failed"
}
[2026-02-03T08:59:50.630Z] [ERROR] Failed to fetch pending jobs
{
  "error": "fetch failed"
}
[2026-02-03T08:59:52.642Z] [ERROR] Failed to fetch pending jobs
{
  "error": "fetch failed"
}
[2026-02-03T08:59:54.640Z] [ERROR] Failed to fetch pending jobs
{
  "error": "fetch failed"
}
[2026-02-03T08:59:56.640Z] [ERROR] Failed to fetch pending jobs
{
  "error": "fetch failed"
}
[2026-02-03T08:59:58.656Z] [ERROR] Failed to fetch pending jobs
{
  "error": "fetch failed"
}
[2026-02-03T09:00:00.657Z] [ERROR] Failed to fetch pending jobs
{
  "error": "fetch failed"
}
[2026-02-03T09:00:02.680Z] [ERROR] Failed to fetch pending jobs
{
  "error": "fetch failed"
}
[2026-02-03T09:00:04.696Z] [ERROR] Failed to fetch pending jobs
{
  "error": "fetch failed"
}
[2026-02-03T09:00:06.696Z] [ERROR] Failed to fetch pending jobs
{
  "error": "fetch failed"
}
[2026-02-03T09:00:08.704Z] [ERROR] Failed to fetch pending jobs
{
  "error": "fetch failed"
}
[2026-02-03T09:00:10.695Z] [ERROR] Failed to fetch pending jobs
{
  "error": "fetch failed"
}
[2026-02-03T09:00:12.711Z] [ERROR] Failed to fetch pending jobs
{
  "error": "fetch failed"
}
[2026-02-03T09:00:14.711Z] [ERROR] Failed to fetch pending jobs
{
  "error": "fetch failed"
}
[2026-02-03T09:00:16.711Z] [ERROR] Failed to fetch pending jobs
{
  "error": "fetch failed"
}
[2026-02-03T09:00:18.716Z] [ERROR] Failed to fetch pending jobs
{
  "error": "fetch failed"
}
[2026-02-03T09:00:20.728Z] [ERROR] Failed to fetch pending jobs
{
  "error": "fetch failed"
}
[2026-02-03T09:00:22.736Z] [ERROR] Failed to fetch pending jobs
{
  "error": "fetch failed"
}
[2026-02-03T09:00:24.751Z] [ERROR] Failed to fetch pending jobs
{
  "error": "fetch failed"
}
[2026-02-03T09:00:26.755Z] [ERROR] Failed to fetch pending jobs
{
  "error": "fetch failed"
}
[2026-02-03T09:00:28.750Z] [ERROR] Failed to fetch pending jobs
{
  "error": "fetch failed"
}
[2026-02-03T09:00:30.757Z] [ERROR] Failed to fetch pending jobs
{
  "error": "fetch failed"
}
[2026-02-03T09:00:32.765Z] [ERROR] Failed to fetch pending jobs
{
  "error": "fetch failed"
}
[2026-02-03T09:00:34.768Z] [ERROR] Failed to fetch pending jobs
{
  "error": "fetch failed"
}
[2026-02-03T09:00:36.765Z] [ERROR] Failed to fetch pending jobs
{
  "error": "fetch failed"
}
[2026-02-03T09:00:38.767Z] [ERROR] Failed to fetch pending jobs
{
  "error": "fetch failed"
}
[2026-02-03T09:00:40.768Z] [ERROR] Failed to fetch pending jobs
{
  "error": "fetch failed"
}
[2026-02-03T09:00:42.767Z] [ERROR] Failed to fetch pending jobs
{
  "error": "fetch failed"
}
[2026-02-03T09:00:44.772Z] [ERROR] Failed to fetch pending jobs
{
  "error": "fetch failed"
}
[2026-02-03T09:00:46.773Z] [ERROR] Failed to fetch pending jobs
{
  "error": "fetch failed"
}
[2026-02-03T09:00:48.772Z] [ERROR] Failed to fetch pending jobs
{
  "error": "fetch failed"
}
[2026-02-03T09:00:50.773Z] [ERROR] Failed to fetch pending jobs
{
  "error": "fetch failed"
}
[2026-02-03T09:00:52.772Z] [ERROR] Failed to fetch pending jobs
{
  "error": "fetch failed"
}
[2026-02-03T09:00:54.774Z] [ERROR] Failed to fetch pending jobs
{
  "error": "fetch failed"
}
[2026-02-03T09:00:56.771Z] [ERROR] Failed to fetch pending jobs
{
  "error": "fetch failed"
}
[2026-02-03T09:00:58.783Z] [ERROR] Failed to fetch pending jobs
{
  "error": "fetch failed"
}
[2026-02-03T09:01:00.797Z] [ERROR] Failed to fetch pending jobs
{
  "error": "fetch failed"
}
[2026-02-03T09:01:02.812Z] [ERROR] Failed to fetch pending jobs
{
  "error": "fetch failed"
}
[2026-02-03T09:01:04.826Z] [ERROR] Failed to fetch pending jobs
{
  "error": "fetch failed"
}
[2026-02-03T09:01:06.842Z] [ERROR] Failed to fetch pending jobs
{
  "error": "fetch failed"
}
[2026-02-03T09:01:08.871Z] [ERROR] Failed to fetch pending jobs
{
  "error": "fetch failed"
}
[2026-02-03T09:01:10.862Z] [ERROR] Failed to fetch pending jobs
{
  "error": "fetch failed"
}
[2026-02-03T09:01:12.858Z] [ERROR] Failed to fetch pending jobs
{
  "error": "fetch failed"
}
[2026-02-03T09:01:14.857Z] [ERROR] Failed to fetch pending jobs
{
  "error": "fetch failed"
}
[2026-02-03T09:01:16.873Z] [ERROR] Failed to fetch pending jobs
{
  "error": "fetch failed"
}
[2026-02-03T09:01:18.877Z] [ERROR] Failed to fetch pending jobs
{
  "error": "fetch failed"
}
[2026-02-03T09:01:20.879Z] [ERROR] Failed to fetch pending jobs
{
  "error": "fetch failed"
}
[2026-02-03T09:01:22.893Z] [ERROR] Failed to fetch pending jobs
{
  "error": "fetch failed"
}
[2026-02-03T09:01:24.907Z] [ERROR] Failed to fetch pending jobs
{
  "error": "fetch failed"
}
[2026-02-03T09:01:51.931Z] [INFO] Found 1 pending job(s)
[2026-02-03T09:01:51.932Z] [INFO] Found 1 pending job(s)
[2026-02-03T09:01:51.933Z] [INFO] Processing job 1028 (receipt) for Customer Receipt
[2026-02-03T09:01:55.037Z] [INFO] Connecting to network printer: 192.168.123.102:9100
[2026-02-03T09:02:05.052Z] [WARN] Print attempt 1 failed for job 1028, retrying...
{
  "error": "Print timeout"
}
[2026-02-03T09:02:08.067Z] [INFO] Connecting to network printer: 192.168.123.102:9100
[2026-02-03T09:02:18.081Z] [WARN] Print attempt 2 failed for job 1028, retrying...
{
  "error": "Print timeout"
}
[2026-02-03T09:02:21.089Z] [INFO] Connecting to network printer: 192.168.123.102:9100
[2026-02-03T09:02:23.571Z] [INFO] Found 1 pending job(s)
[2026-02-03T09:02:23.572Z] [INFO] Found 1 pending job(s)
[2026-02-03T09:02:23.573Z] [INFO] Processing job 1029 (receipt) for Customer Receipt
[2026-02-03T09:02:24.611Z] [INFO] Connecting to network printer: 192.168.123.102:9100
[2026-02-03T09:02:31.608Z] [ERROR] ✗ Job 1028 failed
{
  "error": "Print timeout"
}
[2026-02-03T09:02:34.613Z] [WARN] Print attempt 1 failed for job 1029, retrying...
{
  "error": "Print timeout"
}
[2026-02-03T09:02:37.621Z] [INFO] Connecting to network printer: 192.168.123.102:9100
[2026-02-03T09:02:47.634Z] [WARN] Print attempt 2 failed for job 1029, retrying...
{
  "error": "Print timeout"
}
[2026-02-03T09:02:50.641Z] [INFO] Connecting to network printer: 192.168.123.102:9100
[2026-02-03T09:03:00.979Z] [ERROR] ✗ Job 1029 failed
{
  "error": "Print timeout"
}
[2026-02-03T09:07:18.408Z] [ERROR] Failed to fetch pending jobs
{
  "error": "fetch failed"
}
[2026-02-03T09:07:26.735Z] [INFO] Found 1 pending job(s)
[2026-02-03T09:07:26.736Z] [INFO] Found 1 pending job(s)
[2026-02-03T09:07:26.737Z] [INFO] Processing job 1030 (receipt) for Customer Receipt
[2026-02-03T09:07:27.599Z] [INFO] Connecting to network printer: 192.168.123.102:9100
[2026-02-03T09:07:27.971Z] [INFO] ✓ Job 1030 printed successfully
[2026-02-03T09:09:11.195Z] [INFO] Found 1 pending job(s)
[2026-02-03T09:09:11.196Z] [INFO] Found 1 pending job(s)
[2026-02-03T09:09:11.197Z] [INFO] Processing job 1031 (kot) for Kitchen Printer
[2026-02-03T09:09:12.055Z] [INFO] Connecting to network printer: 192.168.123.101:9100
[2026-02-03T09:09:12.443Z] [INFO] ✓ Job 1031 printed successfully
[2026-02-03T09:11:59.889Z] [INFO] Found 1 pending job(s)
[2026-02-03T09:11:59.890Z] [INFO] Found 1 pending job(s)
[2026-02-03T09:11:59.891Z] [INFO] Processing job 1032 (receipt) for Customer Receipt
[2026-02-03T09:12:00.759Z] [INFO] Connecting to network printer: 192.168.123.102:9100
[2026-02-03T09:12:01.067Z] [INFO] ✓ Job 1032 printed successfully
[2026-02-03T09:31:24.311Z] [ERROR] Failed to fetch pending jobs
{
  "error": "fetch failed"
}
[2026-02-03T10:13:32.914Z] [INFO] Found 1 pending job(s)
[2026-02-03T10:13:32.915Z] [INFO] Found 1 pending job(s)
[2026-02-03T10:13:32.916Z] [INFO] Processing job 1033 (receipt) for Customer Receipt
[2026-02-03T10:13:33.808Z] [INFO] Connecting to network printer: 192.168.123.102:9100
[2026-02-03T10:13:34.187Z] [INFO] ✓ Job 1033 printed successfully
[2026-02-03T10:13:55.002Z] [INFO] Found 1 pending job(s)
[2026-02-03T10:13:55.003Z] [INFO] Found 1 pending job(s)
[2026-02-03T10:13:55.004Z] [INFO] Processing job 1034 (receipt) for Customer Receipt
[2026-02-03T10:13:55.865Z] [INFO] Connecting to network printer: 192.168.123.102:9100
[2026-02-03T10:13:56.159Z] [INFO] ✓ Job 1034 printed successfully
[2026-02-03T10:40:01.654Z] [ERROR] Failed to fetch pending jobs
{
  "error": "fetch failed"
}
[2026-02-03T10:55:51.963Z] [ERROR] Failed to fetch pending jobs
{
  "error": "fetch failed"
}
[2026-02-03T13:28:07.697Z] [ERROR] Failed to fetch pending jobs
{
  "error": "fetch failed"
}
[2026-02-03T13:44:48.344Z] [ERROR] Failed to fetch pending jobs
{
  "error": "fetch failed"
}
[2026-02-03T13:59:30.184Z] [INFO] Found 1 pending job(s)
[2026-02-03T13:59:30.185Z] [INFO] Found 1 pending job(s)
[2026-02-03T13:59:30.186Z] [INFO] Processing job 1035 (kot) for Kitchen Printer
[2026-02-03T13:59:32.190Z] [INFO] Found 1 pending job(s)
[2026-02-03T13:59:32.191Z] [INFO] Found 1 pending job(s)
[2026-02-03T13:59:32.192Z] [INFO] Processing job 1035 (kot) for Kitchen Printer
[2026-02-03T13:59:33.131Z] [INFO] Connecting to network printer: 192.168.123.101:9100
[2026-02-03T13:59:33.525Z] [INFO] ✓ Job 1035 printed successfully
[2026-02-03T13:59:34.086Z] [INFO] Connecting to network printer: 192.168.123.101:9100
[2026-02-03T13:59:34.396Z] [INFO] ✓ Job 1035 printed successfully
[2026-02-03T14:19:49.193Z] [ERROR] Failed to fetch pending jobs
{
  "error": "fetch failed"
}
[2026-02-03T14:41:29.501Z] [ERROR] Failed to fetch pending jobs
{
  "error": "fetch failed"
}
[2026-02-03T14:41:41.858Z] [ERROR] Failed to fetch pending jobs
{
  "error": "fetch failed"
}
[2026-02-03T14:41:53.186Z] [ERROR] Failed to fetch pending jobs
{
  "error": "fetch failed"
}
[2026-02-03T14:41:57.677Z] [ERROR] Failed to fetch pending jobs
{
  "error": "fetch failed"
}
[2026-02-03T14:42:29.579Z] [INFO] Found 1 pending job(s)
[2026-02-03T14:42:29.580Z] [INFO] Found 1 pending job(s)
[2026-02-03T14:42:29.581Z] [INFO] Processing job 1036 (receipt) for Customer Receipt
[2026-02-03T14:42:30.486Z] [INFO] Connecting to network printer: 192.168.123.102:9100
[2026-02-03T14:42:30.883Z] [INFO] ✓ Job 1036 printed successfully
[2026-02-03T14:43:01.684Z] [INFO] Found 1 pending job(s)
[2026-02-03T14:43:01.685Z] [INFO] Found 1 pending job(s)
[2026-02-03T14:43:01.686Z] [INFO] Processing job 1037 (receipt) for Customer Receipt
[2026-02-03T14:43:02.577Z] [INFO] Connecting to network printer: 192.168.123.102:9100
[2026-02-03T14:43:02.875Z] [INFO] ✓ Job 1037 printed successfully
[2026-02-03T14:44:29.909Z] [ERROR] Failed to fetch pending jobs
{
  "error": "fetch failed"
}
[2026-02-03T15:00:10.352Z] [ERROR] Failed to fetch pending jobs
{
  "error": "fetch failed"
}
[2026-02-03T15:39:59.353Z] [ERROR] Failed to fetch pending jobs
{
  "error": "fetch failed"
}
[2026-02-04T05:10:16.231Z] [INFO] Print server starting...
[2026-02-04T05:10:16.235Z] [INFO] API: https://kamikuralk.online/api
[2026-02-04T05:10:16.236Z] [INFO] Poll interval: 2000ms
[2026-02-04T05:10:16.237Z] [INFO] Retry interval: 30000ms
[2026-02-04T05:10:16.238Z] [INFO] ✓ Print server running. Press Ctrl+C to stop.
[2026-02-04T08:04:46.330Z] [INFO] Found 1 pending job(s)
[2026-02-04T08:04:46.332Z] [INFO] Found 1 pending job(s)
[2026-02-04T08:04:46.334Z] [INFO] Processing job 1038 (kot) for Kitchen Printer
[2026-02-04T08:04:48.282Z] [INFO] Connecting to network printer: 192.168.123.101:9100
[2026-02-04T08:04:48.763Z] [INFO] ✓ Job 1038 printed successfully
[2026-02-04T08:05:44.871Z] [INFO] Found 1 pending job(s)
[2026-02-04T08:05:44.873Z] [INFO] Found 1 pending job(s)
[2026-02-04T08:05:44.875Z] [INFO] Processing job 1039 (kot) for Kitchen Printer
[2026-02-04T08:05:45.762Z] [INFO] Connecting to network printer: 192.168.123.101:9100
[2026-02-04T08:05:46.069Z] [INFO] ✓ Job 1039 printed successfully
[2026-02-04T08:24:18.095Z] [ERROR] Failed to fetch pending jobs
{
  "error": "fetch failed"
}
[2026-02-04T08:37:20.336Z] [INFO] Found 1 pending job(s)
[2026-02-04T08:37:20.337Z] [INFO] Found 1 pending job(s)
[2026-02-04T08:37:20.337Z] [INFO] Processing job 1040 (kot) for Kitchen Printer
[2026-02-04T08:37:22.174Z] [INFO] Connecting to network printer: 192.168.123.101:9100
[2026-02-04T08:37:22.565Z] [INFO] ✓ Job 1040 printed successfully
[2026-02-04T08:39:10.864Z] [INFO] Found 2 pending job(s)
[2026-02-04T08:39:10.865Z] [INFO] Found 2 pending job(s)
[2026-02-04T08:39:10.867Z] [INFO] Processing job 1041 (bar_ticket) for Bar Printer
[2026-02-04T08:39:11.741Z] [INFO] Connecting to network printer: 192.168.123.102:9100
[2026-02-04T08:39:12.040Z] [INFO] ✓ Job 1041 printed successfully
[2026-02-04T08:39:12.042Z] [INFO] Processing job 1042 (kot) for Kitchen Printer
[2026-02-04T08:39:12.338Z] [INFO] Connecting to network printer: 192.168.123.101:9100
[2026-02-04T08:39:12.632Z] [INFO] ✓ Job 1042 printed successfully
[2026-02-04T09:02:32.622Z] [INFO] Found 1 pending job(s)
[2026-02-04T09:02:32.625Z] [INFO] Found 1 pending job(s)
[2026-02-04T09:02:32.627Z] [INFO] Processing job 1043 (kot) for Kitchen Printer
[2026-02-04T09:02:33.506Z] [INFO] Connecting to network printer: 192.168.123.101:9100
[2026-02-04T09:02:33.868Z] [INFO] ✓ Job 1043 printed successfully
[2026-02-04T09:16:58.636Z] [INFO] Found 1 pending job(s)
[2026-02-04T09:16:58.638Z] [INFO] Found 1 pending job(s)
[2026-02-04T09:16:58.639Z] [INFO] Processing job 1044 (receipt) for Customer Receipt
[2026-02-04T09:16:59.504Z] [INFO] Connecting to network printer: 192.168.123.102:9100
[2026-02-04T09:17:05.395Z] [INFO] ✓ Job 1044 printed successfully
[2026-02-04T09:17:06.686Z] [INFO] Found 1 pending job(s)
[2026-02-04T09:17:06.687Z] [INFO] Found 1 pending job(s)
[2026-02-04T09:17:06.688Z] [INFO] Processing job 1045 (receipt) for Customer Receipt
[2026-02-04T09:17:06.982Z] [INFO] Connecting to network printer: 192.168.123.102:9100
[2026-02-04T09:17:07.279Z] [INFO] ✓ Job 1045 printed successfully
[2026-02-04T09:17:36.852Z] [INFO] Found 1 pending job(s)
[2026-02-04T09:17:36.853Z] [INFO] Found 1 pending job(s)
[2026-02-04T09:17:36.854Z] [INFO] Processing job 1046 (kot) for Kitchen Printer
[2026-02-04T09:17:37.859Z] [INFO] Connecting to network printer: 192.168.123.101:9100
[2026-02-04T09:17:38.185Z] [INFO] ✓ Job 1046 printed successfully
[2026-02-04T09:22:23.977Z] [INFO] Found 1 pending job(s)
[2026-02-04T09:22:23.978Z] [INFO] Found 1 pending job(s)
[2026-02-04T09:22:23.979Z] [INFO] Processing job 1047 (receipt) for Customer Receipt
[2026-02-04T09:22:24.844Z] [INFO] Connecting to network printer: 192.168.123.102:9100
[2026-02-04T09:22:25.140Z] [INFO] ✓ Job 1047 printed successfully
[2026-02-04T09:29:34.245Z] [INFO] Found 1 pending job(s)
[2026-02-04T09:29:34.247Z] [INFO] Found 1 pending job(s)
[2026-02-04T09:29:34.249Z] [INFO] Processing job 1048 (receipt) for Customer Receipt
[2026-02-04T09:29:35.128Z] [INFO] Connecting to network printer: 192.168.123.102:9100
[2026-02-04T09:29:35.426Z] [INFO] ✓ Job 1048 printed successfully
[2026-02-04T09:33:05.377Z] [INFO] Found 1 pending job(s)
[2026-02-04T09:33:05.378Z] [INFO] Found 1 pending job(s)
[2026-02-04T09:33:05.379Z] [INFO] Processing job 1049 (receipt) for Customer Receipt
[2026-02-04T09:33:06.253Z] [INFO] Connecting to network printer: 192.168.123.102:9100
[2026-02-04T09:33:06.557Z] [INFO] ✓ Job 1049 printed successfully
[2026-02-04T09:35:30.079Z] [INFO] Found 1 pending job(s)
[2026-02-04T09:35:30.080Z] [INFO] Found 1 pending job(s)
[2026-02-04T09:35:30.081Z] [INFO] Processing job 1050 (receipt) for Customer Receipt
[2026-02-04T09:35:30.956Z] [INFO] Connecting to network printer: 192.168.123.102:9100
[2026-02-04T09:35:31.261Z] [INFO] ✓ Job 1050 printed successfully
[2026-02-04T12:29:23.054Z] [INFO] Found 1 pending job(s)
[2026-02-04T12:29:23.056Z] [INFO] Found 1 pending job(s)
[2026-02-04T12:29:23.058Z] [INFO] Processing job 1051 (kot) for Kitchen Printer
[2026-02-04T12:29:23.934Z] [INFO] Connecting to network printer: 192.168.123.101:9100
[2026-02-04T12:29:28.813Z] [INFO] ✓ Job 1051 printed successfully
[2026-02-04T13:01:04.100Z] [INFO] Found 1 pending job(s)
[2026-02-04T13:01:04.103Z] [INFO] Found 1 pending job(s)
[2026-02-04T13:01:04.104Z] [INFO] Processing job 1052 (receipt) for Customer Receipt
[2026-02-04T13:01:04.403Z] [INFO] Connecting to network printer: 192.168.123.102:9100
[2026-02-04T13:01:09.880Z] [INFO] ✓ Job 1052 printed successfully
[2026-02-04T13:20:42.996Z] [INFO] Found 1 pending job(s)
[2026-02-04T13:20:42.998Z] [INFO] Found 1 pending job(s)
[2026-02-04T13:20:42.999Z] [INFO] Processing job 1053 (kot) for Kitchen Printer
[2026-02-04T13:20:43.866Z] [INFO] Connecting to network printer: 192.168.123.101:9100
[2026-02-04T13:20:48.789Z] [INFO] ✓ Job 1053 printed successfully
[2026-02-04T13:22:05.421Z] [INFO] Found 1 pending job(s)
[2026-02-04T13:22:05.422Z] [INFO] Found 1 pending job(s)
[2026-02-04T13:22:05.423Z] [INFO] Processing job 1054 (receipt) for Customer Receipt
[2026-02-04T13:22:06.282Z] [INFO] Connecting to network printer: 192.168.123.102:9100
[2026-02-04T13:22:11.295Z] [INFO] ✓ Job 1054 printed successfully
[2026-02-04T13:30:52.076Z] [INFO] Found 1 pending job(s)
[2026-02-04T13:30:52.077Z] [INFO] Found 1 pending job(s)
[2026-02-04T13:30:52.078Z] [INFO] Processing job 1055 (kot) for Kitchen Printer
[2026-02-04T13:30:52.950Z] [INFO] Connecting to network printer: 192.168.123.101:9100
[2026-02-04T13:30:53.253Z] [INFO] ✓ Job 1055 printed successfully
[2026-02-04T13:31:08.147Z] [INFO] Found 1 pending job(s)
[2026-02-04T13:31:08.148Z] [INFO] Found 1 pending job(s)
[2026-02-04T13:31:08.148Z] [INFO] Processing job 1056 (receipt) for Customer Receipt
[2026-02-04T13:31:09.130Z] [INFO] Connecting to network printer: 192.168.123.102:9100
[2026-02-04T13:31:09.440Z] [INFO] ✓ Job 1056 printed successfully
[2026-02-04T13:31:54.328Z] [INFO] Found 1 pending job(s)
[2026-02-04T13:31:54.329Z] [INFO] Found 1 pending job(s)
[2026-02-04T13:31:54.330Z] [INFO] Processing job 1057 (receipt) for Customer Receipt
[2026-02-04T13:31:55.192Z] [INFO] Connecting to network printer: 192.168.123.102:9100
[2026-02-04T13:31:55.485Z] [INFO] ✓ Job 1057 printed successfully
[2026-02-04T13:58:02.655Z] [INFO] Found 1 pending job(s)
[2026-02-04T13:58:02.657Z] [INFO] Found 1 pending job(s)
[2026-02-04T13:58:02.658Z] [INFO] Processing job 1058 (receipt) for Customer Receipt
[2026-02-04T13:58:03.517Z] [INFO] Connecting to network printer: 192.168.123.102:9100
[2026-02-04T13:58:09.361Z] [INFO] ✓ Job 1058 printed successfully
[2026-02-04T13:59:10.983Z] [INFO] Found 1 pending job(s)
[2026-02-04T13:59:10.984Z] [INFO] Found 1 pending job(s)
[2026-02-04T13:59:10.985Z] [INFO] Processing job 1059 (receipt) for Customer Receipt
[2026-02-04T13:59:11.844Z] [INFO] Connecting to network printer: 192.168.123.102:9100
[2026-02-04T13:59:12.136Z] [INFO] ✓ Job 1059 printed successfully
[2026-02-04T14:22:33.730Z] [INFO] Found 1 pending job(s)
[2026-02-04T14:22:33.731Z] [INFO] Found 1 pending job(s)
[2026-02-04T14:22:33.732Z] [INFO] Processing job 1060 (kot) for Kitchen Printer
[2026-02-04T14:22:34.660Z] [INFO] Connecting to network printer: 192.168.123.101:9100
[2026-02-04T14:22:40.364Z] [INFO] ✓ Job 1060 printed successfully
[2026-02-04T14:50:36.292Z] [INFO] Found 2 pending job(s)
[2026-02-04T14:50:36.294Z] [INFO] Found 2 pending job(s)
[2026-02-04T14:50:36.295Z] [INFO] Processing job 1061 (bar_ticket) for Bar Printer
[2026-02-04T14:50:37.166Z] [INFO] Connecting to network printer: 192.168.123.102:9100
[2026-02-04T14:50:38.293Z] [INFO] Found 1 pending job(s)
[2026-02-04T14:50:38.295Z] [INFO] Found 1 pending job(s)
[2026-02-04T14:50:38.296Z] [INFO] Processing job 1062 (kot) for Kitchen Printer
[2026-02-04T14:50:38.582Z] [INFO] Connecting to network printer: 192.168.123.101:9100
[2026-02-04T14:50:42.287Z] [INFO] ✓ Job 1061 printed successfully
[2026-02-04T14:50:42.288Z] [INFO] Processing job 1062 (kot) for Kitchen Printer
[2026-02-04T14:50:43.163Z] [WARN] Failed to update job 1062 status
{
  "success": false,
  "error": "Job not found or already updated"
}
[2026-02-04T14:50:43.165Z] [INFO] Connecting to network printer: 192.168.123.101:9100
[2026-02-04T14:50:43.812Z] [INFO] ✓ Job 1062 printed successfully
[2026-02-04T14:50:45.902Z] [INFO] ✓ Job 1062 printed successfully
[2026-02-04T15:09:57.524Z] [INFO] Found 1 pending job(s)
[2026-02-04T15:09:57.528Z] [INFO] Found 1 pending job(s)
[2026-02-04T15:09:57.529Z] [INFO] Processing job 1063 (receipt) for Customer Receipt
[2026-02-04T15:09:58.626Z] [INFO] Connecting to network printer: 192.168.123.102:9100
[2026-02-04T15:09:58.954Z] [INFO] ✓ Job 1063 printed successfully
[2026-02-04T15:13:13.939Z] [INFO] Found 1 pending job(s)
[2026-02-04T15:13:13.942Z] [INFO] Found 1 pending job(s)
[2026-02-04T15:13:13.943Z] [INFO] Processing job 1064 (receipt) for Customer Receipt
[2026-02-04T15:13:14.805Z] [INFO] Connecting to network printer: 192.168.123.102:9100
[2026-02-04T15:13:19.781Z] [INFO] ✓ Job 1064 printed successfully
[2026-02-04T16:09:40.303Z] [INFO] Found 1 pending job(s)
[2026-02-04T16:09:40.307Z] [INFO] Found 1 pending job(s)
[2026-02-04T16:09:40.308Z] [INFO] Processing job 1065 (kot) for Kitchen Printer
[2026-02-04T16:09:41.527Z] [INFO] Connecting to network printer: 192.168.123.101:9100
[2026-02-04T16:09:46.788Z] [INFO] ✓ Job 1065 printed successfully
[2026-02-04T16:37:30.890Z] [ERROR] Failed to fetch pending jobs
{
  "error": "fetch failed"
}
[2026-02-04T16:38:13.057Z] [INFO] Found 1 pending job(s)
[2026-02-04T16:38:13.058Z] [INFO] Found 1 pending job(s)
[2026-02-04T16:38:13.059Z] [INFO] Processing job 1066 (receipt) for Customer Receipt
[2026-02-04T16:38:13.943Z] [INFO] Connecting to network printer: 192.168.123.102:9100
[2026-02-04T16:38:18.817Z] [INFO] ✓ Job 1066 printed successfully
[2026-02-04T16:39:57.922Z] [INFO] Found 1 pending job(s)
[2026-02-04T16:39:57.923Z] [INFO] Found 1 pending job(s)
[2026-02-04T16:39:57.925Z] [INFO] Processing job 1067 (receipt) for Customer Receipt
[2026-02-04T16:39:58.802Z] [INFO] Connecting to network printer: 192.168.123.102:9100
[2026-02-04T16:39:59.100Z] [INFO] ✓ Job 1067 printed successfully
[2026-02-05T04:43:51.565Z] [INFO] Print server starting...
[2026-02-05T04:43:51.568Z] [INFO] API: https://kamikuralk.online/api
[2026-02-05T04:43:51.569Z] [INFO] Poll interval: 2000ms
[2026-02-05T04:43:51.569Z] [INFO] Retry interval: 30000ms
[2026-02-05T04:43:51.570Z] [INFO] ✓ Print server running. Press Ctrl+C to stop.
[2026-02-05T05:33:18.717Z] [INFO] Found 1 pending job(s)
[2026-02-05T05:33:18.719Z] [INFO] Found 1 pending job(s)
[2026-02-05T05:33:18.721Z] [INFO] Processing job 1068 (kot) for Kitchen Printer
[2026-02-05T05:33:20.602Z] [INFO] Connecting to network printer: 192.168.123.101:9100
[2026-02-05T05:33:21.072Z] [INFO] ✓ Job 1068 printed successfully
[2026-02-05T06:25:15.820Z] [INFO] Found 1 pending job(s)
[2026-02-05T06:25:15.822Z] [INFO] Found 1 pending job(s)
[2026-02-05T06:25:15.823Z] [INFO] Processing job 1069 (receipt) for Customer Receipt
[2026-02-05T06:25:16.683Z] [INFO] Connecting to network printer: 192.168.123.102:9100
[2026-02-05T06:25:16.987Z] [INFO] ✓ Job 1069 printed successfully
[2026-02-05T07:11:42.725Z] [INFO] Found 1 pending job(s)
[2026-02-05T07:11:42.726Z] [INFO] Found 1 pending job(s)
[2026-02-05T07:11:42.726Z] [INFO] Processing job 1070 (receipt) for Customer Receipt
[2026-02-05T07:11:43.590Z] [INFO] Connecting to network printer: 192.168.123.102:9100
[2026-02-05T07:11:43.907Z] [INFO] ✓ Job 1070 printed successfully
[2026-02-05T08:33:03.847Z] [INFO] Found 2 pending job(s)
[2026-02-05T08:33:03.849Z] [INFO] Found 2 pending job(s)
[2026-02-05T08:33:03.849Z] [INFO] Processing job 1071 (kot) for Kitchen Printer
[2026-02-05T08:33:04.762Z] [INFO] Connecting to network printer: 192.168.123.101:9100
[2026-02-05T08:33:05.177Z] [INFO] ✓ Job 1071 printed successfully
[2026-02-05T08:33:05.178Z] [INFO] Processing job 1072 (bar_ticket) for Bar Printer
[2026-02-05T08:33:05.471Z] [INFO] Connecting to network printer: 192.168.123.102:9100
[2026-02-05T08:33:05.783Z] [INFO] ✓ Job 1072 printed successfully
[2026-02-05T08:52:54.464Z] [INFO] Found 2 pending job(s)
[2026-02-05T08:52:54.465Z] [INFO] Found 2 pending job(s)
[2026-02-05T08:52:54.466Z] [INFO] Processing job 1073 (kot) for Kitchen Printer
[2026-02-05T08:52:55.342Z] [INFO] Connecting to network printer: 192.168.123.101:9100
[2026-02-05T08:52:55.666Z] [INFO] ✓ Job 1073 printed successfully
[2026-02-05T08:52:55.666Z] [INFO] Processing job 1074 (bar_ticket) for Bar Printer
[2026-02-05T08:52:55.970Z] [INFO] Connecting to network printer: 192.168.123.102:9100
[2026-02-05T08:52:56.289Z] [INFO] ✓ Job 1074 printed successfully
[2026-02-05T08:52:58.225Z] [ERROR] Failed to fetch pending jobs
{
  "error": "fetch failed"
}
[2026-02-05T09:06:45.844Z] [INFO] Found 1 pending job(s)
[2026-02-05T09:06:45.846Z] [INFO] Found 1 pending job(s)
[2026-02-05T09:06:45.847Z] [INFO] Processing job 1075 (receipt) for Customer Receipt
[2026-02-05T09:06:46.732Z] [INFO] Connecting to network printer: 192.168.123.102:9100
[2026-02-05T09:06:47.106Z] [INFO] ✓ Job 1075 printed successfully
[2026-02-05T09:08:12.296Z] [INFO] Found 1 pending job(s)
[2026-02-05T09:08:12.297Z] [INFO] Found 1 pending job(s)
[2026-02-05T09:08:12.298Z] [INFO] Processing job 1076 (receipt) for Customer Receipt
[2026-02-05T09:08:13.176Z] [INFO] Connecting to network printer: 192.168.123.102:9100
[2026-02-05T09:08:13.482Z] [INFO] ✓ Job 1076 printed successfully
[2026-02-05T09:23:10.163Z] [INFO] Found 1 pending job(s)
[2026-02-05T09:23:10.164Z] [INFO] Found 1 pending job(s)
[2026-02-05T09:23:10.165Z] [INFO] Processing job 1077 (receipt) for Customer Receipt
[2026-02-05T09:23:11.028Z] [INFO] Connecting to network printer: 192.168.123.102:9100
[2026-02-05T09:23:16.152Z] [INFO] ✓ Job 1077 printed successfully
[2026-02-05T09:24:28.468Z] [INFO] Found 1 pending job(s)
[2026-02-05T09:24:28.469Z] [INFO] Found 1 pending job(s)
[2026-02-05T09:24:28.470Z] [INFO] Processing job 1078 (receipt) for Customer Receipt
[2026-02-05T09:24:30.126Z] [INFO] Connecting to network printer: 192.168.123.102:9100
[2026-02-05T09:24:30.430Z] [INFO] ✓ Job 1078 printed successfully
[2026-02-05T10:21:34.866Z] [INFO] Found 2 pending job(s)
[2026-02-05T10:21:34.868Z] [INFO] Found 2 pending job(s)
[2026-02-05T10:21:34.869Z] [INFO] Processing job 1079 (kot) for Kitchen Printer
[2026-02-05T10:21:35.733Z] [INFO] Connecting to network printer: 192.168.123.101:9100
[2026-02-05T10:21:36.878Z] [INFO] Found 1 pending job(s)
[2026-02-05T10:21:36.879Z] [INFO] Found 1 pending job(s)
[2026-02-05T10:21:36.880Z] [INFO] Processing job 1080 (bar_ticket) for Bar Printer
[2026-02-05T10:21:37.168Z] [INFO] Connecting to network printer: 192.168.123.102:9100
[2026-02-05T10:21:40.655Z] [INFO] ✓ Job 1079 printed successfully
[2026-02-05T10:21:40.656Z] [INFO] Processing job 1080 (bar_ticket) for Bar Printer
[2026-02-05T10:21:41.516Z] [WARN] Failed to update job 1080 status
{
  "success": false,
  "error": "Job not found or already updated"
}
[2026-02-05T10:21:41.517Z] [INFO] Connecting to network printer: 192.168.123.102:9100
[2026-02-05T10:21:42.147Z] [INFO] ✓ Job 1080 printed successfully
[2026-02-05T10:21:44.502Z] [INFO] ✓ Job 1080 printed successfully
[2026-02-05T10:22:25.083Z] [INFO] Found 1 pending job(s)
[2026-02-05T10:22:25.084Z] [INFO] Found 1 pending job(s)
[2026-02-05T10:22:25.085Z] [INFO] Processing job 1081 (kot) for Kitchen Printer
[2026-02-05T10:22:25.953Z] [INFO] Connecting to network printer: 192.168.123.101:9100
[2026-02-05T10:22:26.256Z] [INFO] ✓ Job 1081 printed successfully
[2026-02-05T10:24:29.757Z] [INFO] Found 1 pending job(s)
[2026-02-05T10:24:29.759Z] [INFO] Found 1 pending job(s)
[2026-02-05T10:24:29.760Z] [INFO] Processing job 1082 (kot) for Kitchen Printer
[2026-02-05T10:24:30.620Z] [INFO] Connecting to network printer: 192.168.123.101:9100
[2026-02-05T10:24:30.923Z] [INFO] ✓ Job 1082 printed successfully
[2026-02-05T10:28:52.991Z] [INFO] Found 1 pending job(s)
[2026-02-05T10:28:52.992Z] [INFO] Found 1 pending job(s)
[2026-02-05T10:28:52.993Z] [INFO] Processing job 1083 (kot) for Kitchen Printer
[2026-02-05T10:28:53.874Z] [INFO] Connecting to network printer: 192.168.123.101:9100
[2026-02-05T10:28:54.189Z] [INFO] ✓ Job 1083 printed successfully
[2026-02-05T10:30:23.420Z] [INFO] Found 1 pending job(s)
[2026-02-05T10:30:23.421Z] [INFO] Found 1 pending job(s)
[2026-02-05T10:30:23.422Z] [INFO] Processing job 1084 (receipt) for Customer Receipt
[2026-02-05T10:30:24.314Z] [INFO] Connecting to network printer: 192.168.123.102:9100
[2026-02-05T10:30:24.613Z] [INFO] ✓ Job 1084 printed successfully
[2026-02-05T10:57:43.493Z] [INFO] Found 1 pending job(s)
[2026-02-05T10:57:43.495Z] [INFO] Found 1 pending job(s)
[2026-02-05T10:57:43.496Z] [INFO] Processing job 1085 (kot) for Kitchen Printer
[2026-02-05T10:57:44.364Z] [INFO] Connecting to network printer: 192.168.123.101:9100
[2026-02-05T10:57:50.227Z] [INFO] ✓ Job 1085 printed successfully
[2026-02-05T11:01:32.702Z] [INFO] Found 1 pending job(s)
[2026-02-05T11:01:32.704Z] [INFO] Found 1 pending job(s)
[2026-02-05T11:01:32.705Z] [INFO] Processing job 1086 (kot) for Kitchen Printer
[2026-02-05T11:01:33.575Z] [INFO] Connecting to network printer: 192.168.123.101:9100
[2026-02-05T11:01:33.878Z] [INFO] ✓ Job 1086 printed successfully
[2026-02-05T11:07:46.586Z] [INFO] Found 1 pending job(s)
[2026-02-05T11:07:46.591Z] [INFO] Found 1 pending job(s)
[2026-02-05T11:07:46.595Z] [INFO] Processing job 1087 (receipt) for Customer Receipt
[2026-02-05T11:07:47.497Z] [INFO] Connecting to network printer: 192.168.123.102:9100
[2026-02-05T11:07:53.222Z] [INFO] ✓ Job 1087 printed successfully
[2026-02-05T11:08:30.754Z] [INFO] Found 1 pending job(s)
[2026-02-05T11:08:30.755Z] [INFO] Found 1 pending job(s)
[2026-02-05T11:08:30.757Z] [INFO] Processing job 1088 (receipt) for Customer Receipt
[2026-02-05T11:08:31.652Z] [INFO] Connecting to network printer: 192.168.123.102:9100
[2026-02-05T11:08:31.947Z] [INFO] ✓ Job 1088 printed successfully
[2026-02-05T11:20:56.698Z] [INFO] Found 1 pending job(s)
[2026-02-05T11:20:56.699Z] [INFO] Found 1 pending job(s)
[2026-02-05T11:20:56.699Z] [INFO] Processing job 1089 (kot) for Kitchen Printer
[2026-02-05T11:20:57.565Z] [INFO] Connecting to network printer: 192.168.123.101:9100
[2026-02-05T11:21:02.638Z] [INFO] ✓ Job 1089 printed successfully
[2026-02-05T11:24:13.995Z] [INFO] Found 1 pending job(s)
[2026-02-05T11:24:13.998Z] [INFO] Found 1 pending job(s)
[2026-02-05T11:24:14.004Z] [INFO] Processing job 1090 (receipt) for Customer Receipt
[2026-02-05T11:24:14.909Z] [INFO] Connecting to network printer: 192.168.123.102:9100
[2026-02-05T11:24:15.228Z] [INFO] ✓ Job 1090 printed successfully
[2026-02-05T11:24:31.990Z] [ERROR] Failed to fetch pending jobs
{
  "error": "fetch failed"
}
[2026-02-05T11:24:58.179Z] [INFO] Found 1 pending job(s)
[2026-02-05T11:24:58.180Z] [INFO] Found 1 pending job(s)
[2026-02-05T11:24:58.181Z] [INFO] Processing job 1091 (kot) for Kitchen Printer
[2026-02-05T11:24:59.043Z] [INFO] Connecting to network printer: 192.168.123.101:9100
[2026-02-05T11:24:59.349Z] [INFO] ✓ Job 1091 printed successfully
[2026-02-05T11:26:20.646Z] [INFO] Found 1 pending job(s)
[2026-02-05T11:26:20.647Z] [INFO] Found 1 pending job(s)
[2026-02-05T11:26:20.649Z] [INFO] Processing job 1092 (receipt) for Customer Receipt
[2026-02-05T11:26:21.523Z] [INFO] Connecting to network printer: 192.168.123.102:9100
[2026-02-05T11:26:21.820Z] [INFO] ✓ Job 1092 printed successfully
[2026-02-05T11:29:19.559Z] [INFO] Found 1 pending job(s)
[2026-02-05T11:29:19.560Z] [INFO] Found 1 pending job(s)
[2026-02-05T11:29:19.561Z] [INFO] Processing job 1093 (receipt) for Customer Receipt
[2026-02-05T11:29:20.430Z] [INFO] Connecting to network printer: 192.168.123.102:9100
[2026-02-05T11:29:26.227Z] [INFO] ✓ Job 1093 printed successfully
[2026-02-05T11:31:18.174Z] [INFO] Found 1 pending job(s)
[2026-02-05T11:31:18.176Z] [INFO] Found 1 pending job(s)
[2026-02-05T11:31:18.177Z] [INFO] Processing job 1094 (receipt) for Customer Receipt
[2026-02-05T11:31:19.056Z] [INFO] Connecting to network printer: 192.168.123.102:9100
[2026-02-05T11:31:19.364Z] [INFO] ✓ Job 1094 printed successfully
[2026-02-05T11:35:27.222Z] [INFO] Found 1 pending job(s)
[2026-02-05T11:35:27.224Z] [INFO] Found 1 pending job(s)
[2026-02-05T11:35:27.225Z] [INFO] Processing job 1095 (bar_ticket) for Bar Printer
[2026-02-05T11:35:28.088Z] [INFO] Connecting to network printer: 192.168.123.102:9100
[2026-02-05T11:35:28.383Z] [INFO] ✓ Job 1095 printed successfully
[2026-02-05T11:55:07.310Z] [INFO] Found 1 pending job(s)
[2026-02-05T11:55:07.312Z] [INFO] Found 1 pending job(s)
[2026-02-05T11:55:07.316Z] [INFO] Processing job 1096 (bar_ticket) for Bar Printer
[2026-02-05T11:55:09.303Z] [INFO] Found 1 pending job(s)
[2026-02-05T11:55:09.327Z] [INFO] Found 1 pending job(s)
[2026-02-05T11:55:09.329Z] [INFO] Processing job 1096 (bar_ticket) for Bar Printer
[2026-02-05T11:55:10.216Z] [INFO] Connecting to network printer: 192.168.123.102:9100
[2026-02-05T11:55:15.147Z] [INFO] ✓ Job 1096 printed successfully
[2026-02-05T11:55:15.573Z] [INFO] Connecting to network printer: 192.168.123.102:9100
[2026-02-05T11:55:15.896Z] [INFO] ✓ Job 1096 printed successfully
[2026-02-05T12:00:04.737Z] [INFO] Found 2 pending job(s)
[2026-02-05T12:00:04.739Z] [INFO] Found 2 pending job(s)
[2026-02-05T12:00:04.740Z] [INFO] Processing job 1097 (bar_ticket) for Bar Printer
[2026-02-05T12:00:05.605Z] [INFO] Connecting to network printer: 192.168.123.102:9100
[2026-02-05T12:00:05.898Z] [INFO] ✓ Job 1097 printed successfully
[2026-02-05T12:00:05.899Z] [INFO] Processing job 1098 (kot) for Kitchen Printer
[2026-02-05T12:00:06.203Z] [INFO] Connecting to network printer: 192.168.123.101:9100
[2026-02-05T12:00:11.171Z] [INFO] ✓ Job 1098 printed successfully
[2026-02-05T12:01:22.963Z] [ERROR] Failed to fetch pending jobs
{
  "error": "fetch failed"
}
[2026-02-05T12:13:42.237Z] [INFO] Found 1 pending job(s)
[2026-02-05T12:13:42.238Z] [INFO] Found 1 pending job(s)
[2026-02-05T12:13:42.239Z] [INFO] Processing job 1099 (bar_ticket) for Bar Printer
[2026-02-05T12:13:43.099Z] [INFO] Connecting to network printer: 192.168.123.102:9100
[2026-02-05T12:13:43.397Z] [INFO] ✓ Job 1099 printed successfully
[2026-02-05T12:18:01.290Z] [INFO] Found 1 pending job(s)
[2026-02-05T12:18:01.292Z] [INFO] Found 1 pending job(s)
[2026-02-05T12:18:01.293Z] [INFO] Processing job 1100 (receipt) for Customer Receipt
[2026-02-05T12:18:02.163Z] [INFO] Connecting to network printer: 192.168.123.102:9100
[2026-02-05T12:18:07.154Z] [INFO] ✓ Job 1100 printed successfully
[2026-02-05T12:20:52.093Z] [INFO] Found 1 pending job(s)
[2026-02-05T12:20:52.094Z] [INFO] Found 1 pending job(s)
[2026-02-05T12:20:52.095Z] [INFO] Processing job 1101 (receipt) for Customer Receipt
[2026-02-05T12:20:52.968Z] [INFO] Connecting to network printer: 192.168.123.102:9100
[2026-02-05T12:20:53.281Z] [INFO] ✓ Job 1101 printed successfully
[2026-02-05T12:57:25.515Z] [INFO] Found 1 pending job(s)
[2026-02-05T12:57:25.516Z] [INFO] Found 1 pending job(s)
[2026-02-05T12:57:25.517Z] [INFO] Processing job 1102 (receipt) for Customer Receipt
[2026-02-05T12:57:26.373Z] [INFO] Connecting to network printer: 192.168.123.102:9100
[2026-02-05T12:57:32.244Z] [INFO] ✓ Job 1102 printed successfully
[2026-02-05T12:58:25.779Z] [INFO] Found 1 pending job(s)
[2026-02-05T12:58:25.780Z] [INFO] Found 1 pending job(s)
[2026-02-05T12:58:25.781Z] [INFO] Processing job 1103 (receipt) for Customer Receipt
[2026-02-05T12:58:26.646Z] [INFO] Connecting to network printer: 192.168.123.102:9100
[2026-02-05T12:58:26.939Z] [INFO] ✓ Job 1103 printed successfully
[2026-02-05T13:17:18.676Z] [INFO] Found 1 pending job(s)
[2026-02-05T13:17:18.677Z] [INFO] Found 1 pending job(s)
[2026-02-05T13:17:18.679Z] [INFO] Processing job 1104 (kot) for Kitchen Printer
[2026-02-05T13:17:19.552Z] [INFO] Connecting to network printer: 192.168.123.101:9100
[2026-02-05T13:17:24.659Z] [INFO] ✓ Job 1104 printed successfully
[2026-02-05T14:29:08.974Z] [INFO] Found 1 pending job(s)
[2026-02-05T14:29:08.976Z] [INFO] Found 1 pending job(s)
[2026-02-05T14:29:08.977Z] [INFO] Processing job 1105 (kot) for Kitchen Printer
[2026-02-05T14:29:09.850Z] [INFO] Connecting to network printer: 192.168.123.101:9100
[2026-02-05T14:29:15.755Z] [INFO] ✓ Job 1105 printed successfully
[2026-02-05T14:29:35.148Z] [INFO] Found 1 pending job(s)
[2026-02-05T14:29:35.149Z] [INFO] Found 1 pending job(s)
[2026-02-05T14:29:35.150Z] [INFO] Processing job 1106 (receipt) for Customer Receipt
[2026-02-05T14:29:36.064Z] [INFO] Connecting to network printer: 192.168.123.102:9100
[2026-02-05T14:29:41.160Z] [INFO] ✓ Job 1106 printed successfully
[2026-02-05T15:22:19.200Z] [INFO] Found 1 pending job(s)
[2026-02-05T15:22:19.214Z] [INFO] Found 1 pending job(s)
[2026-02-05T15:22:19.219Z] [INFO] Processing job 1107 (receipt) for Customer Receipt
[2026-02-05T15:22:20.095Z] [INFO] Connecting to network printer: 192.168.123.102:9100
[2026-02-05T15:22:25.170Z] [INFO] ✓ Job 1107 printed successfully
[2026-02-05T15:26:38.530Z] [INFO] Found 1 pending job(s)
[2026-02-05T15:26:38.532Z] [INFO] Found 1 pending job(s)
[2026-02-05T15:26:38.533Z] [INFO] Processing job 1108 (receipt) for Customer Receipt
[2026-02-05T15:26:40.401Z] [INFO] Connecting to network printer: 192.168.123.102:9100
[2026-02-05T15:26:40.709Z] [INFO] ✓ Job 1108 printed successfully
[2026-02-05T16:02:05.358Z] [INFO] Found 1 pending job(s)
[2026-02-05T16:02:05.360Z] [INFO] Found 1 pending job(s)
[2026-02-05T16:02:05.361Z] [INFO] Processing job 1109 (kot) for Kitchen Printer
[2026-02-05T16:02:06.524Z] [INFO] Connecting to network printer: 192.168.123.101:9100
[2026-02-05T16:02:12.584Z] [INFO] ✓ Job 1109 printed successfully
[2026-02-05T16:08:27.159Z] [INFO] Found 2 pending job(s)
[2026-02-05T16:08:27.162Z] [INFO] Found 2 pending job(s)
[2026-02-05T16:08:27.164Z] [INFO] Processing job 1110 (kot) for Kitchen Printer
[2026-02-05T16:08:28.042Z] [INFO] Connecting to network printer: 192.168.123.101:9100
[2026-02-05T16:08:28.398Z] [INFO] ✓ Job 1110 printed successfully
[2026-02-05T16:08:28.399Z] [INFO] Processing job 1111 (bar_ticket) for Bar Printer
[2026-02-05T16:08:29.152Z] [INFO] Found 1 pending job(s)
[2026-02-05T16:08:29.153Z] [INFO] Found 1 pending job(s)
[2026-02-05T16:08:29.154Z] [INFO] Processing job 1111 (bar_ticket) for Bar Printer
[2026-02-05T16:08:29.289Z] [INFO] Connecting to network printer: 192.168.123.102:9100
[2026-02-05T16:08:30.253Z] [WARN] Failed to update job 1111 status
{
  "success": false,
  "error": "Job not found or already updated"
}
[2026-02-05T16:08:30.258Z] [INFO] Connecting to network printer: 192.168.123.102:9100
[2026-02-05T16:08:34.160Z] [INFO] ✓ Job 1111 printed successfully
[2026-02-05T16:08:36.634Z] [INFO] ✓ Job 1111 printed successfully
[2026-02-05T16:09:09.297Z] [INFO] Found 1 pending job(s)
[2026-02-05T16:09:09.298Z] [INFO] Found 1 pending job(s)
[2026-02-05T16:09:09.299Z] [INFO] Processing job 1112 (kot) for Kitchen Printer
[2026-02-05T16:09:10.172Z] [INFO] Connecting to network printer: 192.168.123.101:9100
[2026-02-05T16:09:10.480Z] [INFO] ✓ Job 1112 printed successfully
[2026-02-05T16:09:29.413Z] [INFO] Found 1 pending job(s)
[2026-02-05T16:09:29.415Z] [INFO] Found 1 pending job(s)
[2026-02-05T16:09:29.418Z] [INFO] Processing job 1113 (kot) for Kitchen Printer
[2026-02-05T16:09:30.286Z] [INFO] Connecting to network printer: 192.168.123.101:9100
[2026-02-05T16:09:30.593Z] [INFO] ✓ Job 1113 printed successfully
[2026-02-05T16:33:56.919Z] [INFO] Found 1 pending job(s)
[2026-02-05T16:33:56.921Z] [INFO] Found 1 pending job(s)
[2026-02-05T16:33:56.923Z] [INFO] Processing job 1114 (receipt) for Customer Receipt
[2026-02-05T16:33:57.815Z] [INFO] Connecting to network printer: 192.168.123.102:9100
[2026-02-05T16:34:02.663Z] [INFO] ✓ Job 1114 printed successfully
[2026-02-05T16:35:25.330Z] [INFO] Found 1 pending job(s)
[2026-02-05T16:35:25.331Z] [INFO] Found 1 pending job(s)
[2026-02-05T16:35:25.332Z] [INFO] Processing job 1115 (receipt) for Customer Receipt
[2026-02-05T16:35:26.835Z] [INFO] Connecting to network printer: 192.168.123.102:9100
[2026-02-05T16:35:27.152Z] [INFO] ✓ Job 1115 printed successfully
[2026-02-05T16:46:48.792Z] [INFO] Found 1 pending job(s)
[2026-02-05T16:46:48.816Z] [INFO] Found 1 pending job(s)
[2026-02-05T16:46:48.819Z] [INFO] Processing job 1116 (receipt) for Customer Receipt
[2026-02-05T16:46:49.691Z] [INFO] Connecting to network printer: 192.168.123.102:9100
[2026-02-05T16:46:50.102Z] [INFO] ✓ Job 1116 printed successfully
[2026-02-05T16:49:07.492Z] [INFO] Found 1 pending job(s)
[2026-02-05T16:49:07.503Z] [INFO] Found 1 pending job(s)
[2026-02-05T16:49:07.505Z] [INFO] Processing job 1117 (receipt) for Customer Receipt
[2026-02-05T16:49:09.385Z] [INFO] Connecting to network printer: 192.168.123.102:9100
[2026-02-05T16:49:09.683Z] [INFO] ✓ Job 1117 printed successfully
[2026-02-06T04:42:45.506Z] [INFO] Print server starting...
[2026-02-06T04:42:45.509Z] [INFO] API: https://kamikuralk.online/api
[2026-02-06T04:42:45.510Z] [INFO] Poll interval: 2000ms
[2026-02-06T04:42:45.510Z] [INFO] Retry interval: 30000ms
[2026-02-06T04:42:45.511Z] [INFO] ✓ Print server running. Press Ctrl+C to stop.
[2026-02-06T06:01:56.416Z] [ERROR] Failed to fetch pending jobs
{
  "error": "HTTP 503: Service Unavailable"
}
[2026-02-06T06:01:58.987Z] [ERROR] Failed to fetch pending jobs
{
  "error": "HTTP 503: Service Unavailable"
}
[2026-02-06T06:02:00.996Z] [ERROR] Failed to fetch pending jobs
{
  "error": "HTTP 503: Service Unavailable"
}
[2026-02-06T06:04:06.965Z] [ERROR] Failed to fetch pending jobs
{
  "error": "HTTP 500: Internal Server Error"
}
[2026-02-06T06:04:08.968Z] [ERROR] Failed to fetch pending jobs
{
  "error": "HTTP 500: Internal Server Error"
}
[2026-02-06T08:14:06.607Z] [ERROR] Failed to fetch pending jobs
{
  "error": "fetch failed"
}
[2026-02-06T08:14:56.660Z] [ERROR] Failed to fetch pending jobs
{
  "error": "fetch failed"
}
[2026-02-06T08:20:14.183Z] [INFO] Found 1 pending job(s)
[2026-02-06T08:20:14.185Z] [INFO] Found 1 pending job(s)
[2026-02-06T08:20:14.187Z] [INFO] Processing job 1118 (kot) for Kitchen Printer
[2026-02-06T08:20:16.504Z] [INFO] Connecting to network printer: 192.168.123.101:9100
[2026-02-06T08:20:17.064Z] [INFO] ✓ Job 1118 printed successfully
[2026-02-06T08:20:32.874Z] [INFO] Found 1 pending job(s)
[2026-02-06T08:20:32.876Z] [INFO] Found 1 pending job(s)
[2026-02-06T08:20:32.877Z] [INFO] Processing job 1119 (receipt) for Customer Receipt
[2026-02-06T08:20:33.773Z] [INFO] Connecting to network printer: 192.168.123.102:9100
[2026-02-06T08:20:34.084Z] [INFO] ✓ Job 1119 printed successfully
[2026-02-06T08:20:49.802Z] [INFO] Found 1 pending job(s)
[2026-02-06T08:20:49.803Z] [INFO] Found 1 pending job(s)
[2026-02-06T08:20:49.806Z] [INFO] Processing job 1120 (receipt) for Customer Receipt
[2026-02-06T08:20:50.679Z] [INFO] Connecting to network printer: 192.168.123.102:9100
[2026-02-06T08:20:50.977Z] [INFO] ✓ Job 1120 printed successfully
[2026-02-06T08:21:41.096Z] [INFO] Found 1 pending job(s)
[2026-02-06T08:21:41.097Z] [INFO] Found 1 pending job(s)
[2026-02-06T08:21:41.099Z] [INFO] Processing job 1121 (receipt) for Customer Receipt
[2026-02-06T08:21:42.002Z] [INFO] Connecting to network printer: 192.168.123.102:9100
[2026-02-06T08:21:42.312Z] [INFO] ✓ Job 1121 printed successfully
[2026-02-06T08:55:09.281Z] [INFO] Found 2 pending job(s)
[2026-02-06T08:55:09.283Z] [INFO] Found 2 pending job(s)
[2026-02-06T08:55:09.284Z] [INFO] Processing job 1122 (bar_ticket) for Bar Printer
[2026-02-06T08:55:10.336Z] [INFO] Connecting to network printer: 192.168.123.102:9100
[2026-02-06T08:55:10.655Z] [INFO] ✓ Job 1122 printed successfully
[2026-02-06T08:55:10.657Z] [INFO] Processing job 1123 (kot) for Kitchen Printer
[2026-02-06T08:55:10.946Z] [INFO] Connecting to network printer: 192.168.123.101:9100
[2026-02-06T08:55:11.266Z] [INFO] ✓ Job 1123 printed successfully
[2026-02-06T08:55:55.422Z] [INFO] Found 1 pending job(s)
[2026-02-06T08:55:55.423Z] [INFO] Found 1 pending job(s)
[2026-02-06T08:55:55.424Z] [INFO] Processing job 1124 (bar_ticket) for Bar Printer
[2026-02-06T08:55:56.290Z] [INFO] Connecting to network printer: 192.168.123.102:9100
[2026-02-06T08:55:56.590Z] [INFO] ✓ Job 1124 printed successfully
[2026-02-06T08:59:00.211Z] [INFO] Found 1 pending job(s)
[2026-02-06T08:59:00.212Z] [INFO] Found 1 pending job(s)
[2026-02-06T08:59:00.213Z] [INFO] Processing job 1125 (kot) for Kitchen Printer
[2026-02-06T08:59:01.078Z] [INFO] Connecting to network printer: 192.168.123.101:9100
[2026-02-06T08:59:01.371Z] [INFO] ✓ Job 1125 printed successfully
[2026-02-06T09:00:38.587Z] [INFO] Found 1 pending job(s)
[2026-02-06T09:00:38.588Z] [INFO] Found 1 pending job(s)
[2026-02-06T09:00:38.589Z] [INFO] Processing job 1126 (bar_ticket) for Bar Printer
[2026-02-06T09:00:39.452Z] [INFO] Connecting to network printer: 192.168.123.102:9100
[2026-02-06T09:00:39.750Z] [INFO] ✓ Job 1126 printed successfully
[2026-02-06T09:15:18.534Z] [INFO] Found 1 pending job(s)
[2026-02-06T09:15:18.535Z] [INFO] Found 1 pending job(s)
[2026-02-06T09:15:18.537Z] [INFO] Processing job 1127 (receipt) for Customer Receipt
[2026-02-06T09:15:19.420Z] [INFO] Connecting to network printer: 192.168.123.102:9100
[2026-02-06T09:15:19.786Z] [INFO] ✓ Job 1127 printed successfully
[2026-02-06T09:15:48.652Z] [INFO] Found 1 pending job(s)
[2026-02-06T09:15:48.654Z] [INFO] Found 1 pending job(s)
[2026-02-06T09:15:48.656Z] [INFO] Processing job 1128 (receipt) for Customer Receipt
[2026-02-06T09:15:49.520Z] [INFO] Connecting to network printer: 192.168.123.102:9100
[2026-02-06T09:15:49.822Z] [INFO] ✓ Job 1128 printed successfully
[2026-02-06T09:18:45.598Z] [INFO] Found 1 pending job(s)
[2026-02-06T09:18:45.599Z] [INFO] Found 1 pending job(s)
[2026-02-06T09:18:45.601Z] [INFO] Processing job 1129 (kot) for Kitchen Printer
[2026-02-06T09:18:46.478Z] [INFO] Connecting to network printer: 192.168.123.101:9100
[2026-02-06T09:18:52.217Z] [INFO] ✓ Job 1129 printed successfully
[2026-02-06T09:19:35.833Z] [INFO] Found 1 pending job(s)
[2026-02-06T09:19:35.834Z] [INFO] Found 1 pending job(s)
[2026-02-06T09:19:35.835Z] [INFO] Processing job 1130 (kot) for Kitchen Printer
[2026-02-06T09:19:36.715Z] [INFO] Connecting to network printer: 192.168.123.101:9100
[2026-02-06T09:19:37.013Z] [INFO] ✓ Job 1130 printed successfully
[2026-02-06T09:22:32.765Z] [INFO] Found 1 pending job(s)
[2026-02-06T09:22:32.767Z] [INFO] Found 1 pending job(s)
[2026-02-06T09:22:32.768Z] [INFO] Processing job 1131 (receipt) for Customer Receipt
[2026-02-06T09:22:33.635Z] [INFO] Connecting to network printer: 192.168.123.102:9100
[2026-02-06T09:22:33.933Z] [INFO] ✓ Job 1131 printed successfully
[2026-02-06T09:41:42.535Z] [INFO] Found 1 pending job(s)
[2026-02-06T09:41:42.536Z] [INFO] Found 1 pending job(s)
[2026-02-06T09:41:42.537Z] [INFO] Processing job 1132 (receipt) for Customer Receipt
[2026-02-06T09:41:43.403Z] [INFO] Connecting to network printer: 192.168.123.102:9100
[2026-02-06T09:41:49.225Z] [INFO] ✓ Job 1132 printed successfully
[2026-02-06T09:47:54.367Z] [INFO] Found 1 pending job(s)
[2026-02-06T09:47:54.368Z] [INFO] Found 1 pending job(s)
[2026-02-06T09:47:54.369Z] [INFO] Processing job 1133 (receipt) for Customer Receipt
[2026-02-06T09:47:55.279Z] [INFO] Connecting to network printer: 192.168.123.102:9100
[2026-02-06T09:47:55.580Z] [INFO] ✓ Job 1133 printed successfully
[2026-02-06T10:25:59.735Z] [ERROR] Failed to fetch pending jobs
{
  "error": "fetch failed"
}
[2026-02-06T13:09:51.753Z] [ERROR] Failed to fetch pending jobs
{
  "error": "fetch failed"
}
[2026-02-06T13:09:52.633Z] [ERROR] Failed to fetch pending jobs
{
  "error": "fetch failed"
}
[2026-02-06T13:09:55.781Z] [ERROR] Failed to fetch pending jobs
{
  "error": "fetch failed"
}
[2026-02-06T13:09:57.807Z] [ERROR] Failed to fetch pending jobs
{
  "error": "fetch failed"
}
[2026-02-06T13:09:59.826Z] [ERROR] Failed to fetch pending jobs
{
  "error": "fetch failed"
}
[2026-02-06T13:10:01.855Z] [ERROR] Failed to fetch pending jobs
{
  "error": "fetch failed"
}
[2026-02-06T13:10:03.864Z] [ERROR] Failed to fetch pending jobs
{
  "error": "fetch failed"
}
[2026-02-06T13:10:05.871Z] [ERROR] Failed to fetch pending jobs
{
  "error": "fetch failed"
}
[2026-02-06T13:10:07.884Z] [ERROR] Failed to fetch pending jobs
{
  "error": "fetch failed"
}
[2026-02-06T13:10:09.884Z] [ERROR] Failed to fetch pending jobs
{
  "error": "fetch failed"
}
[2026-02-06T13:10:11.883Z] [ERROR] Failed to fetch pending jobs
{
  "error": "fetch failed"
}
[2026-02-06T13:10:13.898Z] [ERROR] Failed to fetch pending jobs
{
  "error": "fetch failed"
}
[2026-02-06T13:10:14.784Z] [ERROR] Failed to fetch pending jobs
{
  "error": "fetch failed"
}
[2026-02-06T13:10:14.786Z] [ERROR] Failed to fetch pending jobs
{
  "error": "fetch failed"
}
[2026-02-06T13:10:14.789Z] [ERROR] Failed to fetch pending jobs
{
  "error": "fetch failed"
}
[2026-02-06T13:10:14.791Z] [ERROR] Failed to fetch pending jobs
{
  "error": "fetch failed"
}
[2026-02-06T13:10:14.793Z] [ERROR] Failed to fetch pending jobs
{
  "error": "fetch failed"
}
[2026-02-06T13:10:15.705Z] [ERROR] Failed to fetch pending jobs
{
  "error": "fetch failed"
}
[2026-02-06T13:10:17.722Z] [ERROR] Failed to fetch pending jobs
{
  "error": "fetch failed"
}
[2026-02-06T13:10:17.947Z] [ERROR] Failed to fetch pending jobs
{
  "error": "fetch failed"
}
[2026-02-06T13:10:19.732Z] [ERROR] Failed to fetch pending jobs
{
  "error": "fetch failed"
}
[2026-02-06T13:10:21.739Z] [ERROR] Failed to fetch pending jobs
{
  "error": "fetch failed"
}
[2026-02-06T13:10:23.747Z] [ERROR] Failed to fetch pending jobs
{
  "error": "fetch failed"
}
[2026-02-06T13:10:25.760Z] [ERROR] Failed to fetch pending jobs
{
  "error": "fetch failed"
}
[2026-02-06T13:10:27.768Z] [ERROR] Failed to fetch pending jobs
{
  "error": "fetch failed"
}
[2026-02-06T13:26:00.899Z] [INFO] Found 1 pending job(s)
[2026-02-06T13:26:00.901Z] [INFO] Found 1 pending job(s)
[2026-02-06T13:26:00.903Z] [INFO] Processing job 1134 (kot) for Kitchen Printer
[2026-02-06T13:26:01.820Z] [INFO] Connecting to network printer: 192.168.123.101:9100
[2026-02-06T13:26:02.128Z] [INFO] ✓ Job 1134 printed successfully
[2026-02-06T13:26:39.104Z] [INFO] Found 1 pending job(s)
[2026-02-06T13:26:39.105Z] [INFO] Found 1 pending job(s)
[2026-02-06T13:26:39.106Z] [INFO] Processing job 1135 (kot) for Kitchen Printer
[2026-02-06T13:26:39.977Z] [INFO] Connecting to network printer: 192.168.123.101:9100
[2026-02-06T13:26:40.281Z] [INFO] ✓ Job 1135 printed successfully
[2026-02-06T13:28:33.677Z] [INFO] Found 1 pending job(s)
[2026-02-06T13:28:33.678Z] [INFO] Found 1 pending job(s)
[2026-02-06T13:28:33.679Z] [INFO] Processing job 1136 (bar_ticket) for Bar Printer
[2026-02-06T13:28:34.539Z] [INFO] Connecting to network printer: 192.168.123.102:9100
[2026-02-06T13:28:34.853Z] [INFO] ✓ Job 1136 printed successfully
[2026-02-06T13:34:55.639Z] [INFO] Found 2 pending job(s)
[2026-02-06T13:34:55.641Z] [INFO] Found 2 pending job(s)
[2026-02-06T13:34:55.642Z] [INFO] Processing job 1137 (kot) for Kitchen Printer
[2026-02-06T13:34:56.511Z] [INFO] Connecting to network printer: 192.168.123.101:9100
[2026-02-06T13:34:56.812Z] [INFO] ✓ Job 1137 printed successfully
[2026-02-06T13:34:56.813Z] [INFO] Processing job 1138 (bar_ticket) for Bar Printer
[2026-02-06T13:34:57.101Z] [INFO] Connecting to network printer: 192.168.123.102:9100
[2026-02-06T13:34:57.406Z] [INFO] ✓ Job 1138 printed successfully
[2026-02-06T14:14:39.937Z] [INFO] Found 1 pending job(s)
[2026-02-06T14:14:39.940Z] [INFO] Found 1 pending job(s)
[2026-02-06T14:14:39.941Z] [INFO] Processing job 1139 (receipt) for Customer Receipt
[2026-02-06T14:14:40.802Z] [INFO] Connecting to network printer: 192.168.123.102:9100
[2026-02-06T14:14:41.207Z] [INFO] ✓ Job 1139 printed successfully
[2026-02-06T14:16:18.437Z] [INFO] Found 1 pending job(s)
[2026-02-06T14:16:18.438Z] [INFO] Found 1 pending job(s)
[2026-02-06T14:16:18.439Z] [INFO] Processing job 1140 (receipt) for Customer Receipt
[2026-02-06T14:16:19.336Z] [INFO] Connecting to network printer: 192.168.123.102:9100
[2026-02-06T14:16:19.640Z] [INFO] ✓ Job 1140 printed successfully
[2026-02-06T14:18:19.059Z] [INFO] Found 1 pending job(s)
[2026-02-06T14:18:19.061Z] [INFO] Found 1 pending job(s)
[2026-02-06T14:18:19.063Z] [INFO] Processing job 1141 (receipt) for Customer Receipt
[2026-02-06T14:18:19.942Z] [INFO] Connecting to network printer: 192.168.123.102:9100
[2026-02-06T14:18:20.258Z] [INFO] ✓ Job 1141 printed successfully
[2026-02-06T14:18:55.067Z] [ERROR] Failed to fetch pending jobs
{
  "error": "fetch failed"
}
[2026-02-06T14:18:57.098Z] [ERROR] Failed to fetch pending jobs
{
  "error": "fetch failed"
}
[2026-02-06T14:18:58.802Z] [ERROR] Failed to fetch pending jobs
{
  "error": "fetch failed"
}
[2026-02-06T14:18:58.806Z] [ERROR] Failed to fetch pending jobs
{
  "error": "fetch failed"
}
[2026-02-06T14:21:25.941Z] [INFO] Found 1 pending job(s)
[2026-02-06T14:21:25.943Z] [INFO] Found 1 pending job(s)
[2026-02-06T14:21:25.944Z] [INFO] Processing job 1142 (receipt) for Customer Receipt
[2026-02-06T14:21:26.806Z] [INFO] Connecting to network printer: 192.168.123.102:9100
[2026-02-06T14:21:27.112Z] [INFO] ✓ Job 1142 printed successfully
[2026-02-06T14:21:50.063Z] [INFO] Found 1 pending job(s)
[2026-02-06T14:21:50.065Z] [INFO] Found 1 pending job(s)
[2026-02-06T14:21:50.066Z] [INFO] Processing job 1143 (receipt) for Customer Receipt
[2026-02-06T14:21:50.923Z] [INFO] Connecting to network printer: 192.168.123.102:9100
[2026-02-06T14:21:51.220Z] [INFO] ✓ Job 1143 printed successfully
[2026-02-06T14:23:58.729Z] [INFO] Found 1 pending job(s)
[2026-02-06T14:23:58.731Z] [INFO] Found 1 pending job(s)
[2026-02-06T14:23:58.732Z] [INFO] Processing job 1144 (receipt) for Customer Receipt
[2026-02-06T14:23:59.607Z] [INFO] Connecting to network printer: 192.168.123.102:9100
[2026-02-06T14:23:59.902Z] [INFO] ✓ Job 1144 printed successfully
[2026-02-06T14:58:11.105Z] [INFO] Found 1 pending job(s)
[2026-02-06T14:58:11.106Z] [INFO] Found 1 pending job(s)
[2026-02-06T14:58:11.107Z] [INFO] Processing job 1145 (kot) for Kitchen Printer
[2026-02-06T14:58:11.971Z] [INFO] Connecting to network printer: 192.168.123.101:9100
[2026-02-06T14:58:12.378Z] [INFO] ✓ Job 1145 printed successfully
[2026-02-06T15:31:09.350Z] [INFO] Found 1 pending job(s)
[2026-02-06T15:31:09.352Z] [INFO] Found 1 pending job(s)
[2026-02-06T15:31:09.353Z] [INFO] Processing job 1146 (receipt) for Customer Receipt
[2026-02-06T15:31:10.216Z] [INFO] Connecting to network printer: 192.168.123.102:9100
[2026-02-06T15:31:10.619Z] [INFO] ✓ Job 1146 printed successfully
[2026-02-06T15:33:11.946Z] [INFO] Found 1 pending job(s)
[2026-02-06T15:33:11.947Z] [INFO] Found 1 pending job(s)
[2026-02-06T15:33:11.948Z] [INFO] Processing job 1147 (receipt) for Customer Receipt
[2026-02-06T15:33:12.816Z] [INFO] Connecting to network printer: 192.168.123.102:9100
[2026-02-06T15:33:13.131Z] [INFO] ✓ Job 1147 printed successfully
[2026-02-06T15:54:55.451Z] [ERROR] Failed to fetch pending jobs
{
  "error": "fetch failed"
}
[2026-02-06T16:08:49.643Z] [ERROR] Failed to fetch pending jobs
{
  "error": "fetch failed"
}
[2026-02-06T16:14:05.165Z] [ERROR] Failed to fetch pending jobs
{
  "error": "fetch failed"
}
[2026-02-07T04:26:55.638Z] [INFO] Print server starting...
[2026-02-07T04:26:55.641Z] [INFO] API: https://kamikuralk.online/api
[2026-02-07T04:26:55.642Z] [INFO] Poll interval: 2000ms
[2026-02-07T04:26:55.642Z] [INFO] Retry interval: 30000ms
[2026-02-07T04:26:55.643Z] [INFO] ✓ Print server running. Press Ctrl+C to stop.
[2026-02-07T04:29:49.986Z] [ERROR] Failed to fetch pending jobs
{
  "error": "fetch failed"
}
[2026-02-07T04:37:38.686Z] [INFO] Found 1 pending job(s)
[2026-02-07T04:37:38.687Z] [INFO] Found 1 pending job(s)
[2026-02-07T04:37:38.688Z] [INFO] Processing job 1148 (kot) for Kitchen Printer
[2026-02-07T04:37:40.184Z] [INFO] Connecting to network printer: 192.168.123.101:9100
[2026-02-07T04:37:40.569Z] [INFO] ✓ Job 1148 printed successfully
[2026-02-07T06:27:26.823Z] [INFO] Found 1 pending job(s)
[2026-02-07T06:27:26.826Z] [INFO] Found 1 pending job(s)
[2026-02-07T06:27:26.827Z] [INFO] Processing job 1149 (receipt) for Customer Receipt
[2026-02-07T06:27:27.726Z] [INFO] Connecting to network printer: 192.168.123.102:9100
[2026-02-07T06:27:28.036Z] [INFO] ✓ Job 1149 printed successfully
[2026-02-07T07:49:59.356Z] [INFO] Found 1 pending job(s)
[2026-02-07T07:49:59.357Z] [INFO] Found 1 pending job(s)
[2026-02-07T07:49:59.358Z] [INFO] Processing job 1150 (kot) for Kitchen Printer
[2026-02-07T07:50:00.212Z] [INFO] Connecting to network printer: 192.168.123.101:9100
[2026-02-07T07:50:00.533Z] [INFO] ✓ Job 1150 printed successfully
[2026-02-07T08:00:45.113Z] [ERROR] Failed to fetch pending jobs
{
  "error": "fetch failed"
}
[2026-02-07T08:06:19.734Z] [INFO] Found 1 pending job(s)
[2026-02-07T08:06:19.735Z] [INFO] Found 1 pending job(s)
[2026-02-07T08:06:19.736Z] [INFO] Processing job 1151 (receipt) for Customer Receipt
[2026-02-07T08:06:20.601Z] [INFO] Connecting to network printer: 192.168.123.102:9100
[2026-02-07T08:06:20.909Z] [INFO] ✓ Job 1151 printed successfully
[2026-02-07T08:33:37.245Z] [INFO] Found 1 pending job(s)
[2026-02-07T08:33:37.246Z] [INFO] Found 1 pending job(s)
[2026-02-07T08:33:37.247Z] [INFO] Processing job 1152 (kot) for Kitchen Printer
[2026-02-07T08:33:38.106Z] [INFO] Connecting to network printer: 192.168.123.101:9100
[2026-02-07T08:33:38.467Z] [INFO] ✓ Job 1152 printed successfully
[2026-02-07T08:51:24.226Z] [INFO] Found 1 pending job(s)
[2026-02-07T08:51:24.228Z] [INFO] Found 1 pending job(s)
[2026-02-07T08:51:24.229Z] [INFO] Processing job 1153 (receipt) for Customer Receipt
[2026-02-07T08:51:25.093Z] [INFO] Connecting to network printer: 192.168.123.102:9100
[2026-02-07T08:51:25.393Z] [INFO] ✓ Job 1153 printed successfully
[2026-02-07T08:53:46.810Z] [INFO] Found 2 pending job(s)
[2026-02-07T08:53:46.810Z] [INFO] Found 2 pending job(s)
[2026-02-07T08:53:46.811Z] [INFO] Processing job 1154 (kot) for Kitchen Printer
[2026-02-07T08:53:47.668Z] [INFO] Connecting to network printer: 192.168.123.101:9100
[2026-02-07T08:53:47.983Z] [INFO] ✓ Job 1154 printed successfully
[2026-02-07T08:53:47.984Z] [INFO] Processing job 1155 (bar_ticket) for Bar Printer
[2026-02-07T08:53:48.294Z] [INFO] Connecting to network printer: 192.168.123.102:9100
[2026-02-07T08:53:48.602Z] [INFO] ✓ Job 1155 printed successfully
[2026-02-07T09:27:21.935Z] [INFO] Found 1 pending job(s)
[2026-02-07T09:27:21.936Z] [INFO] Found 1 pending job(s)
[2026-02-07T09:27:21.937Z] [INFO] Processing job 1156 (receipt) for Customer Receipt
[2026-02-07T09:27:22.804Z] [INFO] Connecting to network printer: 192.168.123.102:9100
[2026-02-07T09:27:28.599Z] [INFO] ✓ Job 1156 printed successfully
[2026-02-07T09:33:24.196Z] [INFO] Found 1 pending job(s)
[2026-02-07T09:33:24.200Z] [INFO] Found 1 pending job(s)
[2026-02-07T09:33:24.201Z] [INFO] Processing job 1157 (receipt) for Customer Receipt
[2026-02-07T09:33:25.508Z] [INFO] Connecting to network printer: 192.168.123.102:9100
[2026-02-07T09:33:26.026Z] [INFO] ✓ Job 1157 printed successfully
[2026-02-07T09:34:37.994Z] [INFO] Found 1 pending job(s)
[2026-02-07T09:34:37.994Z] [INFO] Found 1 pending job(s)
[2026-02-07T09:34:37.995Z] [INFO] Processing job 1158 (bar_ticket) for Bar Printer
[2026-02-07T09:34:38.908Z] [INFO] Connecting to network printer: 192.168.123.102:9100
[2026-02-07T09:34:39.216Z] [INFO] ✓ Job 1158 printed successfully
[2026-02-07T10:02:49.404Z] [INFO] Found 1 pending job(s)
[2026-02-07T10:02:49.406Z] [INFO] Found 1 pending job(s)
[2026-02-07T10:02:49.407Z] [INFO] Processing job 1159 (receipt) for Customer Receipt
[2026-02-07T10:02:50.273Z] [INFO] Connecting to network printer: 192.168.123.102:9100
[2026-02-07T10:02:56.105Z] [INFO] ✓ Job 1159 printed successfully
[2026-02-07T10:05:01.933Z] [INFO] Found 1 pending job(s)
[2026-02-07T10:05:01.934Z] [INFO] Found 1 pending job(s)
[2026-02-07T10:05:01.935Z] [INFO] Processing job 1160 (receipt) for Customer Receipt
[2026-02-07T10:05:02.807Z] [INFO] Connecting to network printer: 192.168.123.102:9100
[2026-02-07T10:05:03.103Z] [INFO] ✓ Job 1160 printed successfully
[2026-02-07T10:42:52.903Z] [INFO] Found 2 pending job(s)
[2026-02-07T10:42:52.904Z] [INFO] Found 2 pending job(s)
[2026-02-07T10:42:52.905Z] [INFO] Processing job 1161 (kot) for Kitchen Printer
[2026-02-07T10:42:53.771Z] [INFO] Connecting to network printer: 192.168.123.101:9100
[2026-02-07T10:42:54.906Z] [INFO] Found 1 pending job(s)
[2026-02-07T10:42:54.906Z] [INFO] Found 1 pending job(s)
[2026-02-07T10:42:54.907Z] [INFO] Processing job 1162 (bar_ticket) for Bar Printer
[2026-02-07T10:42:55.211Z] [INFO] Connecting to network printer: 192.168.123.102:9100
[2026-02-07T10:42:59.615Z] [INFO] ✓ Job 1161 printed successfully
[2026-02-07T10:42:59.616Z] [INFO] Processing job 1162 (bar_ticket) for Bar Printer
[2026-02-07T10:42:59.903Z] [WARN] Failed to update job 1162 status
{
  "success": false,
  "error": "Job not found or already updated"
}
[2026-02-07T10:42:59.904Z] [INFO] Connecting to network printer: 192.168.123.102:9100
[2026-02-07T10:43:00.036Z] [INFO] ✓ Job 1162 printed successfully
[2026-02-07T10:43:00.196Z] [WARN] Failed to update job 1162 status
{
  "success": false,
  "error": "Job not found or already updated"
}
[2026-02-07T10:43:00.197Z] [INFO] ✓ Job 1162 printed successfully
[2026-02-07T11:20:28.969Z] [INFO] Found 1 pending job(s)
[2026-02-07T11:20:28.970Z] [INFO] Found 1 pending job(s)
[2026-02-07T11:20:28.971Z] [INFO] Processing job 1163 (receipt) for Customer Receipt
[2026-02-07T11:20:29.867Z] [INFO] Connecting to network printer: 192.168.123.102:9100
[2026-02-07T11:20:35.631Z] [INFO] ✓ Job 1163 printed successfully
[2026-02-07T11:21:27.589Z] [INFO] Found 1 pending job(s)
[2026-02-07T11:21:27.590Z] [INFO] Found 1 pending job(s)
[2026-02-07T11:21:27.591Z] [INFO] Processing job 1164 (receipt) for Customer Receipt
[2026-02-07T11:21:28.958Z] [INFO] Connecting to network printer: 192.168.123.102:9100
[2026-02-07T11:21:29.335Z] [INFO] ✓ Job 1164 printed successfully
[2026-02-07T12:59:00.759Z] [INFO] Found 1 pending job(s)
[2026-02-07T12:59:00.760Z] [INFO] Found 1 pending job(s)
[2026-02-07T12:59:00.761Z] [INFO] Processing job 1165 (kot) for Kitchen Printer
[2026-02-07T12:59:01.620Z] [INFO] Connecting to network printer: 192.168.123.101:9100
[2026-02-07T12:59:06.533Z] [INFO] ✓ Job 1165 printed successfully
[2026-02-07T14:40:43.293Z] [INFO] Found 1 pending job(s)
[2026-02-07T14:40:43.295Z] [INFO] Found 1 pending job(s)
[2026-02-07T14:40:43.296Z] [INFO] Processing job 1166 (kot) for Kitchen Printer
[2026-02-07T14:40:44.173Z] [INFO] Connecting to network printer: 192.168.123.101:9100
[2026-02-07T14:40:49.058Z] [INFO] ✓ Job 1166 printed successfully
[2026-02-07T14:46:30.991Z] [INFO] Found 2 pending job(s)
[2026-02-07T14:46:30.992Z] [INFO] Found 2 pending job(s)
[2026-02-07T14:46:30.993Z] [INFO] Processing job 1167 (kot) for Kitchen Printer
[2026-02-07T14:46:33.004Z] [INFO] Found 2 pending job(s)
[2026-02-07T14:46:33.005Z] [INFO] Found 2 pending job(s)
[2026-02-07T14:46:33.006Z] [INFO] Processing job 1167 (kot) for Kitchen Printer
[2026-02-07T14:46:33.282Z] [INFO] Connecting to network printer: 192.168.123.101:9100
[2026-02-07T14:46:33.576Z] [INFO] ✓ Job 1167 printed successfully
[2026-02-07T14:46:33.577Z] [INFO] Processing job 1168 (bar_ticket) for Bar Printer
[2026-02-07T14:46:33.875Z] [INFO] Connecting to network printer: 192.168.123.102:9100
[2026-02-07T14:46:33.877Z] [INFO] Connecting to network printer: 192.168.123.101:9100
[2026-02-07T14:46:34.169Z] [INFO] ✓ Job 1167 printed successfully
[2026-02-07T14:46:34.170Z] [INFO] Processing job 1168 (bar_ticket) for Bar Printer
[2026-02-07T14:46:34.503Z] [WARN] Failed to update job 1168 status
{
  "success": false,
  "error": "Job not found or already updated"
}
[2026-02-07T14:46:34.505Z] [INFO] Connecting to network printer: 192.168.123.102:9100
[2026-02-07T14:46:39.630Z] [INFO] ✓ Job 1168 printed successfully
[2026-02-07T14:46:41.222Z] [INFO] ✓ Job 1168 printed successfully
[2026-02-07T14:46:55.129Z] [INFO] Found 1 pending job(s)
[2026-02-07T14:46:55.131Z] [INFO] Found 1 pending job(s)
[2026-02-07T14:46:55.132Z] [INFO] Processing job 1169 (kot) for Kitchen Printer
[2026-02-07T14:46:56.057Z] [INFO] Connecting to network printer: 192.168.123.101:9100
[2026-02-07T14:46:56.360Z] [INFO] ✓ Job 1169 printed successfully
[2026-02-07T14:52:33.363Z] [INFO] Found 1 pending job(s)
[2026-02-07T14:52:33.364Z] [INFO] Found 1 pending job(s)
[2026-02-07T14:52:33.365Z] [INFO] Processing job 1170 (kot) for Kitchen Printer
[2026-02-07T14:52:36.795Z] [INFO] Found 1 pending job(s)
[2026-02-07T14:52:36.797Z] [INFO] Found 1 pending job(s)
[2026-02-07T14:52:36.799Z] [INFO] Processing job 1170 (kot) for Kitchen Printer
[2026-02-07T14:52:37.094Z] [INFO] Connecting to network printer: 192.168.123.101:9100
[2026-02-07T14:52:41.856Z] [WARN] Failed to update job 1170 status
{
  "success": false,
  "error": "Job not found or already updated"
}
[2026-02-07T14:52:41.867Z] [INFO] Connecting to network printer: 192.168.123.101:9100
[2026-02-07T14:52:42.182Z] [INFO] ✓ Job 1170 printed successfully
[2026-02-07T14:52:42.440Z] [WARN] Failed to update job 1170 status
{
  "success": false,
  "error": "Job not found or already updated"
}
[2026-02-07T14:52:42.443Z] [INFO] ✓ Job 1170 printed successfully
[2026-02-07T14:53:13.779Z] [ERROR] Failed to fetch pending jobs
{
  "error": "fetch failed"
}
[2026-02-07T14:53:13.784Z] [ERROR] Failed to fetch pending jobs
{
  "error": "fetch failed"
}
[2026-02-07T14:53:28.416Z] [ERROR] Failed to fetch pending jobs
{
  "error": "fetch failed"
}
[2026-02-07T14:53:28.420Z] [ERROR] Failed to fetch pending jobs
{
  "error": "fetch failed"
}
[2026-02-07T14:53:28.487Z] [ERROR] Failed to fetch pending jobs
{
  "error": "fetch failed"
}
[2026-02-07T14:57:24.089Z] [INFO] Found 2 pending job(s)
[2026-02-07T14:57:24.090Z] [INFO] Found 2 pending job(s)
[2026-02-07T14:57:24.091Z] [INFO] Processing job 1171 (bar_ticket) for Bar Printer
[2026-02-07T14:57:24.969Z] [INFO] Connecting to network printer: 192.168.123.102:9100
[2026-02-07T14:57:25.264Z] [INFO] ✓ Job 1171 printed successfully
[2026-02-07T14:57:25.265Z] [INFO] Processing job 1172 (kot) for Kitchen Printer
[2026-02-07T14:57:25.557Z] [INFO] Connecting to network printer: 192.168.123.101:9100
[2026-02-07T14:57:25.854Z] [INFO] ✓ Job 1172 printed successfully
[2026-02-07T15:32:16.586Z] [INFO] Found 1 pending job(s)
[2026-02-07T15:32:16.588Z] [INFO] Found 1 pending job(s)
[2026-02-07T15:32:16.589Z] [INFO] Processing job 1173 (kot) for Kitchen Printer
[2026-02-07T15:32:18.568Z] [INFO] Connecting to network printer: 192.168.123.101:9100
[2026-02-07T15:32:23.552Z] [INFO] ✓ Job 1173 printed successfully
[2026-02-07T15:34:55.417Z] [INFO] Found 1 pending job(s)
[2026-02-07T15:34:55.418Z] [INFO] Found 1 pending job(s)
[2026-02-07T15:34:55.419Z] [INFO] Processing job 1174 (kot) for Kitchen Printer
[2026-02-07T15:34:56.301Z] [INFO] Connecting to network printer: 192.168.123.101:9100
[2026-02-07T15:34:56.606Z] [INFO] ✓ Job 1174 printed successfully
[2026-02-07T15:43:15.901Z] [INFO] Found 1 pending job(s)
[2026-02-07T15:43:15.902Z] [INFO] Found 1 pending job(s)
[2026-02-07T15:43:15.904Z] [INFO] Processing job 1175 (receipt) for Customer Receipt
[2026-02-07T15:43:16.789Z] [INFO] Connecting to network printer: 192.168.123.102:9100
[2026-02-07T15:43:22.628Z] [INFO] ✓ Job 1175 printed successfully
[2026-02-07T15:43:33.993Z] [INFO] Found 1 pending job(s)
[2026-02-07T15:43:33.994Z] [INFO] Found 1 pending job(s)
[2026-02-07T15:43:33.996Z] [INFO] Processing job 1176 (receipt) for Customer Receipt
[2026-02-07T15:43:34.873Z] [INFO] Connecting to network printer: 192.168.123.102:9100
[2026-02-07T15:43:35.173Z] [INFO] ✓ Job 1176 printed successfully
[2026-02-07T15:45:28.603Z] [INFO] Found 1 pending job(s)
[2026-02-07T15:45:28.641Z] [INFO] Found 1 pending job(s)
[2026-02-07T15:45:28.658Z] [INFO] Processing job 1177 (receipt) for Customer Receipt
[2026-02-07T15:45:29.548Z] [INFO] Connecting to network printer: 192.168.123.102:9100
[2026-02-07T15:45:29.848Z] [INFO] ✓ Job 1177 printed successfully
[2026-02-07T15:46:02.741Z] [INFO] Found 1 pending job(s)
[2026-02-07T15:46:02.742Z] [INFO] Found 1 pending job(s)
[2026-02-07T15:46:02.743Z] [INFO] Processing job 1178 (receipt) for Customer Receipt
[2026-02-07T15:46:03.629Z] [INFO] Connecting to network printer: 192.168.123.102:9100
[2026-02-07T15:46:03.926Z] [INFO] ✓ Job 1178 printed successfully
[2026-02-07T15:51:58.350Z] [ERROR] Failed to fetch pending jobs
{
  "error": "fetch failed"
}
[2026-02-07T15:59:16.722Z] [INFO] Found 1 pending job(s)
[2026-02-07T15:59:16.723Z] [INFO] Found 1 pending job(s)
[2026-02-07T15:59:16.724Z] [INFO] Processing job 1179 (receipt) for Customer Receipt
[2026-02-07T15:59:17.642Z] [INFO] Connecting to network printer: 192.168.123.102:9100
[2026-02-07T15:59:17.956Z] [INFO] ✓ Job 1179 printed successfully
[2026-02-07T16:01:53.602Z] [INFO] Found 1 pending job(s)
[2026-02-07T16:01:53.603Z] [INFO] Found 1 pending job(s)
[2026-02-07T16:01:53.606Z] [INFO] Processing job 1180 (receipt) for Customer Receipt
[2026-02-07T16:01:54.527Z] [INFO] Connecting to network printer: 192.168.123.102:9100
[2026-02-07T16:01:54.825Z] [INFO] ✓ Job 1180 printed successfully
[2026-02-07T16:15:43.413Z] [INFO] Found 1 pending job(s)
[2026-02-07T16:15:43.414Z] [INFO] Found 1 pending job(s)
[2026-02-07T16:15:43.416Z] [INFO] Processing job 1181 (kot) for Kitchen Printer
[2026-02-07T16:15:44.311Z] [INFO] Connecting to network printer: 192.168.123.101:9100
[2026-02-07T16:15:49.552Z] [INFO] ✓ Job 1181 printed successfully
[2026-02-07T16:27:50.663Z] [INFO] Found 1 pending job(s)
[2026-02-07T16:27:50.664Z] [INFO] Found 1 pending job(s)
[2026-02-07T16:27:50.665Z] [INFO] Processing job 1182 (receipt) for Customer Receipt
[2026-02-07T16:27:51.538Z] [INFO] Connecting to network printer: 192.168.123.102:9100
[2026-02-07T16:27:56.548Z] [INFO] ✓ Job 1182 printed successfully
[2026-02-07T16:28:56.366Z] [INFO] Found 1 pending job(s)
[2026-02-07T16:28:56.367Z] [INFO] Found 1 pending job(s)
[2026-02-07T16:28:56.369Z] [INFO] Processing job 1183 (bar_ticket) for Bar Printer
[2026-02-07T16:28:57.241Z] [INFO] Connecting to network printer: 192.168.123.102:9100
[2026-02-07T16:28:57.542Z] [INFO] ✓ Job 1183 printed successfully
[2026-02-07T16:29:08.432Z] [INFO] Found 1 pending job(s)
[2026-02-07T16:29:08.434Z] [INFO] Found 1 pending job(s)
[2026-02-07T16:29:08.436Z] [INFO] Processing job 1184 (receipt) for Customer Receipt
[2026-02-07T16:29:09.313Z] [INFO] Connecting to network printer: 192.168.123.102:9100
[2026-02-07T16:29:09.621Z] [INFO] ✓ Job 1184 printed successfully
[2026-02-07T16:30:50.891Z] [INFO] Found 1 pending job(s)
[2026-02-07T16:30:50.892Z] [INFO] Found 1 pending job(s)
[2026-02-07T16:30:50.894Z] [INFO] Processing job 1185 (receipt) for Customer Receipt
[2026-02-07T16:30:51.841Z] [INFO] Connecting to network printer: 192.168.123.102:9100
[2026-02-07T16:30:52.143Z] [INFO] ✓ Job 1185 printed successfully
[2026-02-07T16:38:19.035Z] [ERROR] Failed to fetch pending jobs
{
  "error": "fetch failed"
}
[2026-02-07T16:41:54.435Z] [INFO] Found 1 pending job(s)
[2026-02-07T16:41:54.548Z] [INFO] Found 1 pending job(s)
[2026-02-07T16:41:54.550Z] [INFO] Processing job 1186 (receipt) for Customer Receipt
[2026-02-07T16:41:55.445Z] [INFO] Connecting to network printer: 192.168.123.102:9100
[2026-02-07T16:41:55.763Z] [INFO] ✓ Job 1186 printed successfully
[2026-02-07T16:42:29.061Z] [INFO] Found 1 pending job(s)
[2026-02-07T16:42:29.413Z] [INFO] Found 1 pending job(s)
[2026-02-07T16:42:29.584Z] [INFO] Processing job 1187 (receipt) for Customer Receipt
[2026-02-07T16:42:30.622Z] [INFO] Connecting to network printer: 192.168.123.102:9100
[2026-02-07T16:42:31.047Z] [INFO] ✓ Job 1187 printed successfully
[2026-02-07T16:43:43.807Z] [INFO] Found 1 pending job(s)
[2026-02-07T16:43:43.808Z] [INFO] Found 1 pending job(s)
[2026-02-07T16:43:43.809Z] [INFO] Processing job 1188 (receipt) for Customer Receipt
[2026-02-07T16:43:44.730Z] [INFO] Connecting to network printer: 192.168.123.102:9100
[2026-02-07T16:43:45.029Z] [INFO] ✓ Job 1188 printed successfully
[2026-02-08T04:26:35.200Z] [INFO] Print server starting...
[2026-02-08T04:26:35.204Z] [INFO] API: https://kamikuralk.online/api
[2026-02-08T04:26:35.205Z] [INFO] Poll interval: 2000ms
[2026-02-08T04:26:35.206Z] [INFO] Retry interval: 30000ms
[2026-02-08T04:26:35.207Z] [INFO] ✓ Print server running. Press Ctrl+C to stop.
[2026-02-08T05:27:42.520Z] [ERROR] Failed to fetch pending jobs
{
  "error": "fetch failed"
}
[2026-02-08T07:48:47.212Z] [INFO] Found 2 pending job(s)
[2026-02-08T07:48:47.214Z] [INFO] Found 2 pending job(s)
[2026-02-08T07:48:47.216Z] [INFO] Processing job 1189 (kot) for Kitchen Printer
[2026-02-08T07:48:49.100Z] [INFO] Connecting to network printer: 192.168.123.101:9100
[2026-02-08T07:48:49.387Z] [INFO] Found 1 pending job(s)
[2026-02-08T07:48:49.390Z] [INFO] Found 1 pending job(s)
[2026-02-08T07:48:49.391Z] [INFO] Processing job 1190 (bar_ticket) for Bar Printer
[2026-02-08T07:48:49.600Z] [INFO] ✓ Job 1189 printed successfully
[2026-02-08T07:48:49.601Z] [INFO] Processing job 1190 (bar_ticket) for Bar Printer
[2026-02-08T07:48:49.900Z] [INFO] Connecting to network printer: 192.168.123.102:9100
[2026-02-08T07:48:50.208Z] [INFO] ✓ Job 1190 printed successfully
[2026-02-08T07:48:50.252Z] [INFO] Connecting to network printer: 192.168.123.102:9100
[2026-02-08T07:48:50.549Z] [INFO] ✓ Job 1190 printed successfully
[2026-02-08T08:55:52.818Z] [ERROR] Failed to fetch pending jobs
{
  "error": "fetch failed"
}
[2026-02-08T08:55:53.160Z] [ERROR] Failed to fetch pending jobs
{
  "error": "fetch failed"
}
[2026-02-08T08:55:55.892Z] [ERROR] Failed to fetch pending jobs
{
  "error": "fetch failed"
}
[2026-02-08T09:04:20.492Z] [INFO] Found 1 pending job(s)
[2026-02-08T09:04:20.493Z] [INFO] Found 1 pending job(s)
[2026-02-08T09:04:20.494Z] [INFO] Processing job 1191 (receipt) for Customer Receipt
[2026-02-08T09:04:21.373Z] [INFO] Connecting to network printer: 192.168.123.102:9100
[2026-02-08T09:04:21.701Z] [INFO] ✓ Job 1191 printed successfully
[2026-02-08T09:07:03.217Z] [INFO] Found 1 pending job(s)
[2026-02-08T09:07:03.218Z] [INFO] Found 1 pending job(s)
[2026-02-08T09:07:03.220Z] [INFO] Processing job 1192 (receipt) for Customer Receipt
[2026-02-08T09:07:04.169Z] [INFO] Connecting to network printer: 192.168.123.102:9100
[2026-02-08T09:07:04.472Z] [INFO] ✓ Job 1192 printed successfully
[2026-02-08T10:10:17.748Z] [ERROR] Failed to fetch pending jobs
{
  "error": "fetch failed"
}
[2026-02-08T11:35:35.936Z] [INFO] Found 1 pending job(s)
[2026-02-08T11:35:35.940Z] [INFO] Found 1 pending job(s)
[2026-02-08T11:35:35.941Z] [INFO] Processing job 1193 (kot) for Kitchen Printer
[2026-02-08T11:35:36.819Z] [INFO] Connecting to network printer: 192.168.123.101:9100
[2026-02-08T11:35:43.766Z] [INFO] ✓ Job 1193 printed successfully
[2026-02-08T11:40:49.546Z] [ERROR] Failed to fetch pending jobs
{
  "error": "fetch failed"
}
[2026-02-08T11:57:00.133Z] [ERROR] Failed to fetch pending jobs
{
  "error": "fetch failed"
}
[2026-02-08T12:12:51.104Z] [INFO] Found 1 pending job(s)
[2026-02-08T12:12:51.106Z] [INFO] Found 1 pending job(s)
[2026-02-08T12:12:51.108Z] [INFO] Processing job 1194 (receipt) for Customer Receipt
[2026-02-08T12:12:52.008Z] [INFO] Connecting to network printer: 192.168.123.102:9100
[2026-02-08T12:12:57.039Z] [INFO] ✓ Job 1194 printed successfully
[2026-02-08T12:16:04.620Z] [INFO] Found 1 pending job(s)
[2026-02-08T12:16:04.779Z] [INFO] Found 1 pending job(s)
[2026-02-08T12:16:04.859Z] [INFO] Processing job 1195 (receipt) for Customer Receipt
[2026-02-08T12:16:05.742Z] [INFO] Connecting to network printer: 192.168.123.102:9100
[2026-02-08T12:16:06.041Z] [INFO] ✓ Job 1195 printed successfully
[2026-02-08T12:22:40.718Z] [ERROR] Failed to fetch pending jobs
{
  "error": "fetch failed"
}
[2026-02-08T12:23:06.652Z] [ERROR] Failed to fetch pending jobs
{
  "error": "fetch failed"
}
[2026-02-08T12:23:08.686Z] [ERROR] Failed to fetch pending jobs
{
  "error": "fetch failed"
}
[2026-02-08T12:23:10.707Z] [ERROR] Failed to fetch pending jobs
{
  "error": "fetch failed"
}
[2026-02-08T12:23:12.721Z] [ERROR] Failed to fetch pending jobs
{
  "error": "fetch failed"
}
[2026-02-08T12:23:14.756Z] [ERROR] Failed to fetch pending jobs
{
  "error": "fetch failed"
}
[2026-02-08T12:34:00.203Z] [INFO] Found 2 pending job(s)
[2026-02-08T12:34:00.204Z] [INFO] Found 2 pending job(s)
[2026-02-08T12:34:00.206Z] [INFO] Processing job 1196 (kot) for Kitchen Printer
[2026-02-08T12:34:01.106Z] [INFO] Connecting to network printer: 192.168.123.101:9100
[2026-02-08T12:34:02.190Z] [INFO] Found 1 pending job(s)
[2026-02-08T12:34:02.191Z] [INFO] Found 1 pending job(s)
[2026-02-08T12:34:02.192Z] [INFO] Processing job 1197 (bar_ticket) for Bar Printer
[2026-02-08T12:34:02.492Z] [INFO] Connecting to network printer: 192.168.123.102:9100
[2026-02-08T12:34:06.041Z] [INFO] ✓ Job 1196 printed successfully
[2026-02-08T12:34:06.042Z] [INFO] Processing job 1197 (bar_ticket) for Bar Printer
[2026-02-08T12:34:06.906Z] [WARN] Failed to update job 1197 status
{
  "success": false,
  "error": "Job not found or already updated"
}
[2026-02-08T12:34:06.908Z] [INFO] Connecting to network printer: 192.168.123.102:9100
[2026-02-08T12:34:07.554Z] [INFO] ✓ Job 1197 printed successfully
[2026-02-08T12:34:10.276Z] [INFO] ✓ Job 1197 printed successfully
[2026-02-08T13:05:01.460Z] [INFO] Found 1 pending job(s)
[2026-02-08T13:05:01.462Z] [INFO] Found 1 pending job(s)
[2026-02-08T13:05:01.465Z] [INFO] Processing job 1198 (kot) for Kitchen Printer
[2026-02-08T13:05:02.345Z] [INFO] Connecting to network printer: 192.168.123.101:9100
[2026-02-08T13:05:08.130Z] [INFO] ✓ Job 1198 printed successfully
[2026-02-08T13:24:23.449Z] [INFO] Found 2 pending job(s)
[2026-02-08T13:24:23.450Z] [INFO] Found 2 pending job(s)
[2026-02-08T13:24:23.451Z] [INFO] Processing job 1199 (kot) for Kitchen Printer
[2026-02-08T13:24:24.325Z] [INFO] Connecting to network printer: 192.168.123.101:9100
[2026-02-08T13:24:24.632Z] [INFO] ✓ Job 1199 printed successfully
[2026-02-08T13:24:24.633Z] [INFO] Processing job 1200 (bar_ticket) for Bar Printer
[2026-02-08T13:24:24.926Z] [INFO] Connecting to network printer: 192.168.123.102:9100
[2026-02-08T13:24:30.047Z] [INFO] ✓ Job 1200 printed successfully
[2026-02-08T13:26:05.942Z] [INFO] Found 1 pending job(s)
[2026-02-08T13:26:05.943Z] [INFO] Found 1 pending job(s)
[2026-02-08T13:26:05.944Z] [INFO] Processing job 1201 (receipt) for Customer Receipt
[2026-02-08T13:26:06.933Z] [INFO] Connecting to network printer: 192.168.123.102:9100
[2026-02-08T13:26:07.462Z] [INFO] ✓ Job 1201 printed successfully
[2026-02-08T13:29:24.954Z] [INFO] Found 1 pending job(s)
[2026-02-08T13:29:24.955Z] [INFO] Found 1 pending job(s)
[2026-02-08T13:29:24.956Z] [INFO] Processing job 1202 (receipt) for Customer Receipt
[2026-02-08T13:29:25.826Z] [INFO] Connecting to network printer: 192.168.123.102:9100
[2026-02-08T13:29:26.118Z] [INFO] ✓ Job 1202 printed successfully
[2026-02-08T13:36:47.228Z] [INFO] Found 1 pending job(s)
[2026-02-08T13:36:47.229Z] [INFO] Found 1 pending job(s)
[2026-02-08T13:36:47.230Z] [INFO] Processing job 1203 (kot) for Kitchen Printer
[2026-02-08T13:36:48.108Z] [INFO] Connecting to network printer: 192.168.123.101:9100
[2026-02-08T13:36:53.040Z] [INFO] ✓ Job 1203 printed successfully
[2026-02-08T13:51:33.679Z] [INFO] Found 1 pending job(s)
[2026-02-08T13:51:33.681Z] [INFO] Found 1 pending job(s)
[2026-02-08T13:51:33.683Z] [INFO] Processing job 1204 (receipt) for Customer Receipt
[2026-02-08T13:51:34.555Z] [INFO] Connecting to network printer: 192.168.123.102:9100
[2026-02-08T13:51:39.553Z] [INFO] ✓ Job 1204 printed successfully
[2026-02-08T13:53:55.652Z] [ERROR] Failed to fetch pending jobs
{
  "error": "fetch failed"
}
[2026-02-08T13:55:22.726Z] [INFO] Found 1 pending job(s)
[2026-02-08T13:55:22.728Z] [INFO] Found 1 pending job(s)
[2026-02-08T13:55:22.729Z] [INFO] Processing job 1205 (receipt) for Customer Receipt
[2026-02-08T13:55:23.596Z] [INFO] Connecting to network printer: 192.168.123.102:9100
[2026-02-08T13:55:23.901Z] [INFO] ✓ Job 1205 printed successfully
[2026-02-08T14:23:11.054Z] [INFO] Found 1 pending job(s)
[2026-02-08T14:23:11.057Z] [INFO] Found 1 pending job(s)
[2026-02-08T14:23:11.062Z] [INFO] Processing job 1206 (receipt) for Customer Receipt
[2026-02-08T14:23:12.933Z] [INFO] Connecting to network printer: 192.168.123.102:9100
[2026-02-08T14:23:18.050Z] [INFO] ✓ Job 1206 printed successfully
[2026-02-08T14:23:59.281Z] [INFO] Found 1 pending job(s)
[2026-02-08T14:23:59.282Z] [INFO] Found 1 pending job(s)
[2026-02-08T14:23:59.283Z] [INFO] Processing job 1207 (receipt) for Customer Receipt
[2026-02-08T14:24:00.148Z] [INFO] Connecting to network printer: 192.168.123.102:9100
[2026-02-08T14:24:00.445Z] [INFO] ✓ Job 1207 printed successfully
[2026-02-08T14:52:44.249Z] [INFO] Found 1 pending job(s)
[2026-02-08T14:52:44.252Z] [INFO] Found 1 pending job(s)
[2026-02-08T14:52:44.271Z] [INFO] Processing job 1208 (kot) for Kitchen Printer
[2026-02-08T14:52:45.156Z] [INFO] Connecting to network printer: 192.168.123.101:9100
[2026-02-08T14:52:50.641Z] [INFO] ✓ Job 1208 printed successfully
[2026-02-08T16:08:56.624Z] [INFO] Found 1 pending job(s)
[2026-02-08T16:08:56.628Z] [INFO] Found 1 pending job(s)
[2026-02-08T16:08:56.629Z] [INFO] Processing job 1209 (kot) for Kitchen Printer
[2026-02-08T16:08:59.663Z] [INFO] Connecting to network printer: 192.168.123.101:9100
[2026-02-08T16:09:04.543Z] [INFO] ✓ Job 1209 printed successfully
[2026-02-08T16:59:59.918Z] [INFO] Found 1 pending job(s)
[2026-02-08T16:59:59.920Z] [INFO] Found 1 pending job(s)
[2026-02-08T16:59:59.921Z] [INFO] Processing job 1210 (receipt) for Customer Receipt
[2026-02-08T17:00:00.820Z] [INFO] Connecting to network printer: 192.168.123.102:9100
[2026-02-08T17:00:06.625Z] [INFO] ✓ Job 1210 printed successfully
[2026-02-08T17:01:26.301Z] [INFO] Found 1 pending job(s)
[2026-02-08T17:01:26.304Z] [INFO] Found 1 pending job(s)
[2026-02-08T17:01:26.305Z] [INFO] Processing job 1211 (receipt) for Customer Receipt
[2026-02-08T17:01:27.185Z] [INFO] Connecting to network printer: 192.168.123.102:9100
[2026-02-08T17:01:27.489Z] [INFO] ✓ Job 1211 printed successfully
[2026-02-09T04:26:18.916Z] [INFO] Print server starting...
[2026-02-09T04:26:18.919Z] [INFO] API: https://kamikuralk.online/api
[2026-02-09T04:26:18.920Z] [INFO] Poll interval: 2000ms
[2026-02-09T04:26:18.920Z] [INFO] Retry interval: 30000ms
[2026-02-09T04:26:18.921Z] [INFO] ✓ Print server running. Press Ctrl+C to stop.
[2026-02-09T04:35:56.424Z] [ERROR] Failed to fetch pending jobs
{
  "error": "fetch failed"
}
[2026-02-09T04:42:17.570Z] [INFO] Found 1 pending job(s)
[2026-02-09T04:42:17.571Z] [INFO] Found 1 pending job(s)
[2026-02-09T04:42:17.573Z] [INFO] Processing job 1212 (kot) for Kitchen Printer
[2026-02-09T04:42:19.598Z] [INFO] Connecting to network printer: 192.168.123.101:9100
[2026-02-09T04:42:20.058Z] [INFO] ✓ Job 1212 printed successfully
[2026-02-09T06:44:22.429Z] [ERROR] Failed to fetch pending jobs
{
  "error": "fetch failed"
}
[2026-02-09T06:44:24.204Z] [ERROR] Failed to fetch pending jobs
{
  "error": "fetch failed"
}
[2026-02-09T06:44:28.249Z] [ERROR] Failed to fetch pending jobs
{
  "error": "fetch failed"
}
[2026-02-09T06:44:36.363Z] [ERROR] Failed to fetch pending jobs
{
  "error": "fetch failed"
}
[2026-02-09T06:44:38.388Z] [ERROR] Failed to fetch pending jobs
{
  "error": "fetch failed"
}
[2026-02-09T06:44:40.464Z] [ERROR] Failed to fetch pending jobs
{
  "error": "fetch failed"
}
[2026-02-09T06:44:42.487Z] [ERROR] Failed to fetch pending jobs
{
  "error": "fetch failed"
}
[2026-02-09T06:44:44.512Z] [ERROR] Failed to fetch pending jobs
{
  "error": "fetch failed"
}
[2026-02-09T06:44:46.537Z] [ERROR] Failed to fetch pending jobs
{
  "error": "fetch failed"
}
[2026-02-09T06:44:48.552Z] [ERROR] Failed to fetch pending jobs
{
  "error": "fetch failed"
}
[2026-02-09T06:44:49.371Z] [ERROR] Failed to fetch pending jobs
{
  "error": "fetch failed"
}
[2026-02-09T06:44:50.552Z] [ERROR] Failed to fetch pending jobs
{
  "error": "fetch failed"
}
[2026-02-09T06:44:52.572Z] [ERROR] Failed to fetch pending jobs
{
  "error": "fetch failed"
}
[2026-02-09T06:44:54.597Z] [ERROR] Failed to fetch pending jobs
{
  "error": "fetch failed"
}
[2026-02-09T06:44:56.621Z] [ERROR] Failed to fetch pending jobs
{
  "error": "fetch failed"
}
[2026-02-09T06:44:58.626Z] [ERROR] Failed to fetch pending jobs
{
  "error": "fetch failed"
}
[2026-02-09T06:45:00.656Z] [ERROR] Failed to fetch pending jobs
{
  "error": "fetch failed"
}
[2026-02-09T06:45:00.850Z] [ERROR] Failed to fetch pending jobs
{
  "error": "fetch failed"
}
[2026-02-09T06:45:02.674Z] [ERROR] Failed to fetch pending jobs
{
  "error": "fetch failed"
}
[2026-02-09T06:45:02.697Z] [ERROR] Failed to fetch pending jobs
{
  "error": "fetch failed"
}
[2026-02-09T06:45:06.727Z] [ERROR] Failed to fetch pending jobs
{
  "error": "fetch failed"
}
[2026-02-09T06:46:36.281Z] [ERROR] Failed to fetch pending jobs
{
  "error": "fetch failed"
}
[2026-02-09T06:51:08.190Z] [ERROR] Failed to fetch pending jobs
{
  "error": "fetch failed"
}
[2026-02-09T06:53:16.855Z] [ERROR] Failed to fetch pending jobs
{
  "error": "fetch failed"
}
[2026-02-09T06:53:18.874Z] [ERROR] Failed to fetch pending jobs
{
  "error": "fetch failed"
}
[2026-02-09T06:53:20.889Z] [ERROR] Failed to fetch pending jobs
{
  "error": "fetch failed"
}
[2026-02-09T06:53:24.924Z] [ERROR] Failed to fetch pending jobs
{
  "error": "fetch failed"
}
[2026-02-09T06:53:26.943Z] [ERROR] Failed to fetch pending jobs
{
  "error": "fetch failed"
}
[2026-02-09T06:53:28.656Z] [ERROR] Failed to fetch pending jobs
{
  "error": "fetch failed"
}
[2026-02-09T06:53:28.794Z] [ERROR] Failed to fetch pending jobs
{
  "error": "fetch failed"
}
[2026-02-09T06:53:28.797Z] [ERROR] Failed to fetch pending jobs
{
  "error": "fetch failed"
}
[2026-02-09T06:53:28.799Z] [ERROR] Failed to fetch pending jobs
{
  "error": "fetch failed"
}
[2026-02-09T06:54:43.153Z] [ERROR] Failed to fetch pending jobs
{
  "error": "fetch failed"
}
[2026-02-09T06:54:45.189Z] [ERROR] Failed to fetch pending jobs
{
  "error": "fetch failed"
}
[2026-02-09T06:54:49.229Z] [ERROR] Failed to fetch pending jobs
{
  "error": "fetch failed"
}
[2026-02-09T07:22:05.528Z] [ERROR] Failed to fetch pending jobs
{
  "error": "fetch failed"
}
[2026-02-09T08:18:39.459Z] [INFO] Found 2 pending job(s)
[2026-02-09T08:18:39.462Z] [INFO] Found 2 pending job(s)
[2026-02-09T08:18:39.462Z] [INFO] Processing job 1213 (kot) for Kitchen Printer
[2026-02-09T08:18:40.336Z] [INFO] Connecting to network printer: 192.168.123.101:9100
[2026-02-09T08:18:40.724Z] [INFO] ✓ Job 1213 printed successfully
[2026-02-09T08:18:40.725Z] [INFO] Processing job 1214 (bar_ticket) for Bar Printer
[2026-02-09T08:18:41.036Z] [INFO] Connecting to network printer: 192.168.123.102:9100
[2026-02-09T08:18:41.351Z] [INFO] ✓ Job 1214 printed successfully
[2026-02-09T08:45:55.755Z] [INFO] Found 1 pending job(s)
[2026-02-09T08:45:55.756Z] [INFO] Found 1 pending job(s)
[2026-02-09T08:45:55.757Z] [INFO] Processing job 1215 (kot) for Kitchen Printer
[2026-02-09T08:45:56.743Z] [INFO] Connecting to network printer: 192.168.123.101:9100
[2026-02-09T08:45:57.147Z] [INFO] ✓ Job 1215 printed successfully
[2026-02-09T08:59:09.709Z] [INFO] Found 1 pending job(s)
[2026-02-09T08:59:09.710Z] [INFO] Found 1 pending job(s)
[2026-02-09T08:59:09.711Z] [INFO] Processing job 1216 (receipt) for Customer Receipt
[2026-02-09T08:59:10.581Z] [INFO] Connecting to network printer: 192.168.123.102:9100
[2026-02-09T08:59:10.957Z] [INFO] ✓ Job 1216 printed successfully
[2026-02-09T09:00:10.031Z] [INFO] Found 1 pending job(s)
[2026-02-09T09:00:10.032Z] [INFO] Found 1 pending job(s)
[2026-02-09T09:00:10.033Z] [INFO] Processing job 1217 (receipt) for Customer Receipt
[2026-02-09T09:00:12.080Z] [INFO] Found 1 pending job(s)
[2026-02-09T09:00:12.081Z] [INFO] Found 1 pending job(s)
[2026-02-09T09:00:12.082Z] [INFO] Processing job 1217 (receipt) for Customer Receipt
[2026-02-09T09:00:13.002Z] [INFO] Connecting to network printer: 192.168.123.102:9100
[2026-02-09T09:00:13.296Z] [INFO] ✓ Job 1217 printed successfully
[2026-02-09T09:00:20.615Z] [ERROR] Error updating job 1217 status
{
  "error": "fetch failed"
}
[2026-02-09T09:00:20.617Z] [INFO] Connecting to network printer: 192.168.123.102:9100
[2026-02-09T09:00:20.949Z] [INFO] ✓ Job 1217 printed successfully
[2026-02-09T09:05:49.782Z] [INFO] Found 2 pending job(s)
[2026-02-09T09:05:49.783Z] [INFO] Found 2 pending job(s)
[2026-02-09T09:05:49.784Z] [INFO] Processing job 1218 (kot) for Kitchen Printer
[2026-02-09T09:05:50.650Z] [INFO] Connecting to network printer: 192.168.123.101:9100
[2026-02-09T09:05:50.996Z] [INFO] ✓ Job 1218 printed successfully
[2026-02-09T09:05:50.997Z] [INFO] Processing job 1219 (bar_ticket) for Bar Printer
[2026-02-09T09:05:51.285Z] [INFO] Connecting to network printer: 192.168.123.102:9100
[2026-02-09T09:05:51.593Z] [INFO] ✓ Job 1219 printed successfully
[2026-02-09T09:07:22.260Z] [INFO] Found 2 pending job(s)
[2026-02-09T09:07:22.261Z] [INFO] Found 2 pending job(s)
[2026-02-09T09:07:22.262Z] [INFO] Processing job 1220 (kot) for Kitchen Printer
[2026-02-09T09:07:23.157Z] [INFO] Connecting to network printer: 192.168.123.101:9100
[2026-02-09T09:07:23.496Z] [INFO] ✓ Job 1220 printed successfully
[2026-02-09T09:07:23.497Z] [INFO] Processing job 1221 (bar_ticket) for Bar Printer
[2026-02-09T09:07:23.798Z] [INFO] Connecting to network printer: 192.168.123.102:9100
[2026-02-09T09:07:24.110Z] [INFO] ✓ Job 1221 printed successfully
[2026-02-09T09:15:02.505Z] [INFO] Found 1 pending job(s)
[2026-02-09T09:15:02.507Z] [INFO] Found 1 pending job(s)
[2026-02-09T09:15:02.509Z] [INFO] Processing job 1222 (receipt) for Customer Receipt
[2026-02-09T09:15:03.456Z] [INFO] Connecting to network printer: 192.168.123.102:9100
[2026-02-09T09:15:03.773Z] [INFO] ✓ Job 1222 printed successfully
[2026-02-09T09:16:40.978Z] [INFO] Found 1 pending job(s)
[2026-02-09T09:16:40.979Z] [INFO] Found 1 pending job(s)
[2026-02-09T09:16:40.980Z] [INFO] Processing job 1223 (receipt) for Customer Receipt
[2026-02-09T09:16:41.928Z] [INFO] Connecting to network printer: 192.168.123.102:9100
[2026-02-09T09:16:42.242Z] [INFO] ✓ Job 1223 printed successfully
[2026-02-09T09:44:51.390Z] [INFO] Found 1 pending job(s)
[2026-02-09T09:44:51.391Z] [INFO] Found 1 pending job(s)
[2026-02-09T09:44:51.392Z] [INFO] Processing job 1224 (receipt) for Customer Receipt
[2026-02-09T09:44:52.316Z] [INFO] Connecting to network printer: 192.168.123.102:9100
[2026-02-09T09:44:58.047Z] [INFO] ✓ Job 1224 printed successfully
[2026-02-09T09:47:44.349Z] [INFO] Found 1 pending job(s)
[2026-02-09T09:47:44.350Z] [INFO] Found 1 pending job(s)
[2026-02-09T09:47:44.351Z] [INFO] Processing job 1225 (receipt) for Customer Receipt
[2026-02-09T09:47:46.358Z] [INFO] Found 1 pending job(s)
[2026-02-09T09:47:46.359Z] [INFO] Found 1 pending job(s)
[2026-02-09T09:47:46.360Z] [INFO] Processing job 1225 (receipt) for Customer Receipt
[2026-02-09T09:47:47.250Z] [INFO] Connecting to network printer: 192.168.123.102:9100
[2026-02-09T09:47:47.547Z] [INFO] ✓ Job 1225 printed successfully
[2026-02-09T09:47:54.979Z] [ERROR] Error updating job 1225 status
{
  "error": "fetch failed"
}
[2026-02-09T09:47:54.982Z] [INFO] Connecting to network printer: 192.168.123.102:9100
[2026-02-09T09:47:55.276Z] [INFO] ✓ Job 1225 printed successfully
[2026-02-09T09:57:09.152Z] [INFO] Found 1 pending job(s)
[2026-02-09T09:57:09.154Z] [INFO] Found 1 pending job(s)
[2026-02-09T09:57:09.155Z] [INFO] Processing job 1226 (receipt) for Customer Receipt
[2026-02-09T09:57:10.070Z] [INFO] Connecting to network printer: 192.168.123.102:9100
[2026-02-09T09:57:10.368Z] [INFO] ✓ Job 1226 printed successfully
[2026-02-09T10:00:26.510Z] [INFO] Found 1 pending job(s)
[2026-02-09T10:00:26.511Z] [INFO] Found 1 pending job(s)
[2026-02-09T10:00:26.512Z] [INFO] Processing job 1227 (receipt) for Customer Receipt
[2026-02-09T10:00:27.374Z] [INFO] Connecting to network printer: 192.168.123.102:9100
[2026-02-09T10:00:27.670Z] [INFO] ✓ Job 1227 printed successfully
[2026-02-09T10:43:21.101Z] [ERROR] Failed to fetch pending jobs
{
  "error": "fetch failed"
}
[2026-02-09T10:43:23.122Z] [ERROR] Failed to fetch pending jobs
{
  "error": "fetch failed"
}
[2026-02-09T10:43:25.150Z] [ERROR] Failed to fetch pending jobs
{
  "error": "fetch failed"
}
[2026-02-09T10:43:29.190Z] [ERROR] Failed to fetch pending jobs
{
  "error": "fetch failed"
}
[2026-02-09T10:43:29.278Z] [ERROR] Failed to fetch pending jobs
{
  "error": "fetch failed"
}
[2026-02-09T10:43:29.282Z] [ERROR] Failed to fetch pending jobs
{
  "error": "fetch failed"
}
[2026-02-09T10:43:31.205Z] [ERROR] Failed to fetch pending jobs
{
  "error": "fetch failed"
}
[2026-02-09T13:15:19.864Z] [INFO] Found 1 pending job(s)
[2026-02-09T13:15:19.868Z] [INFO] Found 1 pending job(s)
[2026-02-09T13:15:19.869Z] [INFO] Processing job 1228 (kot) for Kitchen Printer
[2026-02-09T13:15:20.739Z] [INFO] Connecting to network printer: 192.168.123.101:9100
[2026-02-09T13:15:26.572Z] [INFO] ✓ Job 1228 printed successfully
[2026-02-09T13:16:17.950Z] [ERROR] Failed to fetch pending jobs
{
  "error": "fetch failed"
}
[2026-02-09T13:21:41.805Z] [INFO] Found 2 pending job(s)
[2026-02-09T13:21:41.806Z] [INFO] Found 2 pending job(s)
[2026-02-09T13:21:41.807Z] [INFO] Processing job 1229 (kot) for Kitchen Printer
[2026-02-09T13:21:42.670Z] [INFO] Connecting to network printer: 192.168.123.101:9100
[2026-02-09T13:21:42.981Z] [INFO] ✓ Job 1229 printed successfully
[2026-02-09T13:21:42.982Z] [INFO] Processing job 1230 (bar_ticket) for Bar Printer
[2026-02-09T13:21:43.311Z] [INFO] Connecting to network printer: 192.168.123.102:9100
[2026-02-09T13:21:48.460Z] [INFO] ✓ Job 1230 printed successfully
[2026-02-09T13:45:10.973Z] [INFO] Found 1 pending job(s)
[2026-02-09T13:45:10.976Z] [INFO] Found 1 pending job(s)
[2026-02-09T13:45:10.977Z] [INFO] Processing job 1231 (bar_ticket) for Bar Printer
[2026-02-09T13:45:11.855Z] [INFO] Connecting to network printer: 192.168.123.102:9100
[2026-02-09T13:45:16.969Z] [INFO] ✓ Job 1231 printed successfully
[2026-02-09T13:47:41.687Z] [INFO] Found 1 pending job(s)
[2026-02-09T13:47:41.688Z] [INFO] Found 1 pending job(s)
[2026-02-09T13:47:41.689Z] [INFO] Processing job 1232 (bar_ticket) for Bar Printer
[2026-02-09T13:47:42.585Z] [INFO] Connecting to network printer: 192.168.123.102:9100
[2026-02-09T13:47:42.892Z] [INFO] ✓ Job 1232 printed successfully
[2026-02-09T13:50:16.663Z] [INFO] Found 1 pending job(s)
[2026-02-09T13:50:16.665Z] [INFO] Found 1 pending job(s)
[2026-02-09T13:50:16.666Z] [INFO] Processing job 1233 (kot) for Kitchen Printer
[2026-02-09T13:50:17.592Z] [INFO] Connecting to network printer: 192.168.123.101:9100
[2026-02-09T13:50:22.434Z] [INFO] ✓ Job 1233 printed successfully
[2026-02-09T13:55:28.320Z] [INFO] Found 1 pending job(s)
[2026-02-09T13:55:28.323Z] [INFO] Found 1 pending job(s)
[2026-02-09T13:55:28.324Z] [INFO] Processing job 1234 (receipt) for Customer Receipt
[2026-02-09T13:55:30.323Z] [INFO] Found 1 pending job(s)
[2026-02-09T13:55:30.324Z] [INFO] Found 1 pending job(s)
[2026-02-09T13:55:30.326Z] [INFO] Processing job 1234 (receipt) for Customer Receipt
[2026-02-09T13:55:31.223Z] [INFO] Connecting to network printer: 192.168.123.102:9100
[2026-02-09T13:55:31.525Z] [INFO] ✓ Job 1234 printed successfully
[2026-02-09T13:55:38.930Z] [ERROR] Error updating job 1234 status
{
  "error": "fetch failed"
}
[2026-02-09T13:55:38.933Z] [INFO] Connecting to network printer: 192.168.123.102:9100
[2026-02-09T13:55:39.228Z] [INFO] ✓ Job 1234 printed successfully
[2026-02-09T14:01:40.237Z] [INFO] Found 1 pending job(s)
[2026-02-09T14:01:40.239Z] [INFO] Found 1 pending job(s)
[2026-02-09T14:01:40.239Z] [INFO] Processing job 1235 (receipt) for Customer Receipt
[2026-02-09T14:01:41.115Z] [INFO] Connecting to network printer: 192.168.123.102:9100
[2026-02-09T14:01:41.411Z] [INFO] ✓ Job 1235 printed successfully
[2026-02-09T14:03:16.716Z] [INFO] Found 1 pending job(s)
[2026-02-09T14:03:16.717Z] [INFO] Found 1 pending job(s)
[2026-02-09T14:03:16.719Z] [INFO] Processing job 1236 (receipt) for Customer Receipt
[2026-02-09T14:03:17.590Z] [INFO] Connecting to network printer: 192.168.123.102:9100
[2026-02-09T14:03:17.885Z] [INFO] ✓ Job 1236 printed successfully
[2026-02-09T14:04:22.992Z] [INFO] Found 1 pending job(s)
[2026-02-09T14:04:23.043Z] [INFO] Found 1 pending job(s)
[2026-02-09T14:04:23.045Z] [INFO] Processing job 1237 (kot) for Kitchen Printer
[2026-02-09T14:04:23.961Z] [INFO] Connecting to network printer: 192.168.123.101:9100
[2026-02-09T14:04:24.256Z] [INFO] ✓ Job 1237 printed successfully
[2026-02-09T14:07:17.687Z] [ERROR] Failed to fetch pending jobs
{
  "error": "fetch failed"
}
[2026-02-09T14:07:21.737Z] [ERROR] Failed to fetch pending jobs
{
  "error": "fetch failed"
}
[2026-02-09T14:07:23.737Z] [ERROR] Failed to fetch pending jobs
{
  "error": "fetch failed"
}
[2026-02-09T14:07:25.752Z] [ERROR] Failed to fetch pending jobs
{
  "error": "fetch failed"
}
[2026-02-09T14:07:26.358Z] [ERROR] Failed to fetch pending jobs
{
  "error": "fetch failed"
}
[2026-02-09T14:09:48.621Z] [INFO] Found 1 pending job(s)
[2026-02-09T14:09:48.622Z] [INFO] Found 1 pending job(s)
[2026-02-09T14:09:48.623Z] [INFO] Processing job 1238 (receipt) for Customer Receipt
[2026-02-09T14:09:50.639Z] [INFO] Found 1 pending job(s)
[2026-02-09T14:09:50.641Z] [INFO] Found 1 pending job(s)
[2026-02-09T14:09:50.642Z] [INFO] Processing job 1238 (receipt) for Customer Receipt
[2026-02-09T14:09:51.528Z] [INFO] Connecting to network printer: 192.168.123.102:9100
[2026-02-09T14:09:56.443Z] [INFO] ✓ Job 1238 printed successfully
[2026-02-09T14:09:56.847Z] [INFO] Connecting to network printer: 192.168.123.102:9100
[2026-02-09T14:09:57.175Z] [INFO] ✓ Job 1238 printed successfully
[2026-02-09T14:10:16.784Z] [INFO] Found 1 pending job(s)
[2026-02-09T14:10:16.785Z] [INFO] Found 1 pending job(s)
[2026-02-09T14:10:16.786Z] [INFO] Processing job 1239 (receipt) for Customer Receipt
[2026-02-09T14:10:17.728Z] [INFO] Connecting to network printer: 192.168.123.102:9100
[2026-02-09T14:10:18.044Z] [INFO] ✓ Job 1239 printed successfully
[2026-02-09T14:16:02.403Z] [INFO] Found 1 pending job(s)
[2026-02-09T14:16:02.405Z] [INFO] Found 1 pending job(s)
[2026-02-09T14:16:02.406Z] [INFO] Processing job 1240 (kot) for Kitchen Printer
[2026-02-09T14:16:04.421Z] [INFO] Found 1 pending job(s)
[2026-02-09T14:16:04.430Z] [INFO] Found 1 pending job(s)
[2026-02-09T14:16:04.431Z] [INFO] Processing job 1240 (kot) for Kitchen Printer
[2026-02-09T14:16:05.297Z] [INFO] Connecting to network printer: 192.168.123.101:9100
[2026-02-09T14:16:11.055Z] [INFO] ✓ Job 1240 printed successfully
[2026-02-09T14:16:13.042Z] [ERROR] Error updating job 1240 status
{
  "error": "fetch failed"
}
[2026-02-09T14:16:13.044Z] [INFO] Connecting to network printer: 192.168.123.101:9100
[2026-02-09T14:16:13.347Z] [INFO] ✓ Job 1240 printed successfully
[2026-02-09T14:26:57.601Z] [ERROR] Failed to fetch pending jobs
{
  "error": "fetch failed"
}
[2026-02-09T14:31:51.342Z] [INFO] Found 1 pending job(s)
[2026-02-09T14:31:51.343Z] [INFO] Found 1 pending job(s)
[2026-02-09T14:31:51.344Z] [INFO] Processing job 1241 (receipt) for Customer Receipt
[2026-02-09T14:31:52.212Z] [INFO] Connecting to network printer: 192.168.123.102:9100
[2026-02-09T14:31:58.000Z] [INFO] ✓ Job 1241 printed successfully
[2026-02-09T14:32:43.542Z] [INFO] Found 1 pending job(s)
[2026-02-09T14:32:43.543Z] [INFO] Found 1 pending job(s)
[2026-02-09T14:32:43.544Z] [INFO] Processing job 1242 (receipt) for Customer Receipt
[2026-02-09T14:32:44.419Z] [INFO] Connecting to network printer: 192.168.123.102:9100
[2026-02-09T14:32:44.748Z] [INFO] ✓ Job 1242 printed successfully
[2026-02-09T14:52:07.519Z] [INFO] Found 1 pending job(s)
[2026-02-09T14:52:07.521Z] [INFO] Found 1 pending job(s)
[2026-02-09T14:52:07.522Z] [INFO] Processing job 1243 (kot) for Kitchen Printer
[2026-02-09T14:52:08.420Z] [INFO] Connecting to network printer: 192.168.123.101:9100
[2026-02-09T14:52:13.469Z] [INFO] ✓ Job 1243 printed successfully
[2026-02-09T14:55:20.439Z] [INFO] Found 1 pending job(s)
[2026-02-09T14:55:20.440Z] [INFO] Found 1 pending job(s)
[2026-02-09T14:55:20.441Z] [INFO] Processing job 1244 (receipt) for Customer Receipt
[2026-02-09T14:55:21.310Z] [INFO] Connecting to network printer: 192.168.123.102:9100
[2026-02-09T14:55:26.447Z] [INFO] ✓ Job 1244 printed successfully
[2026-02-09T15:11:37.502Z] [INFO] Found 1 pending job(s)
[2026-02-09T15:11:37.503Z] [INFO] Found 1 pending job(s)
[2026-02-09T15:11:37.504Z] [INFO] Processing job 1245 (receipt) for Customer Receipt
[2026-02-09T15:11:38.398Z] [INFO] Connecting to network printer: 192.168.123.102:9100
[2026-02-09T15:11:38.737Z] [INFO] ✓ Job 1245 printed successfully
[2026-02-09T15:12:09.635Z] [INFO] Found 1 pending job(s)
[2026-02-09T15:12:09.638Z] [INFO] Found 1 pending job(s)
[2026-02-09T15:12:09.640Z] [INFO] Processing job 1246 (receipt) for Customer Receipt
[2026-02-09T15:12:10.504Z] [INFO] Connecting to network printer: 192.168.123.102:9100
[2026-02-09T15:12:10.812Z] [INFO] ✓ Job 1246 printed successfully
[2026-02-09T15:27:21.612Z] [INFO] Found 1 pending job(s)
[2026-02-09T15:27:21.614Z] [INFO] Found 1 pending job(s)
[2026-02-09T15:27:21.615Z] [INFO] Processing job 1247 (kot) for Kitchen Printer
[2026-02-09T15:27:22.537Z] [INFO] Connecting to network printer: 192.168.123.101:9100
[2026-02-09T15:27:27.448Z] [INFO] ✓ Job 1247 printed successfully
[2026-02-09T15:45:12.232Z] [INFO] Found 1 pending job(s)
[2026-02-09T15:45:12.235Z] [INFO] Found 1 pending job(s)
[2026-02-09T15:45:12.236Z] [INFO] Processing job 1248 (receipt) for Customer Receipt
[2026-02-09T15:45:13.124Z] [INFO] Connecting to network printer: 192.168.123.102:9100
[2026-02-09T15:45:17.952Z] [INFO] ✓ Job 1248 printed successfully
[2026-02-09T15:45:32.301Z] [INFO] Found 1 pending job(s)
[2026-02-09T15:45:32.302Z] [INFO] Found 1 pending job(s)
[2026-02-09T15:45:32.303Z] [INFO] Processing job 1249 (receipt) for Customer Receipt
[2026-02-09T15:45:33.186Z] [INFO] Connecting to network printer: 192.168.123.102:9100
[2026-02-09T15:45:33.500Z] [INFO] ✓ Job 1249 printed successfully
[2026-02-09T15:57:23.740Z] [INFO] Found 1 pending job(s)
[2026-02-09T15:57:23.742Z] [INFO] Found 1 pending job(s)
[2026-02-09T15:57:23.743Z] [INFO] Processing job 1250 (kot) for Kitchen Printer
[2026-02-09T15:57:24.611Z] [INFO] Connecting to network printer: 192.168.123.101:9100
[2026-02-09T15:57:30.082Z] [INFO] ✓ Job 1250 printed successfully
[2026-02-09T16:20:42.844Z] [INFO] Found 2 pending job(s)
[2026-02-09T16:20:42.846Z] [INFO] Found 2 pending job(s)
[2026-02-09T16:20:42.846Z] [INFO] Processing job 1251 (kot) for Kitchen Printer
[2026-02-09T16:20:43.717Z] [INFO] Connecting to network printer: 192.168.123.101:9100
[2026-02-09T16:20:44.862Z] [INFO] Found 1 pending job(s)
[2026-02-09T16:20:44.867Z] [INFO] Found 1 pending job(s)
[2026-02-09T16:20:44.868Z] [INFO] Processing job 1252 (bar_ticket) for Bar Printer
[2026-02-09T16:20:45.158Z] [INFO] Connecting to network printer: 192.168.123.102:9100
[2026-02-09T16:20:49.515Z] [INFO] ✓ Job 1251 printed successfully
[2026-02-09T16:20:49.516Z] [INFO] Processing job 1252 (bar_ticket) for Bar Printer
[2026-02-09T16:20:49.809Z] [WARN] Failed to update job 1252 status
{
  "success": false,
  "error": "Job not found or already updated"
}
[2026-02-09T16:20:49.813Z] [INFO] Connecting to network printer: 192.168.123.102:9100
[2026-02-09T16:20:50.453Z] [INFO] ✓ Job 1252 printed successfully
[2026-02-09T16:20:52.484Z] [INFO] ✓ Job 1252 printed successfully
[2026-02-09T16:23:09.803Z] [ERROR] Failed to fetch pending jobs
{
  "error": "fetch failed"
}
[2026-02-09T16:23:14.092Z] [INFO] Found 1 pending job(s)
[2026-02-09T16:23:14.093Z] [INFO] Found 1 pending job(s)
[2026-02-09T16:23:14.095Z] [INFO] Processing job 1253 (receipt) for Customer Receipt
[2026-02-09T16:23:16.079Z] [INFO] Found 1 pending job(s)
[2026-02-09T16:23:16.080Z] [INFO] Found 1 pending job(s)
[2026-02-09T16:23:16.081Z] [INFO] Processing job 1253 (receipt) for Customer Receipt
[2026-02-09T16:23:16.951Z] [INFO] Connecting to network printer: 192.168.123.102:9100
[2026-02-09T16:23:16.976Z] [WARN] Failed to update job 1253 status
{
  "success": false,
  "error": "Job not found or already updated"
}
[2026-02-09T16:23:16.978Z] [INFO] Connecting to network printer: 192.168.123.102:9100
[2026-02-09T16:23:17.258Z] [INFO] ✓ Job 1253 printed successfully
[2026-02-09T16:23:20.712Z] [WARN] Failed to update job 1253 status
{
  "success": false,
  "error": "Job not found or already updated"
}
[2026-02-09T16:23:20.717Z] [INFO] ✓ Job 1253 printed successfully
[2026-02-09T16:50:40.675Z] [INFO] Found 1 pending job(s)
[2026-02-09T16:50:40.676Z] [INFO] Found 1 pending job(s)
[2026-02-09T16:50:40.677Z] [INFO] Processing job 1254 (receipt) for Customer Receipt
[2026-02-09T16:50:41.585Z] [INFO] Connecting to network printer: 192.168.123.102:9100
[2026-02-09T16:50:46.446Z] [INFO] ✓ Job 1254 printed successfully
[2026-02-09T16:50:56.776Z] [ERROR] Failed to fetch pending jobs
{
  "error": "fetch failed"
}
[2026-02-09T16:58:18.956Z] [ERROR] Failed to fetch pending jobs
{
  "error": "fetch failed"
}
[2026-02-09T17:10:25.018Z] [INFO] Found 1 pending job(s)
[2026-02-09T17:10:25.019Z] [INFO] Found 1 pending job(s)
[2026-02-09T17:10:25.020Z] [INFO] Processing job 1255 (receipt) for Customer Receipt
[2026-02-09T17:10:25.951Z] [INFO] Connecting to network printer: 192.168.123.102:9100
[2026-02-09T17:10:26.258Z] [INFO] ✓ Job 1255 printed successfully
[2026-02-09T17:11:35.341Z] [INFO] Found 1 pending job(s)
[2026-02-09T17:11:35.343Z] [INFO] Found 1 pending job(s)
[2026-02-09T17:11:35.344Z] [INFO] Processing job 1256 (receipt) for Customer Receipt
[2026-02-09T17:11:37.007Z] [INFO] Connecting to network printer: 192.168.123.102:9100
[2026-02-09T17:11:41.959Z] [INFO] ✓ Job 1256 printed successfully
[2026-02-09T17:13:13.809Z] [INFO] Found 1 pending job(s)
[2026-02-09T17:13:13.810Z] [INFO] Found 1 pending job(s)
[2026-02-09T17:13:13.812Z] [INFO] Processing job 1257 (receipt) for Customer Receipt
[2026-02-09T17:13:14.709Z] [INFO] Connecting to network printer: 192.168.123.102:9100
[2026-02-09T17:13:15.005Z] [INFO] ✓ Job 1257 printed successfully
[2026-02-09T17:18:51.458Z] [INFO] Found 1 pending job(s)
[2026-02-09T17:18:51.459Z] [INFO] Found 1 pending job(s)
[2026-02-09T17:18:51.460Z] [INFO] Processing job 1258 (receipt) for Customer Receipt
[2026-02-09T17:18:52.361Z] [INFO] Connecting to network printer: 192.168.123.102:9100
[2026-02-09T17:18:52.662Z] [INFO] ✓ Job 1258 printed successfully
[2026-02-09T17:25:19.071Z] [INFO] Found 1 pending job(s)
[2026-02-09T17:25:19.072Z] [INFO] Found 1 pending job(s)
[2026-02-09T17:25:19.074Z] [INFO] Processing job 1259 (receipt) for Customer Receipt
[2026-02-09T17:25:19.944Z] [INFO] Connecting to network printer: 192.168.123.102:9100
[2026-02-09T17:25:20.284Z] [INFO] ✓ Job 1259 printed successfully
[2026-02-10T04:07:28.243Z] [INFO] Print server starting...
[2026-02-10T04:07:28.247Z] [INFO] API: https://kamikuralk.online/api
[2026-02-10T04:07:28.248Z] [INFO] Poll interval: 2000ms
[2026-02-10T04:07:28.248Z] [INFO] Retry interval: 30000ms
[2026-02-10T04:07:28.249Z] [INFO] ✓ Print server running. Press Ctrl+C to stop.
[2026-02-10T04:53:54.404Z] [ERROR] Failed to fetch pending jobs
{
  "error": "fetch failed"
}
[2026-02-10T04:53:55.932Z] [ERROR] Failed to fetch pending jobs
{
  "error": "fetch failed"
}
[2026-02-10T04:53:56.399Z] [ERROR] Failed to fetch pending jobs
{
  "error": "fetch failed"
}
[2026-02-10T04:53:57.933Z] [ERROR] Failed to fetch pending jobs
{
  "error": "fetch failed"
}
[2026-02-10T04:53:58.398Z] [ERROR] Failed to fetch pending jobs
{
  "error": "fetch failed"
}
[2026-02-10T04:53:59.931Z] [ERROR] Failed to fetch pending jobs
{
  "error": "fetch failed"
}
[2026-02-10T04:54:00.398Z] [ERROR] Failed to fetch pending jobs
{
  "error": "fetch failed"
}
[2026-02-10T04:54:01.775Z] [ERROR] Failed to fetch pending jobs
{
  "error": "fetch failed"
}
[2026-02-10T04:54:01.931Z] [ERROR] Failed to fetch pending jobs
{
  "error": "fetch failed"
}
[2026-02-10T04:54:02.398Z] [ERROR] Failed to fetch pending jobs
{
  "error": "fetch failed"
}
[2026-02-10T04:54:03.931Z] [ERROR] Failed to fetch pending jobs
{
  "error": "fetch failed"
}
[2026-02-10T04:54:04.398Z] [ERROR] Failed to fetch pending jobs
{
  "error": "fetch failed"
}
[2026-02-10T04:54:05.931Z] [ERROR] Failed to fetch pending jobs
{
  "error": "fetch failed"
}
[2026-02-10T04:54:07.946Z] [ERROR] Failed to fetch pending jobs
{
  "error": "fetch failed"
}
[2026-02-10T04:54:09.961Z] [ERROR] Failed to fetch pending jobs
{
  "error": "fetch failed"
}
[2026-02-10T04:54:11.977Z] [ERROR] Failed to fetch pending jobs
{
  "error": "fetch failed"
}
[2026-02-10T04:54:13.992Z] [ERROR] Failed to fetch pending jobs
{
  "error": "fetch failed"
}
[2026-02-10T04:54:16.008Z] [ERROR] Failed to fetch pending jobs
{
  "error": "fetch failed"
}
[2026-02-10T04:54:18.023Z] [ERROR] Failed to fetch pending jobs
{
  "error": "fetch failed"
}
[2026-02-10T04:54:20.039Z] [ERROR] Failed to fetch pending jobs
{
  "error": "fetch failed"
}
[2026-02-10T04:54:22.054Z] [ERROR] Failed to fetch pending jobs
{
  "error": "fetch failed"
}
[2026-02-10T04:54:24.070Z] [ERROR] Failed to fetch pending jobs
{
  "error": "fetch failed"
}
[2026-02-10T04:54:26.085Z] [ERROR] Failed to fetch pending jobs
{
  "error": "fetch failed"
}
[2026-02-10T04:54:28.101Z] [ERROR] Failed to fetch pending jobs
{
  "error": "fetch failed"
}
[2026-02-10T04:54:30.116Z] [ERROR] Failed to fetch pending jobs
{
  "error": "fetch failed"
}
[2026-02-10T04:54:32.131Z] [ERROR] Failed to fetch pending jobs
{
  "error": "fetch failed"
}
[2026-02-10T04:54:34.147Z] [ERROR] Failed to fetch pending jobs
{
  "error": "fetch failed"
}
[2026-02-10T04:54:36.163Z] [ERROR] Failed to fetch pending jobs
{
  "error": "fetch failed"
}
[2026-02-10T04:54:38.178Z] [ERROR] Failed to fetch pending jobs
{
  "error": "fetch failed"
}
[2026-02-10T04:54:40.193Z] [ERROR] Failed to fetch pending jobs
{
  "error": "fetch failed"
}
[2026-02-10T04:54:42.209Z] [ERROR] Failed to fetch pending jobs
{
  "error": "fetch failed"
}
[2026-02-10T04:54:44.225Z] [ERROR] Failed to fetch pending jobs
{
  "error": "fetch failed"
}
[2026-02-10T04:54:46.240Z] [ERROR] Failed to fetch pending jobs
{
  "error": "fetch failed"
}
[2026-02-10T04:54:48.255Z] [ERROR] Failed to fetch pending jobs
{
  "error": "fetch failed"
}
[2026-02-10T04:54:50.271Z] [ERROR] Failed to fetch pending jobs
{
  "error": "fetch failed"
}
[2026-02-10T04:54:52.271Z] [ERROR] Failed to fetch pending jobs
{
  "error": "fetch failed"
}
[2026-02-10T04:54:54.286Z] [ERROR] Failed to fetch pending jobs
{
  "error": "fetch failed"
}
[2026-02-10T04:54:56.306Z] [ERROR] Failed to fetch pending jobs
{
  "error": "fetch failed"
}
[2026-02-10T04:54:58.321Z] [ERROR] Failed to fetch pending jobs
{
  "error": "fetch failed"
}
[2026-02-10T04:55:00.337Z] [ERROR] Failed to fetch pending jobs
{
  "error": "fetch failed"
}
[2026-02-10T04:55:02.336Z] [ERROR] Failed to fetch pending jobs
{
  "error": "fetch failed"
}
[2026-02-10T04:55:04.352Z] [ERROR] Failed to fetch pending jobs
{
  "error": "fetch failed"
}
[2026-02-10T04:55:06.368Z] [ERROR] Failed to fetch pending jobs
{
  "error": "fetch failed"
}
[2026-02-10T04:55:08.383Z] [ERROR] Failed to fetch pending jobs
{
  "error": "fetch failed"
}
[2026-02-10T04:55:10.398Z] [ERROR] Failed to fetch pending jobs
{
  "error": "fetch failed"
}
[2026-02-10T04:55:12.414Z] [ERROR] Failed to fetch pending jobs
{
  "error": "fetch failed"
}
[2026-02-10T04:55:14.429Z] [ERROR] Failed to fetch pending jobs
{
  "error": "fetch failed"
}
[2026-02-10T04:55:16.445Z] [ERROR] Failed to fetch pending jobs
{
  "error": "fetch failed"
}
[2026-02-10T04:55:18.445Z] [ERROR] Failed to fetch pending jobs
{
  "error": "fetch failed"
}
[2026-02-10T06:23:15.452Z] [ERROR] Failed to fetch pending jobs
{
  "error": "fetch failed"
}
[2026-02-10T06:29:07.246Z] [ERROR] Failed to fetch pending jobs
{
  "error": "fetch failed"
}
[2026-02-10T07:41:59.923Z] [ERROR] Failed to fetch pending jobs
{
  "error": "fetch failed"
}
[2026-02-10T07:52:28.438Z] [ERROR] Failed to fetch pending jobs
{
  "error": "fetch failed"
}
[2026-02-10T07:52:29.956Z] [ERROR] Failed to fetch pending jobs
{
  "error": "fetch failed"
}
[2026-02-10T07:59:27.928Z] [INFO] Found 1 pending job(s)
[2026-02-10T07:59:27.930Z] [INFO] Found 1 pending job(s)
[2026-02-10T07:59:27.931Z] [INFO] Processing job 1260 (kot) for Kitchen Printer
[2026-02-10T07:59:29.907Z] [INFO] Connecting to network printer: 192.168.123.101:9100
[2026-02-10T07:59:30.376Z] [INFO] ✓ Job 1260 printed successfully
[2026-02-10T08:03:15.102Z] [INFO] Found 2 pending job(s)
[2026-02-10T08:03:15.103Z] [INFO] Found 2 pending job(s)
[2026-02-10T08:03:15.104Z] [INFO] Processing job 1261 (kot) for Kitchen Printer
[2026-02-10T08:03:17.116Z] [INFO] Found 2 pending job(s)
[2026-02-10T08:03:17.116Z] [INFO] Found 2 pending job(s)
[2026-02-10T08:03:17.119Z] [INFO] Processing job 1261 (kot) for Kitchen Printer
[2026-02-10T08:03:18.002Z] [INFO] Connecting to network printer: 192.168.123.101:9100
[2026-02-10T08:03:18.327Z] [INFO] ✓ Job 1261 printed successfully
[2026-02-10T08:03:18.328Z] [INFO] Processing job 1262 (bar_ticket) for Bar Printer
[2026-02-10T08:03:18.624Z] [INFO] Connecting to network printer: 192.168.123.102:9100
[2026-02-10T08:03:18.931Z] [INFO] ✓ Job 1262 printed successfully
[2026-02-10T08:03:25.788Z] [INFO] Connecting to network printer: 192.168.123.101:9100
[2026-02-10T08:03:26.104Z] [INFO] ✓ Job 1261 printed successfully
[2026-02-10T08:03:26.105Z] [INFO] Processing job 1262 (bar_ticket) for Bar Printer
[2026-02-10T08:03:26.401Z] [INFO] Connecting to network printer: 192.168.123.102:9100
[2026-02-10T08:03:26.708Z] [INFO] ✓ Job 1262 printed successfully
[2026-02-10T08:10:44.918Z] [INFO] Found 1 pending job(s)
[2026-02-10T08:10:44.919Z] [INFO] Found 1 pending job(s)
[2026-02-10T08:10:44.923Z] [INFO] Processing job 1263 (kot) for Kitchen Printer
[2026-02-10T08:10:45.812Z] [INFO] Connecting to network printer: 192.168.123.101:9100
[2026-02-10T08:10:46.124Z] [INFO] ✓ Job 1263 printed successfully
[2026-02-10T08:12:48.238Z] [ERROR] Failed to fetch pending jobs
{
  "error": "fetch failed"
}
[2026-02-10T08:12:54.421Z] [ERROR] Failed to fetch pending jobs
{
  "error": "fetch failed"
}
[2026-02-10T08:13:01.295Z] [ERROR] Failed to fetch pending jobs
{
  "error": "fetch failed"
}
[2026-02-10T08:13:05.355Z] [ERROR] Failed to fetch pending jobs
{
  "error": "fetch failed"
}
[2026-02-10T08:13:07.366Z] [ERROR] Failed to fetch pending jobs
{
  "error": "fetch failed"
}
[2026-02-10T08:13:09.392Z] [ERROR] Failed to fetch pending jobs
{
  "error": "fetch failed"
}
[2026-02-10T08:13:11.413Z] [ERROR] Failed to fetch pending jobs
{
  "error": "fetch failed"
}
[2026-02-10T08:13:17.488Z] [ERROR] Failed to fetch pending jobs
{
  "error": "fetch failed"
}
[2026-02-10T08:13:19.509Z] [ERROR] Failed to fetch pending jobs
{
  "error": "fetch failed"
}
[2026-02-10T08:13:21.537Z] [ERROR] Failed to fetch pending jobs
{
  "error": "fetch failed"
}
[2026-02-10T08:13:22.329Z] [ERROR] Failed to fetch pending jobs
{
  "error": "fetch failed"
}
[2026-02-10T08:13:25.608Z] [ERROR] Failed to fetch pending jobs
{
  "error": "fetch failed"
}
[2026-02-10T08:13:27.625Z] [ERROR] Failed to fetch pending jobs
{
  "error": "fetch failed"
}
[2026-02-10T08:13:29.653Z] [ERROR] Failed to fetch pending jobs
{
  "error": "fetch failed"
}
[2026-02-10T08:13:31.670Z] [ERROR] Failed to fetch pending jobs
{
  "error": "fetch failed"
}
[2026-02-10T08:13:35.708Z] [ERROR] Failed to fetch pending jobs
{
  "error": "fetch failed"
}
[2026-02-10T08:13:37.724Z] [ERROR] Failed to fetch pending jobs
{
  "error": "fetch failed"
}
[2026-02-10T08:13:39.743Z] [ERROR] Failed to fetch pending jobs
{
  "error": "fetch failed"
}
[2026-02-10T08:13:41.760Z] [ERROR] Failed to fetch pending jobs
{
  "error": "fetch failed"
}
[2026-02-10T08:13:43.786Z] [ERROR] Failed to fetch pending jobs
{
  "error": "fetch failed"
}
[2026-02-10T08:13:45.801Z] [ERROR] Failed to fetch pending jobs
{
  "error": "fetch failed"
}
[2026-02-10T08:13:47.838Z] [ERROR] Failed to fetch pending jobs
{
  "error": "fetch failed"
}
[2026-02-10T08:13:49.867Z] [ERROR] Failed to fetch pending jobs
{
  "error": "fetch failed"
}
[2026-02-10T08:13:51.900Z] [ERROR] Failed to fetch pending jobs
{
  "error": "fetch failed"
}
[2026-02-10T08:13:53.930Z] [ERROR] Failed to fetch pending jobs
{
  "error": "fetch failed"
}
[2026-02-10T08:13:55.972Z] [ERROR] Failed to fetch pending jobs
{
  "error": "fetch failed"
}
[2026-02-10T08:13:56.369Z] [ERROR] Failed to fetch pending jobs
{
  "error": "fetch failed"
}
[2026-02-10T08:13:59.518Z] [ERROR] Failed to fetch pending jobs
{
  "error": "fetch failed"
}
[2026-02-10T08:14:00.365Z] [ERROR] Failed to fetch pending jobs
{
  "error": "fetch failed"
}
[2026-02-10T08:14:01.547Z] [ERROR] Failed to fetch pending jobs
{
  "error": "fetch failed"
}
[2026-02-10T08:14:03.418Z] [ERROR] Failed to fetch pending jobs
{
  "error": "fetch failed"
}
[2026-02-10T08:14:03.422Z] [ERROR] Failed to fetch pending jobs
{
  "error": "fetch failed"
}
[2026-02-10T08:14:03.424Z] [ERROR] Failed to fetch pending jobs
{
  "error": "fetch failed"
}
[2026-02-10T08:14:03.426Z] [ERROR] Failed to fetch pending jobs
{
  "error": "fetch failed"
}
[2026-02-10T08:14:03.429Z] [ERROR] Failed to fetch pending jobs
{
  "error": "fetch failed"
}
[2026-02-10T08:14:05.361Z] [ERROR] Failed to fetch pending jobs
{
  "error": "fetch failed"
}
[2026-02-10T08:14:07.364Z] [ERROR] Failed to fetch pending jobs
{
  "error": "fetch failed"
}
[2026-02-10T08:14:09.380Z] [ERROR] Failed to fetch pending jobs
{
  "error": "fetch failed"
}
[2026-02-10T08:14:22.028Z] [ERROR] Failed to fetch pending jobs
{
  "error": "fetch failed"
}
[2026-02-10T08:14:23.533Z] [ERROR] Failed to fetch pending jobs
{
  "error": "fetch failed"
}
[2026-02-10T08:14:25.558Z] [ERROR] Failed to fetch pending jobs
{
  "error": "fetch failed"
}
[2026-02-10T08:14:27.578Z] [ERROR] Failed to fetch pending jobs
{
  "error": "fetch failed"
}
[2026-02-10T08:14:29.606Z] [ERROR] Failed to fetch pending jobs
{
  "error": "fetch failed"
}
[2026-02-10T08:14:31.628Z] [ERROR] Failed to fetch pending jobs
{
  "error": "fetch failed"
}
[2026-02-10T08:14:33.659Z] [ERROR] Failed to fetch pending jobs
{
  "error": "fetch failed"
}
[2026-02-10T08:14:35.683Z] [ERROR] Failed to fetch pending jobs
{
  "error": "fetch failed"
}
[2026-02-10T08:14:37.708Z] [ERROR] Failed to fetch pending jobs
{
  "error": "fetch failed"
}
[2026-02-10T08:14:39.744Z] [ERROR] Failed to fetch pending jobs
{
  "error": "fetch failed"
}
[2026-02-10T08:14:41.760Z] [ERROR] Failed to fetch pending jobs
{
  "error": "fetch failed"
}
[2026-02-10T08:14:43.783Z] [ERROR] Failed to fetch pending jobs
{
  "error": "fetch failed"
}
[2026-02-10T08:14:43.798Z] [ERROR] Failed to fetch pending jobs
{
  "error": "fetch failed"
}
[2026-02-10T08:14:47.848Z] [ERROR] Failed to fetch pending jobs
{
  "error": "fetch failed"
}
[2026-02-10T08:15:16.054Z] [ERROR] Failed to fetch pending jobs
{
  "error": "fetch failed"
}
[2026-02-10T08:36:10.611Z] [INFO] Found 1 pending job(s)
[2026-02-10T08:36:10.612Z] [INFO] Found 1 pending job(s)
[2026-02-10T08:36:10.614Z] [INFO] Processing job 1264 (kot) for Kitchen Printer
[2026-02-10T08:36:11.471Z] [INFO] Connecting to network printer: 192.168.123.101:9100
[2026-02-10T08:36:11.765Z] [INFO] ✓ Job 1264 printed successfully
[2026-02-10T08:36:40.708Z] [INFO] Found 1 pending job(s)
[2026-02-10T08:36:40.710Z] [INFO] Found 1 pending job(s)
[2026-02-10T08:36:40.713Z] [INFO] Processing job 1265 (receipt) for Customer Receipt
[2026-02-10T08:36:41.574Z] [INFO] Connecting to network printer: 192.168.123.102:9100
[2026-02-10T08:36:41.876Z] [INFO] ✓ Job 1265 printed successfully
[2026-02-10T08:37:38.933Z] [INFO] Found 1 pending job(s)
[2026-02-10T08:37:38.935Z] [INFO] Found 1 pending job(s)
[2026-02-10T08:37:38.938Z] [INFO] Processing job 1266 (receipt) for Customer Receipt
[2026-02-10T08:37:39.803Z] [INFO] Connecting to network printer: 192.168.123.102:9100
[2026-02-10T08:37:40.100Z] [INFO] ✓ Job 1266 printed successfully
[2026-02-10T08:41:58.504Z] [INFO] Found 1 pending job(s)
[2026-02-10T08:41:58.506Z] [INFO] Found 1 pending job(s)
[2026-02-10T08:41:58.509Z] [INFO] Processing job 1267 (bar_ticket) for Bar Printer
[2026-02-10T08:41:59.387Z] [INFO] Connecting to network printer: 192.168.123.102:9100
[2026-02-10T08:41:59.682Z] [INFO] ✓ Job 1267 printed successfully
[2026-02-10T08:44:26.440Z] [INFO] Found 1 pending job(s)
[2026-02-10T08:44:26.441Z] [INFO] Found 1 pending job(s)
[2026-02-10T08:44:26.444Z] [INFO] Processing job 1268 (kot) for Kitchen Printer
[2026-02-10T08:44:27.442Z] [INFO] Connecting to network printer: 192.168.123.101:9100
[2026-02-10T08:44:27.746Z] [INFO] ✓ Job 1268 printed successfully
[2026-02-10T08:51:09.813Z] [ERROR] Failed to fetch pending jobs
{
  "error": "fetch failed"
}
[2026-02-10T08:55:01.209Z] [INFO] Found 1 pending job(s)
[2026-02-10T08:55:01.211Z] [INFO] Found 1 pending job(s)
[2026-02-10T08:55:01.213Z] [INFO] Processing job 1269 (receipt) for Customer Receipt
[2026-02-10T08:55:02.107Z] [INFO] Connecting to network printer: 192.168.123.102:9100
[2026-02-10T08:55:02.411Z] [INFO] ✓ Job 1269 printed successfully
[2026-02-10T08:58:22.292Z] [INFO] Found 1 pending job(s)
[2026-02-10T08:58:22.295Z] [INFO] Found 1 pending job(s)
[2026-02-10T08:58:22.299Z] [INFO] Processing job 1270 (receipt) for Customer Receipt
[2026-02-10T08:58:23.154Z] [INFO] Connecting to network printer: 192.168.123.102:9100
[2026-02-10T08:58:23.448Z] [INFO] ✓ Job 1270 printed successfully
[2026-02-10T08:58:50.413Z] [INFO] Found 1 pending job(s)
[2026-02-10T08:58:50.414Z] [INFO] Found 1 pending job(s)
[2026-02-10T08:58:50.418Z] [INFO] Processing job 1271 (receipt) for Customer Receipt
[2026-02-10T08:58:51.783Z] [INFO] Connecting to network printer: 192.168.123.102:9100
[2026-02-10T08:58:52.086Z] [INFO] ✓ Job 1271 printed successfully
[2026-02-10T09:04:10.054Z] [INFO] Found 1 pending job(s)
[2026-02-10T09:04:10.056Z] [INFO] Found 1 pending job(s)
[2026-02-10T09:04:10.059Z] [INFO] Processing job 1272 (receipt) for Customer Receipt
[2026-02-10T09:04:10.926Z] [INFO] Connecting to network printer: 192.168.123.102:9100
[2026-02-10T09:04:11.223Z] [INFO] ✓ Job 1272 printed successfully
[2026-02-10T09:05:52.594Z] [INFO] Found 1 pending job(s)
[2026-02-10T09:05:52.595Z] [INFO] Found 1 pending job(s)
[2026-02-10T09:05:52.599Z] [INFO] Processing job 1273 (receipt) for Customer Receipt
[2026-02-10T09:05:53.476Z] [INFO] Connecting to network printer: 192.168.123.102:9100
[2026-02-10T09:05:53.794Z] [INFO] ✓ Job 1273 printed successfully
[2026-02-10T12:13:33.747Z] [INFO] Found 1 pending job(s)
[2026-02-10T12:13:33.749Z] [INFO] Found 1 pending job(s)
[2026-02-10T12:13:33.750Z] [INFO] Processing job 1274 (kot) for Kitchen Printer
[2026-02-10T12:13:34.615Z] [INFO] Connecting to network printer: 192.168.123.101:9100
[2026-02-10T12:13:35.028Z] [INFO] ✓ Job 1274 printed successfully
[2026-02-10T12:30:00.886Z] [INFO] Found 1 pending job(s)
[2026-02-10T12:30:00.888Z] [INFO] Found 1 pending job(s)
[2026-02-10T12:30:00.892Z] [INFO] Processing job 1275 (receipt) for Customer Receipt
[2026-02-10T12:30:01.798Z] [INFO] Connecting to network printer: 192.168.123.102:9100
[2026-02-10T12:30:02.192Z] [INFO] ✓ Job 1275 printed successfully
[2026-02-10T12:32:29.600Z] [INFO] Found 1 pending job(s)
[2026-02-10T12:32:29.602Z] [INFO] Found 1 pending job(s)
[2026-02-10T12:32:29.609Z] [INFO] Processing job 1276 (receipt) for Customer Receipt
[2026-02-10T12:32:30.491Z] [INFO] Connecting to network printer: 192.168.123.102:9100
[2026-02-10T12:32:30.788Z] [INFO] ✓ Job 1276 printed successfully
[2026-02-10T13:32:53.957Z] [INFO] Found 1 pending job(s)
[2026-02-10T13:32:53.960Z] [INFO] Found 1 pending job(s)
[2026-02-10T13:32:53.962Z] [INFO] Processing job 1277 (kot) for Kitchen Printer
[2026-02-10T13:32:54.847Z] [INFO] Connecting to network printer: 192.168.123.101:9100
[2026-02-10T13:32:55.212Z] [INFO] ✓ Job 1277 printed successfully
[2026-02-10T13:41:18.168Z] [INFO] Found 1 pending job(s)
[2026-02-10T13:41:18.169Z] [INFO] Found 1 pending job(s)
[2026-02-10T13:41:18.172Z] [INFO] Processing job 1278 (receipt) for Customer Receipt
[2026-02-10T13:41:19.062Z] [INFO] Connecting to network printer: 192.168.123.102:9100
[2026-02-10T13:41:19.416Z] [INFO] ✓ Job 1278 printed successfully
[2026-02-10T14:23:22.558Z] [INFO] Found 1 pending job(s)
[2026-02-10T14:23:22.561Z] [INFO] Found 1 pending job(s)
[2026-02-10T14:23:22.567Z] [INFO] Processing job 1279 (receipt) for Customer Receipt
[2026-02-10T14:23:24.632Z] [INFO] Found 1 pending job(s)
[2026-02-10T14:23:24.633Z] [INFO] Found 1 pending job(s)
[2026-02-10T14:23:24.636Z] [INFO] Processing job 1279 (receipt) for Customer Receipt
[2026-02-10T14:23:27.024Z] [INFO] Connecting to network printer: 192.168.123.102:9100
[2026-02-10T14:23:27.445Z] [INFO] Found 1 pending job(s)
[2026-02-10T14:23:27.446Z] [INFO] Found 1 pending job(s)
[2026-02-10T14:23:27.448Z] [INFO] Processing job 1279 (receipt) for Customer Receipt
[2026-02-10T14:23:28.778Z] [INFO] Connecting to network printer: 192.168.123.102:9100
[2026-02-10T14:23:28.913Z] [INFO] ✓ Job 1279 printed successfully
[2026-02-10T14:23:29.078Z] [INFO] ✓ Job 1279 printed successfully
[2026-02-10T14:23:32.752Z] [WARN] Failed to update job 1279 status
{
  "success": false,
  "error": "Job not found or already updated"
}
[2026-02-10T14:23:32.757Z] [INFO] Connecting to network printer: 192.168.123.102:9100
[2026-02-10T14:23:33.055Z] [INFO] ✓ Job 1279 printed successfully
[2026-02-10T14:23:48.401Z] [INFO] Found 1 pending job(s)
[2026-02-10T14:23:48.404Z] [INFO] Found 1 pending job(s)
[2026-02-10T14:23:48.407Z] [INFO] Processing job 1280 (receipt) for Customer Receipt
[2026-02-10T14:23:49.285Z] [INFO] Connecting to network printer: 192.168.123.102:9100
[2026-02-10T14:23:49.584Z] [INFO] ✓ Job 1280 printed successfully
[2026-02-10T14:27:33.492Z] [INFO] Found 1 pending job(s)
[2026-02-10T14:27:33.493Z] [INFO] Found 1 pending job(s)
[2026-02-10T14:27:33.495Z] [INFO] Processing job 1281 (receipt) for Customer Receipt
[2026-02-10T14:27:34.363Z] [INFO] Connecting to network printer: 192.168.123.102:9100
[2026-02-10T14:27:34.665Z] [INFO] ✓ Job 1281 printed successfully
[2026-02-10T15:41:09.923Z] [INFO] Found 1 pending job(s)
[2026-02-10T15:41:09.926Z] [INFO] Found 1 pending job(s)
[2026-02-10T15:41:09.934Z] [INFO] Processing job 1282 (kot) for Kitchen Printer
[2026-02-10T15:41:10.826Z] [INFO] Connecting to network printer: 192.168.123.101:9100
[2026-02-10T15:41:11.158Z] [INFO] ✓ Job 1282 printed successfully
[2026-02-10T15:54:15.925Z] [INFO] Found 1 pending job(s)
[2026-02-10T15:54:15.926Z] [INFO] Found 1 pending job(s)
[2026-02-10T15:54:15.927Z] [INFO] Processing job 1283 (kot) for Kitchen Printer
[2026-02-10T15:54:17.897Z] [INFO] Found 1 pending job(s)
[2026-02-10T15:54:17.898Z] [INFO] Found 1 pending job(s)
[2026-02-10T15:54:17.901Z] [INFO] Processing job 1283 (kot) for Kitchen Printer
[2026-02-10T15:54:18.763Z] [INFO] Connecting to network printer: 192.168.123.101:9100
[2026-02-10T15:54:19.065Z] [INFO] ✓ Job 1283 printed successfully
[2026-02-10T15:54:26.543Z] [ERROR] Error updating job 1283 status
{
  "error": "fetch failed"
}
[2026-02-10T15:54:26.549Z] [INFO] Connecting to network printer: 192.168.123.101:9100
[2026-02-10T15:54:26.843Z] [INFO] ✓ Job 1283 printed successfully
[2026-02-10T16:26:09.609Z] [INFO] Found 1 pending job(s)
[2026-02-10T16:26:09.886Z] [INFO] Found 1 pending job(s)
[2026-02-10T16:26:10.063Z] [INFO] Processing job 1284 (receipt) for Customer Receipt
[2026-02-10T16:26:11.101Z] [INFO] Connecting to network printer: 192.168.123.102:9100
[2026-02-10T16:26:12.606Z] [INFO] ✓ Job 1284 printed successfully
[2026-02-10T16:28:42.403Z] [INFO] Found 1 pending job(s)
[2026-02-10T16:28:42.404Z] [INFO] Found 1 pending job(s)
[2026-02-10T16:28:42.408Z] [INFO] Processing job 1285 (receipt) for Customer Receipt
[2026-02-10T16:28:43.283Z] [INFO] Connecting to network printer: 192.168.123.102:9100
[2026-02-10T16:28:43.581Z] [INFO] ✓ Job 1285 printed successfully
[2026-02-11T04:32:47.524Z] [INFO] Print server starting...
[2026-02-11T04:32:47.538Z] [INFO] API: https://kamikuralk.online/api
[2026-02-11T04:32:47.543Z] [INFO] Poll interval: 2000ms
[2026-02-11T04:32:47.544Z] [INFO] Retry interval: 30000ms
[2026-02-11T04:32:47.544Z] [INFO] ✓ Print server running. Press Ctrl+C to stop.
[2026-02-11T04:33:12.209Z] [INFO] Print server starting...
[2026-02-11T04:33:12.213Z] [INFO] API: https://kamikuralk.online/api
[2026-02-11T04:33:12.214Z] [INFO] Poll interval: 2000ms
[2026-02-11T04:33:12.215Z] [INFO] Retry interval: 30000ms
[2026-02-11T04:33:12.216Z] [INFO] ✓ Print server running. Press Ctrl+C to stop.
[2026-02-11T04:41:34.622Z] [INFO] Found 1 pending job(s)
[2026-02-11T04:41:34.623Z] [INFO] Found 1 pending job(s)
[2026-02-11T04:41:34.624Z] [INFO] Processing job 1286 (kot) for Kitchen Printer
[2026-02-11T04:41:36.200Z] [INFO] Connecting to network printer: 192.168.123.101:9100
[2026-02-11T04:41:36.589Z] [INFO] ✓ Job 1286 printed successfully
[2026-02-11T05:13:00.250Z] [INFO] Found 1 pending job(s)
[2026-02-11T05:13:00.251Z] [INFO] Found 1 pending job(s)
[2026-02-11T05:13:00.252Z] [INFO] Processing job 1287 (receipt) for Customer Receipt
[2026-02-11T05:13:01.120Z] [INFO] Connecting to network printer: 192.168.123.102:9100
[2026-02-11T05:13:01.423Z] [INFO] ✓ Job 1287 printed successfully
[2026-02-11T07:01:00.070Z] [ERROR] Failed to fetch pending jobs
{
  "error": "fetch failed"
}
[2026-02-11T07:25:50.426Z] [ERROR] Failed to fetch pending jobs
{
  "error": "fetch failed"
}
[2026-02-11T09:41:05.807Z] [INFO] Found 2 pending job(s)
[2026-02-11T09:41:05.809Z] [INFO] Found 2 pending job(s)
[2026-02-11T09:41:05.810Z] [INFO] Processing job 1288 (kot) for Kitchen Printer
[2026-02-11T09:41:06.929Z] [INFO] Connecting to network printer: 192.168.123.101:9100
[2026-02-11T09:41:07.840Z] [INFO] Found 1 pending job(s)
[2026-02-11T09:41:07.842Z] [INFO] Found 1 pending job(s)
[2026-02-11T09:41:07.843Z] [INFO] Processing job 1289 (bar_ticket) for Bar Printer
[2026-02-11T09:41:08.136Z] [INFO] Connecting to network printer: 192.168.123.102:9100
[2026-02-11T09:41:12.146Z] [INFO] ✓ Job 1288 printed successfully
[2026-02-11T09:41:12.148Z] [INFO] Processing job 1289 (bar_ticket) for Bar Printer
[2026-02-11T09:41:13.029Z] [WARN] Failed to update job 1289 status
{
  "success": false,
  "error": "Job not found or already updated"
}
[2026-02-11T09:41:13.031Z] [INFO] Connecting to network printer: 192.168.123.102:9100
[2026-02-11T09:41:13.132Z] [INFO] ✓ Job 1289 printed successfully
[2026-02-11T09:41:13.332Z] [WARN] Failed to update job 1289 status
{
  "success": false,
  "error": "Job not found or already updated"
}
[2026-02-11T09:41:13.335Z] [INFO] ✓ Job 1289 printed successfully
[2026-02-11T10:14:28.020Z] [INFO] Found 1 pending job(s)
[2026-02-11T10:14:28.021Z] [INFO] Found 1 pending job(s)
[2026-02-11T10:14:28.022Z] [INFO] Processing job 1290 (receipt) for Customer Receipt
[2026-02-11T10:14:29.591Z] [INFO] Found 1 pending job(s)
[2026-02-11T10:14:29.592Z] [INFO] Found 1 pending job(s)
[2026-02-11T10:14:29.594Z] [INFO] Processing job 1290 (receipt) for Customer Receipt
[2026-02-11T10:14:29.601Z] [INFO] Connecting to network printer: 192.168.123.102:9100
[2026-02-11T10:14:30.467Z] [WARN] Failed to update job 1290 status
{
  "success": false,
  "error": "Job not found or already updated"
}
[2026-02-11T10:14:30.470Z] [INFO] Connecting to network printer: 192.168.123.102:9100
[2026-02-11T10:14:33.593Z] [INFO] Found 1 pending job(s)
[2026-02-11T10:14:33.594Z] [INFO] Found 1 pending job(s)
[2026-02-11T10:14:33.595Z] [INFO] Processing job 1291 (receipt) for Customer Receipt
[2026-02-11T10:14:34.472Z] [INFO] Connecting to network printer: 192.168.123.102:9100
[2026-02-11T10:14:34.630Z] [INFO] ✓ Job 1290 printed successfully
[2026-02-11T10:14:34.792Z] [INFO] ✓ Job 1291 printed successfully
[2026-02-11T10:14:36.920Z] [INFO] ✓ Job 1290 printed successfully
[2026-02-11T10:17:00.139Z] [INFO] Found 1 pending job(s)
[2026-02-11T10:17:00.140Z] [INFO] Found 1 pending job(s)
[2026-02-11T10:17:00.141Z] [INFO] Processing job 1292 (receipt) for Customer Receipt
[2026-02-11T10:17:01.002Z] [INFO] Connecting to network printer: 192.168.123.102:9100
[2026-02-11T10:17:01.307Z] [INFO] ✓ Job 1292 printed successfully
[2026-02-11T11:16:51.740Z] [INFO] Found 2 pending job(s)
[2026-02-11T11:16:51.741Z] [INFO] Found 2 pending job(s)
[2026-02-11T11:16:51.742Z] [INFO] Processing job 1293 (kot) for Kitchen Printer
[2026-02-11T11:16:52.599Z] [INFO] Connecting to network printer: 192.168.123.101:9100
[2026-02-11T11:16:53.754Z] [INFO] Found 1 pending job(s)
[2026-02-11T11:16:53.755Z] [INFO] Found 1 pending job(s)
[2026-02-11T11:16:53.755Z] [INFO] Processing job 1294 (bar_ticket) for Bar Printer
[2026-02-11T11:16:54.061Z] [INFO] Connecting to network printer: 192.168.123.102:9100
[2026-02-11T11:16:57.827Z] [INFO] ✓ Job 1293 printed successfully
[2026-02-11T11:16:57.828Z] [INFO] Processing job 1294 (bar_ticket) for Bar Printer
[2026-02-11T11:16:59.365Z] [WARN] Failed to update job 1294 status
{
  "success": false,
  "error": "Job not found or already updated"
}
[2026-02-11T11:16:59.367Z] [INFO] Connecting to network printer: 192.168.123.102:9100
[2026-02-11T11:16:59.370Z] [INFO] ✓ Job 1294 printed successfully
[2026-02-11T11:16:59.843Z] [WARN] Failed to update job 1294 status
{
  "success": false,
  "error": "Job not found or already updated"
}
[2026-02-11T11:16:59.871Z] [INFO] ✓ Job 1294 printed successfully
[2026-02-11T11:57:27.181Z] [INFO] Found 1 pending job(s)
[2026-02-11T11:57:27.182Z] [INFO] Found 1 pending job(s)
[2026-02-11T11:57:27.182Z] [INFO] Processing job 1295 (receipt) for Customer Receipt
[2026-02-11T11:57:28.076Z] [INFO] Connecting to network printer: 192.168.123.102:9100
[2026-02-11T11:57:33.117Z] [INFO] ✓ Job 1295 printed successfully
[2026-02-11T11:59:13.617Z] [INFO] Found 1 pending job(s)
[2026-02-11T11:59:13.618Z] [INFO] Found 1 pending job(s)
[2026-02-11T11:59:13.619Z] [INFO] Processing job 1296 (receipt) for Customer Receipt
[2026-02-11T11:59:14.478Z] [INFO] Connecting to network printer: 192.168.123.102:9100
[2026-02-11T11:59:14.780Z] [INFO] ✓ Job 1296 printed successfully
[2026-02-11T12:00:45.967Z] [INFO] Found 1 pending job(s)
[2026-02-11T12:00:45.968Z] [INFO] Found 1 pending job(s)
[2026-02-11T12:00:45.969Z] [INFO] Processing job 1297 (receipt) for Customer Receipt
[2026-02-11T12:00:46.876Z] [INFO] Connecting to network printer: 192.168.123.102:9100
[2026-02-11T12:00:47.168Z] [INFO] ✓ Job 1297 printed successfully
[2026-02-11T12:02:28.163Z] [ERROR] Failed to fetch pending jobs
{
  "error": "fetch failed"
}
[2026-02-11T12:58:37.533Z] [INFO] Found 1 pending job(s)
[2026-02-11T12:58:37.535Z] [INFO] Found 1 pending job(s)
[2026-02-11T12:58:37.536Z] [INFO] Processing job 1298 (kot) for Kitchen Printer
[2026-02-11T12:58:38.433Z] [INFO] Connecting to network printer: 192.168.123.101:9100
[2026-02-11T12:58:44.215Z] [INFO] ✓ Job 1298 printed successfully
[2026-02-11T13:28:18.627Z] [INFO] Found 1 pending job(s)
[2026-02-11T13:28:18.629Z] [INFO] Found 1 pending job(s)
[2026-02-11T13:28:18.630Z] [INFO] Processing job 1299 (receipt) for Customer Receipt
[2026-02-11T13:28:19.498Z] [INFO] Connecting to network printer: 192.168.123.102:9100
[2026-02-11T13:28:24.636Z] [INFO] ✓ Job 1299 printed successfully
[2026-02-11T13:48:39.595Z] [ERROR] Failed to fetch pending jobs
{
  "error": "fetch failed"
}
[2026-02-11T14:07:45.862Z] [INFO] Found 2 pending job(s)
[2026-02-11T14:07:45.864Z] [INFO] Found 2 pending job(s)
[2026-02-11T14:07:45.865Z] [INFO] Processing job 1300 (kot) for Kitchen Printer
[2026-02-11T14:07:47.738Z] [INFO] Connecting to network printer: 192.168.123.101:9100
[2026-02-11T14:07:47.802Z] [INFO] Found 1 pending job(s)
[2026-02-11T14:07:47.803Z] [INFO] Found 1 pending job(s)
[2026-02-11T14:07:47.804Z] [INFO] Processing job 1301 (bar_ticket) for Bar Printer
[2026-02-11T14:07:48.119Z] [INFO] Connecting to network printer: 192.168.123.102:9100
[2026-02-11T14:07:52.620Z] [INFO] ✓ Job 1300 printed successfully
[2026-02-11T14:07:52.621Z] [INFO] Processing job 1301 (bar_ticket) for Bar Printer
[2026-02-11T14:07:53.114Z] [INFO] ✓ Job 1301 printed successfully
[2026-02-11T14:07:53.479Z] [INFO] Connecting to network printer: 192.168.123.102:9100
[2026-02-11T14:07:53.794Z] [INFO] ✓ Job 1301 printed successfully
[2026-02-11T14:41:05.503Z] [INFO] Found 1 pending job(s)
[2026-02-11T14:41:05.504Z] [INFO] Found 1 pending job(s)
[2026-02-11T14:41:05.505Z] [INFO] Processing job 1302 (kot) for Kitchen Printer
[2026-02-11T14:41:06.363Z] [INFO] Connecting to network printer: 192.168.123.101:9100
[2026-02-11T14:41:12.236Z] [INFO] ✓ Job 1302 printed successfully
[2026-02-11T15:12:04.670Z] [INFO] Found 1 pending job(s)
[2026-02-11T15:12:04.671Z] [INFO] Found 1 pending job(s)
[2026-02-11T15:12:04.671Z] [INFO] Processing job 1303 (bar_ticket) for Bar Printer
[2026-02-11T15:12:05.553Z] [INFO] Connecting to network printer: 192.168.123.102:9100
[2026-02-11T15:12:10.614Z] [INFO] ✓ Job 1303 printed successfully
[2026-02-11T15:23:57.286Z] [INFO] Found 1 pending job(s)
[2026-02-11T15:23:57.287Z] [INFO] Found 1 pending job(s)
[2026-02-11T15:23:57.288Z] [INFO] Processing job 1304 (receipt) for Customer Receipt
[2026-02-11T15:23:58.205Z] [INFO] Connecting to network printer: 192.168.123.102:9100
[2026-02-11T15:23:58.509Z] [INFO] ✓ Job 1304 printed successfully
[2026-02-11T15:26:31.788Z] [INFO] Found 2 pending job(s)
[2026-02-11T15:26:31.789Z] [INFO] Found 2 pending job(s)
[2026-02-11T15:26:31.790Z] [INFO] Processing job 1305 (kot) for Kitchen Printer
[2026-02-11T15:26:32.692Z] [INFO] Connecting to network printer: 192.168.123.101:9100
[2026-02-11T15:26:33.791Z] [INFO] Found 1 pending job(s)
[2026-02-11T15:26:33.792Z] [INFO] Found 1 pending job(s)
[2026-02-11T15:26:33.793Z] [INFO] Processing job 1306 (bar_ticket) for Bar Printer
[2026-02-11T15:26:34.090Z] [INFO] Connecting to network printer: 192.168.123.102:9100
[2026-02-11T15:26:34.398Z] [INFO] ✓ Job 1306 printed successfully
[2026-02-11T15:26:37.626Z] [INFO] ✓ Job 1305 printed successfully
[2026-02-11T15:26:37.627Z] [INFO] Processing job 1306 (bar_ticket) for Bar Printer
[2026-02-11T15:26:38.486Z] [INFO] Connecting to network printer: 192.168.123.102:9100
[2026-02-11T15:26:38.783Z] [INFO] ✓ Job 1306 printed successfully
[2026-02-11T15:27:18.286Z] [INFO] Found 1 pending job(s)
[2026-02-11T15:27:18.287Z] [INFO] Found 1 pending job(s)
[2026-02-11T15:27:18.288Z] [INFO] Processing job 1307 (kot) for Kitchen Printer
[2026-02-11T15:27:19.371Z] [INFO] Connecting to network printer: 192.168.123.101:9100
[2026-02-11T15:27:19.819Z] [INFO] ✓ Job 1307 printed successfully
[2026-02-11T15:28:00.142Z] [INFO] Found 1 pending job(s)
[2026-02-11T15:28:00.144Z] [INFO] Found 1 pending job(s)
[2026-02-11T15:28:00.146Z] [INFO] Processing job 1308 (receipt) for Customer Receipt
[2026-02-11T15:28:01.012Z] [INFO] Connecting to network printer: 192.168.123.102:9100
[2026-02-11T15:28:01.340Z] [INFO] ✓ Job 1308 printed successfully
[2026-02-11T15:28:10.181Z] [INFO] Found 1 pending job(s)
[2026-02-11T15:28:10.182Z] [INFO] Found 1 pending job(s)
[2026-02-11T15:28:10.183Z] [INFO] Processing job 1309 (receipt) for Customer Receipt
[2026-02-11T15:28:11.040Z] [INFO] Connecting to network printer: 192.168.123.102:9100
[2026-02-11T15:28:11.359Z] [INFO] ✓ Job 1309 printed successfully
[2026-02-11T15:32:29.201Z] [INFO] Found 1 pending job(s)
[2026-02-11T15:32:29.202Z] [INFO] Found 1 pending job(s)
[2026-02-11T15:32:29.203Z] [INFO] Processing job 1310 (receipt) for Customer Receipt
[2026-02-11T15:32:30.065Z] [INFO] Connecting to network printer: 192.168.123.102:9100
[2026-02-11T15:32:30.368Z] [INFO] ✓ Job 1310 printed successfully
[2026-02-11T15:33:29.425Z] [INFO] Found 1 pending job(s)
[2026-02-11T15:33:29.426Z] [INFO] Found 1 pending job(s)
[2026-02-11T15:33:29.427Z] [INFO] Processing job 1311 (receipt) for Customer Receipt
[2026-02-11T15:33:30.289Z] [INFO] Connecting to network printer: 192.168.123.102:9100
[2026-02-11T15:33:30.597Z] [INFO] ✓ Job 1311 printed successfully
[2026-02-11T15:36:16.064Z] [INFO] Found 1 pending job(s)
[2026-02-11T15:36:16.065Z] [INFO] Found 1 pending job(s)
[2026-02-11T15:36:16.066Z] [INFO] Processing job 1312 (receipt) for Customer Receipt
[2026-02-11T15:36:16.947Z] [INFO] Connecting to network printer: 192.168.123.102:9100
[2026-02-11T15:36:17.248Z] [INFO] ✓ Job 1312 printed successfully
[2026-02-11T15:47:12.734Z] [INFO] Found 1 pending job(s)
[2026-02-11T15:47:12.735Z] [INFO] Found 1 pending job(s)
[2026-02-11T15:47:12.737Z] [INFO] Processing job 1313 (kot) for Kitchen Printer
[2026-02-11T15:47:13.601Z] [INFO] Connecting to network printer: 192.168.123.101:9100
[2026-02-11T15:47:18.655Z] [INFO] ✓ Job 1313 printed successfully
[2026-02-11T15:59:56.163Z] [INFO] Found 1 pending job(s)
[2026-02-11T15:59:56.164Z] [INFO] Found 1 pending job(s)
[2026-02-11T15:59:56.166Z] [INFO] Processing job 1314 (receipt) for Customer Receipt
[2026-02-11T15:59:57.031Z] [INFO] Connecting to network printer: 192.168.123.102:9100
[2026-02-11T16:00:02.831Z] [INFO] ✓ Job 1314 printed successfully
[2026-02-11T16:08:23.533Z] [INFO] Found 1 pending job(s)
[2026-02-11T16:08:23.534Z] [INFO] Found 1 pending job(s)
[2026-02-11T16:08:23.535Z] [INFO] Processing job 1315 (receipt) for Customer Receipt
[2026-02-11T16:08:24.411Z] [INFO] Connecting to network printer: 192.168.123.102:9100
[2026-02-11T16:08:24.724Z] [INFO] ✓ Job 1315 printed successfully
[2026-02-11T16:10:46.168Z] [INFO] Found 1 pending job(s)
[2026-02-11T16:10:46.170Z] [INFO] Found 1 pending job(s)
[2026-02-11T16:10:46.171Z] [INFO] Processing job 1316 (receipt) for Customer Receipt
[2026-02-11T16:10:47.370Z] [INFO] Connecting to network printer: 192.168.123.102:9100
[2026-02-11T16:10:47.669Z] [INFO] ✓ Job 1316 printed successfully
[2026-02-11T16:31:34.847Z] [INFO] Found 1 pending job(s)
[2026-02-11T16:31:34.849Z] [INFO] Found 1 pending job(s)
[2026-02-11T16:31:34.851Z] [INFO] Processing job 1317 (receipt) for Customer Receipt
[2026-02-11T16:31:35.721Z] [INFO] Connecting to network printer: 192.168.123.102:9100
[2026-02-11T16:31:40.629Z] [INFO] ✓ Job 1317 printed successfully
[2026-02-11T16:41:21.080Z] [INFO] Found 1 pending job(s)
[2026-02-11T16:41:21.081Z] [INFO] Found 1 pending job(s)
[2026-02-11T16:41:21.082Z] [INFO] Processing job 1318 (kot) for Kitchen Printer
[2026-02-11T16:41:21.973Z] [INFO] Connecting to network printer: 192.168.123.101:9100
[2026-02-11T16:41:27.693Z] [INFO] ✓ Job 1318 printed successfully
[2026-02-11T16:41:41.145Z] [INFO] Found 1 pending job(s)
[2026-02-11T16:41:41.146Z] [INFO] Found 1 pending job(s)
[2026-02-11T16:41:41.146Z] [INFO] Processing job 1319 (kot) for Kitchen Printer
[2026-02-11T16:41:42.010Z] [INFO] Connecting to network printer: 192.168.123.101:9100
[2026-02-11T16:41:42.312Z] [INFO] ✓ Job 1319 printed successfully
[2026-02-11T16:46:10.253Z] [INFO] Found 1 pending job(s)
[2026-02-11T16:46:10.254Z] [INFO] Found 1 pending job(s)
[2026-02-11T16:46:10.255Z] [INFO] Processing job 1320 (bar_ticket) for Bar Printer
[2026-02-11T16:46:11.109Z] [INFO] Connecting to network printer: 192.168.123.102:9100
[2026-02-11T16:46:11.403Z] [INFO] ✓ Job 1320 printed successfully
[2026-02-11T16:50:31.613Z] [INFO] Found 1 pending job(s)
[2026-02-11T16:50:31.614Z] [INFO] Found 1 pending job(s)
[2026-02-11T16:50:31.614Z] [INFO] Processing job 1321 (kot) for Kitchen Printer
[2026-02-11T16:50:32.475Z] [INFO] Connecting to network printer: 192.168.123.101:9100
[2026-02-11T16:50:32.774Z] [INFO] ✓ Job 1321 printed successfully
[2026-02-11T17:10:08.108Z] [INFO] Found 1 pending job(s)
[2026-02-11T17:10:08.109Z] [INFO] Found 1 pending job(s)
[2026-02-11T17:10:08.110Z] [INFO] Processing job 1322 (kot) for Kitchen Printer
[2026-02-11T17:10:09.028Z] [INFO] Connecting to network printer: 192.168.123.101:9100
[2026-02-11T17:10:14.123Z] [INFO] ✓ Job 1322 printed successfully
[2026-02-11T17:54:06.916Z] [INFO] Found 1 pending job(s)
[2026-02-11T17:54:06.917Z] [INFO] Found 1 pending job(s)
[2026-02-11T17:54:06.918Z] [INFO] Processing job 1323 (bar_ticket) for Bar Printer
[2026-02-11T17:54:07.798Z] [INFO] Connecting to network printer: 192.168.123.102:9100
[2026-02-11T17:54:12.625Z] [INFO] ✓ Job 1323 printed successfully
[2026-02-11T17:56:03.425Z] [INFO] Found 1 pending job(s)
[2026-02-11T17:56:03.426Z] [INFO] Found 1 pending job(s)
[2026-02-11T17:56:03.427Z] [INFO] Processing job 1324 (receipt) for Customer Receipt
[2026-02-11T17:56:04.333Z] [INFO] Connecting to network printer: 192.168.123.102:9100
[2026-02-11T17:56:04.698Z] [INFO] ✓ Job 1324 printed successfully
[2026-02-11T17:59:34.307Z] [INFO] Found 1 pending job(s)
[2026-02-11T17:59:34.308Z] [INFO] Found 1 pending job(s)
[2026-02-11T17:59:34.310Z] [INFO] Processing job 1325 (receipt) for Customer Receipt
[2026-02-11T17:59:35.184Z] [INFO] Connecting to network printer: 192.168.123.102:9100
[2026-02-11T17:59:35.489Z] [INFO] ✓ Job 1325 printed successfully
[2026-02-12T04:30:50.966Z] [INFO] Print server starting...
[2026-02-12T04:30:50.970Z] [INFO] API: https://kamikuralk.online/api
[2026-02-12T04:30:50.971Z] [INFO] Poll interval: 2000ms
[2026-02-12T04:30:50.972Z] [INFO] Retry interval: 30000ms
[2026-02-12T04:30:50.973Z] [INFO] ✓ Print server running. Press Ctrl+C to stop.
[2026-02-12T06:02:55.251Z] [ERROR] Failed to fetch pending jobs
{
  "error": "HTTP 500: Internal Server Error"
}
[2026-02-12T07:14:29.390Z] [INFO] Found 2 pending job(s)
[2026-02-12T07:14:29.392Z] [INFO] Found 2 pending job(s)
[2026-02-12T07:14:29.394Z] [INFO] Processing job 1326 (kot) for Kitchen Printer
[2026-02-12T07:14:31.360Z] [INFO] Connecting to network printer: 192.168.123.101:9100
[2026-02-12T07:14:31.649Z] [INFO] Found 1 pending job(s)
[2026-02-12T07:14:31.650Z] [INFO] Found 1 pending job(s)
[2026-02-12T07:14:31.651Z] [INFO] Processing job 1327 (bar_ticket) for Bar Printer
[2026-02-12T07:14:31.858Z] [INFO] ✓ Job 1326 printed successfully
[2026-02-12T07:14:31.859Z] [INFO] Processing job 1327 (bar_ticket) for Bar Printer
[2026-02-12T07:14:32.154Z] [INFO] Connecting to network printer: 192.168.123.102:9100
[2026-02-12T07:14:32.468Z] [INFO] ✓ Job 1327 printed successfully
[2026-02-12T07:14:32.525Z] [INFO] Connecting to network printer: 192.168.123.102:9100
[2026-02-12T07:14:32.823Z] [INFO] ✓ Job 1327 printed successfully
[2026-02-12T07:20:19.461Z] [INFO] Found 1 pending job(s)
[2026-02-12T07:20:19.462Z] [INFO] Found 1 pending job(s)
[2026-02-12T07:20:19.463Z] [INFO] Processing job 1328 (kot) for Kitchen Printer
[2026-02-12T07:20:20.341Z] [INFO] Connecting to network printer: 192.168.123.101:9100
[2026-02-12T07:20:20.666Z] [INFO] ✓ Job 1328 printed successfully
[2026-02-12T07:20:39.526Z] [INFO] Found 1 pending job(s)
[2026-02-12T07:20:39.527Z] [INFO] Found 1 pending job(s)
[2026-02-12T07:20:39.528Z] [INFO] Processing job 1329 (receipt) for Customer Receipt
[2026-02-12T07:20:40.656Z] [INFO] Connecting to network printer: 192.168.123.102:9100
[2026-02-12T07:20:40.954Z] [INFO] ✓ Job 1329 printed successfully
[2026-02-12T07:38:04.718Z] [INFO] Found 1 pending job(s)
[2026-02-12T07:38:04.719Z] [INFO] Found 1 pending job(s)
[2026-02-12T07:38:04.720Z] [INFO] Processing job 1330 (bar_ticket) for Bar Printer
[2026-02-12T07:38:05.614Z] [INFO] Connecting to network printer: 192.168.123.102:9100
[2026-02-12T07:38:10.654Z] [INFO] ✓ Job 1330 printed successfully
[2026-02-12T07:38:12.765Z] [INFO] Found 1 pending job(s)
[2026-02-12T07:38:12.767Z] [INFO] Found 1 pending job(s)
[2026-02-12T07:38:12.769Z] [INFO] Processing job 1331 (receipt) for Customer Receipt
[2026-02-12T07:38:13.067Z] [INFO] Connecting to network printer: 192.168.123.102:9100
[2026-02-12T07:38:13.382Z] [INFO] ✓ Job 1331 printed successfully
[2026-02-12T07:38:32.840Z] [INFO] Found 1 pending job(s)
[2026-02-12T07:38:32.841Z] [INFO] Found 1 pending job(s)
[2026-02-12T07:38:32.842Z] [INFO] Processing job 1332 (receipt) for Customer Receipt
[2026-02-12T07:38:33.748Z] [INFO] Connecting to network printer: 192.168.123.102:9100
[2026-02-12T07:38:34.056Z] [INFO] ✓ Job 1332 printed successfully
[2026-02-12T07:41:13.529Z] [INFO] Found 1 pending job(s)
[2026-02-12T07:41:13.530Z] [INFO] Found 1 pending job(s)
[2026-02-12T07:41:13.531Z] [INFO] Processing job 1333 (receipt) for Customer Receipt
[2026-02-12T07:41:14.468Z] [INFO] Connecting to network printer: 192.168.123.102:9100
[2026-02-12T07:41:14.783Z] [INFO] ✓ Job 1333 printed successfully
[2026-02-12T07:41:27.567Z] [INFO] Found 1 pending job(s)
[2026-02-12T07:41:27.568Z] [INFO] Found 1 pending job(s)
[2026-02-12T07:41:27.569Z] [INFO] Processing job 1334 (receipt) for Customer Receipt
[2026-02-12T07:41:28.467Z] [INFO] Connecting to network printer: 192.168.123.102:9100
[2026-02-12T07:41:28.777Z] [INFO] ✓ Job 1334 printed successfully
[2026-02-12T07:58:09.585Z] [INFO] Found 1 pending job(s)
[2026-02-12T07:58:09.586Z] [INFO] Found 1 pending job(s)
[2026-02-12T07:58:09.588Z] [INFO] Processing job 1335 (receipt) for Customer Receipt
[2026-02-12T07:58:10.653Z] [INFO] Connecting to network printer: 192.168.123.102:9100
[2026-02-12T07:58:16.263Z] [INFO] ✓ Job 1335 printed successfully
[2026-02-12T08:01:24.436Z] [INFO] Found 1 pending job(s)
[2026-02-12T08:01:24.437Z] [INFO] Found 1 pending job(s)
[2026-02-12T08:01:24.438Z] [INFO] Processing job 1336 (receipt) for Customer Receipt
[2026-02-12T08:01:25.332Z] [INFO] Connecting to network printer: 192.168.123.102:9100
[2026-02-12T08:01:25.629Z] [INFO] ✓ Job 1336 printed successfully
[2026-02-12T09:41:26.606Z] [INFO] Found 1 pending job(s)
[2026-02-12T09:41:26.608Z] [INFO] Found 1 pending job(s)
[2026-02-12T09:41:26.611Z] [INFO] Processing job 1337 (kot) for Kitchen Printer
[2026-02-12T09:41:27.516Z] [INFO] Connecting to network printer: 192.168.123.101:9100
[2026-02-12T09:41:32.800Z] [INFO] ✓ Job 1337 printed successfully
[2026-02-12T10:42:31.631Z] [ERROR] Failed to fetch pending jobs
{
  "error": "fetch failed"
}
[2026-02-12T11:33:46.452Z] [INFO] Found 1 pending job(s)
[2026-02-12T11:33:46.578Z] [INFO] Found 1 pending job(s)
[2026-02-12T11:33:46.656Z] [INFO] Processing job 1338 (receipt) for Customer Receipt
[2026-02-12T11:33:47.664Z] [INFO] Connecting to network printer: 192.168.123.102:9100
[2026-02-12T11:33:53.209Z] [INFO] ✓ Job 1338 printed successfully
[2026-02-12T11:57:43.181Z] [INFO] Found 1 pending job(s)
[2026-02-12T11:57:43.183Z] [INFO] Found 1 pending job(s)
[2026-02-12T11:57:43.184Z] [INFO] Processing job 1339 (kot) for Kitchen Printer
[2026-02-12T11:57:44.076Z] [INFO] Connecting to network printer: 192.168.123.101:9100
[2026-02-12T11:57:49.117Z] [INFO] ✓ Job 1339 printed successfully
[2026-02-12T11:59:17.663Z] [INFO] Found 1 pending job(s)
[2026-02-12T11:59:17.664Z] [INFO] Found 1 pending job(s)
[2026-02-12T11:59:17.665Z] [INFO] Processing job 1340 (kot) for Kitchen Printer
[2026-02-12T11:59:18.533Z] [INFO] Connecting to network printer: 192.168.123.101:9100
[2026-02-12T11:59:18.831Z] [INFO] ✓ Job 1340 printed successfully
[2026-02-12T12:40:36.377Z] [INFO] Found 1 pending job(s)
[2026-02-12T12:40:36.379Z] [INFO] Found 1 pending job(s)
[2026-02-12T12:40:36.380Z] [INFO] Processing job 1341 (kot) for Kitchen Printer
[2026-02-12T12:40:37.281Z] [INFO] Connecting to network printer: 192.168.123.101:9100
[2026-02-12T12:40:42.152Z] [INFO] ✓ Job 1341 printed successfully
[2026-02-12T13:22:06.885Z] [INFO] Found 1 pending job(s)
[2026-02-12T13:22:06.935Z] [INFO] Found 1 pending job(s)
[2026-02-12T13:22:06.946Z] [INFO] Processing job 1342 (receipt) for Customer Receipt
[2026-02-12T13:22:08.126Z] [INFO] Connecting to network printer: 192.168.123.102:9100
[2026-02-12T13:22:13.152Z] [INFO] ✓ Job 1342 printed successfully
[2026-02-12T13:24:11.345Z] [INFO] Found 1 pending job(s)
[2026-02-12T13:24:11.347Z] [INFO] Found 1 pending job(s)
[2026-02-12T13:24:11.347Z] [INFO] Processing job 1343 (receipt) for Customer Receipt
[2026-02-12T13:24:12.211Z] [INFO] Connecting to network printer: 192.168.123.102:9100
[2026-02-12T13:24:12.527Z] [INFO] ✓ Job 1343 printed successfully
[2026-02-12T13:24:21.193Z] [ERROR] Failed to fetch pending jobs
{
  "error": "fetch failed"
}
[2026-02-12T13:33:41.711Z] [ERROR] Failed to fetch pending jobs
{
  "error": "fetch failed"
}
[2026-02-12T14:24:22.092Z] [INFO] Found 1 pending job(s)
[2026-02-12T14:24:22.094Z] [INFO] Found 1 pending job(s)
[2026-02-12T14:24:22.096Z] [INFO] Processing job 1344 (receipt) for Customer Receipt
[2026-02-12T14:24:22.963Z] [INFO] Connecting to network printer: 192.168.123.102:9100
[2026-02-12T14:24:28.690Z] [INFO] ✓ Job 1344 printed successfully
[2026-02-12T14:39:46.792Z] [INFO] Found 1 pending job(s)
[2026-02-12T14:39:46.794Z] [INFO] Found 1 pending job(s)
[2026-02-12T14:39:46.796Z] [INFO] Processing job 1345 (kot) for Kitchen Printer
[2026-02-12T14:39:47.701Z] [INFO] Connecting to network printer: 192.168.123.101:9100
[2026-02-12T14:39:52.651Z] [INFO] ✓ Job 1345 printed successfully
[2026-02-12T14:54:25.181Z] [INFO] Found 1 pending job(s)
[2026-02-12T14:54:25.183Z] [INFO] Found 1 pending job(s)
[2026-02-12T14:54:25.183Z] [INFO] Processing job 1346 (kot) for Kitchen Printer
[2026-02-12T14:54:26.098Z] [INFO] Connecting to network printer: 192.168.123.101:9100
[2026-02-12T14:54:26.401Z] [INFO] ✓ Job 1346 printed successfully
[2026-02-12T15:01:05.107Z] [INFO] Found 2 pending job(s)
[2026-02-12T15:01:05.108Z] [INFO] Found 2 pending job(s)
[2026-02-12T15:01:05.109Z] [INFO] Processing job 1347 (kot) for Kitchen Printer
[2026-02-12T15:01:06.040Z] [INFO] Connecting to network printer: 192.168.123.101:9100
[2026-02-12T15:01:07.118Z] [INFO] Found 1 pending job(s)
[2026-02-12T15:01:07.119Z] [INFO] Found 1 pending job(s)
[2026-02-12T15:01:07.119Z] [INFO] Processing job 1348 (bar_ticket) for Bar Printer
[2026-02-12T15:01:07.421Z] [INFO] Connecting to network printer: 192.168.123.102:9100
[2026-02-12T15:01:11.123Z] [INFO] ✓ Job 1347 printed successfully
[2026-02-12T15:01:11.124Z] [INFO] Processing job 1348 (bar_ticket) for Bar Printer
[2026-02-12T15:01:11.996Z] [WARN] Failed to update job 1348 status
{
  "success": false,
  "error": "Job not found or already updated"
}
[2026-02-12T15:01:11.999Z] [INFO] Connecting to network printer: 192.168.123.102:9100
[2026-02-12T15:01:12.629Z] [INFO] ✓ Job 1348 printed successfully
[2026-02-12T15:01:14.758Z] [INFO] ✓ Job 1348 printed successfully
[2026-02-12T15:15:21.332Z] [INFO] Found 1 pending job(s)
[2026-02-12T15:15:21.335Z] [INFO] Found 1 pending job(s)
[2026-02-12T15:15:21.345Z] [INFO] Processing job 1349 (receipt) for Customer Receipt
[2026-02-12T15:15:22.206Z] [INFO] Connecting to network printer: 192.168.123.102:9100
[2026-02-12T15:15:22.516Z] [INFO] ✓ Job 1349 printed successfully
[2026-02-12T15:16:59.838Z] [INFO] Found 1 pending job(s)
[2026-02-12T15:16:59.840Z] [INFO] Found 1 pending job(s)
[2026-02-12T15:16:59.843Z] [INFO] Processing job 1350 (receipt) for Customer Receipt
[2026-02-12T15:17:00.727Z] [INFO] Connecting to network printer: 192.168.123.102:9100
[2026-02-12T15:17:01.025Z] [INFO] ✓ Job 1350 printed successfully
[2026-02-12T15:30:53.765Z] [ERROR] Failed to fetch pending jobs
{
  "error": "fetch failed"
}
[2026-02-12T15:31:21.946Z] [ERROR] Failed to fetch pending jobs
{
  "error": "fetch failed"
}
[2026-02-12T15:32:04.100Z] [ERROR] Failed to fetch pending jobs
{
  "error": "fetch failed"
}
[2026-02-12T15:32:05.627Z] [ERROR] Failed to fetch pending jobs
{
  "error": "fetch failed"
}
[2026-02-12T15:32:12.212Z] [ERROR] Failed to fetch pending jobs
{
  "error": "fetch failed"
}
[2026-02-12T15:54:04.861Z] [INFO] Found 1 pending job(s)
[2026-02-12T15:54:04.864Z] [INFO] Found 1 pending job(s)
[2026-02-12T15:54:04.865Z] [INFO] Processing job 1351 (receipt) for Customer Receipt
[2026-02-12T15:54:05.760Z] [INFO] Connecting to network printer: 192.168.123.102:9100
[2026-02-12T15:54:10.645Z] [INFO] ✓ Job 1351 printed successfully
[2026-02-12T15:56:03.466Z] [INFO] Found 1 pending job(s)
[2026-02-12T15:56:03.471Z] [INFO] Found 1 pending job(s)
[2026-02-12T15:56:03.472Z] [INFO] Processing job 1352 (receipt) for Customer Receipt
[2026-02-12T15:56:05.473Z] [INFO] Found 1 pending job(s)
[2026-02-12T15:56:05.497Z] [INFO] Found 1 pending job(s)
[2026-02-12T15:56:05.498Z] [INFO] Processing job 1352 (receipt) for Customer Receipt
[2026-02-12T15:56:06.396Z] [INFO] Connecting to network printer: 192.168.123.102:9100
[2026-02-12T15:56:06.729Z] [INFO] ✓ Job 1352 printed successfully
[2026-02-12T15:56:11.771Z] [INFO] Connecting to network printer: 192.168.123.102:9100
[2026-02-12T15:56:12.087Z] [INFO] ✓ Job 1352 printed successfully
[2026-02-12T16:10:39.923Z] [INFO] Found 1 pending job(s)
[2026-02-12T16:10:39.924Z] [INFO] Found 1 pending job(s)
[2026-02-12T16:10:39.928Z] [INFO] Processing job 1353 (kot) for Kitchen Printer
[2026-02-12T16:10:40.802Z] [INFO] Connecting to network printer: 192.168.123.101:9100
[2026-02-12T16:10:45.649Z] [INFO] ✓ Job 1353 printed successfully
[2026-02-12T16:18:42.388Z] [INFO] Found 1 pending job(s)
[2026-02-12T16:18:42.389Z] [INFO] Found 1 pending job(s)
[2026-02-12T16:18:42.390Z] [INFO] Processing job 1354 (kot) for Kitchen Printer
[2026-02-12T16:18:43.347Z] [INFO] Connecting to network printer: 192.168.123.101:9100
[2026-02-12T16:18:43.645Z] [INFO] ✓ Job 1354 printed successfully
[2026-02-12T16:37:42.314Z] [INFO] Found 1 pending job(s)
[2026-02-12T16:37:42.317Z] [INFO] Found 1 pending job(s)
[2026-02-12T16:37:42.318Z] [INFO] Processing job 1355 (receipt) for Customer Receipt
[2026-02-12T16:37:43.199Z] [INFO] Connecting to network printer: 192.168.123.102:9100
[2026-02-12T16:37:48.125Z] [INFO] ✓ Job 1355 printed successfully
[2026-02-12T16:51:48.452Z] [INFO] Found 1 pending job(s)
[2026-02-12T16:51:48.456Z] [INFO] Found 1 pending job(s)
[2026-02-12T16:51:48.459Z] [INFO] Processing job 1356 (receipt) for Customer Receipt
[2026-02-12T16:51:49.340Z] [INFO] Connecting to network printer: 192.168.123.102:9100
[2026-02-12T16:51:49.662Z] [INFO] ✓ Job 1356 printed successfully
[2026-02-12T16:52:08.521Z] [INFO] Found 1 pending job(s)
[2026-02-12T16:52:08.522Z] [INFO] Found 1 pending job(s)
[2026-02-12T16:52:08.523Z] [INFO] Processing job 1357 (receipt) for Customer Receipt
[2026-02-12T16:52:09.395Z] [INFO] Connecting to network printer: 192.168.123.102:9100
[2026-02-12T16:52:09.692Z] [INFO] ✓ Job 1357 printed successfully
[2026-02-13T04:35:01.566Z] [INFO] Print server starting...
[2026-02-13T04:35:01.583Z] [INFO] API: https://kamikuralk.online/api
[2026-02-13T04:35:01.586Z] [INFO] Poll interval: 2000ms
[2026-02-13T04:35:01.587Z] [INFO] Retry interval: 30000ms
[2026-02-13T04:35:01.588Z] [INFO] ✓ Print server running. Press Ctrl+C to stop.
[2026-02-13T07:36:57.177Z] [INFO] Found 1 pending job(s)
[2026-02-13T07:36:57.185Z] [INFO] Found 1 pending job(s)
[2026-02-13T07:36:57.188Z] [INFO] Processing job 1358 (kot) for Kitchen Printer
[2026-02-13T07:36:59.473Z] [INFO] Connecting to network printer: 192.168.123.101:9100
[2026-02-13T07:36:59.985Z] [INFO] ✓ Job 1358 printed successfully
[2026-02-13T08:20:51.065Z] [INFO] Found 1 pending job(s)
[2026-02-13T08:20:51.068Z] [INFO] Found 1 pending job(s)
[2026-02-13T08:20:51.069Z] [INFO] Processing job 1359 (receipt) for Customer Receipt
[2026-02-13T08:20:51.975Z] [INFO] Connecting to network printer: 192.168.123.102:9100
[2026-02-13T08:20:52.282Z] [INFO] ✓ Job 1359 printed successfully
[2026-02-13T08:26:24.669Z] [INFO] Found 1 pending job(s)
[2026-02-13T08:26:24.671Z] [INFO] Found 1 pending job(s)
[2026-02-13T08:26:24.672Z] [INFO] Processing job 1360 (receipt) for Customer Receipt
[2026-02-13T08:26:25.562Z] [INFO] Connecting to network printer: 192.168.123.102:9100
[2026-02-13T08:26:25.860Z] [INFO] ✓ Job 1360 printed successfully
[2026-02-13T09:21:19.263Z] [INFO] Found 1 pending job(s)
[2026-02-13T09:21:19.266Z] [INFO] Found 1 pending job(s)
[2026-02-13T09:21:19.267Z] [INFO] Processing job 1361 (kot) for Kitchen Printer
[2026-02-13T09:21:20.198Z] [INFO] Connecting to network printer: 192.168.123.101:9100
[2026-02-13T09:21:25.179Z] [INFO] ✓ Job 1361 printed successfully
[2026-02-13T09:58:18.966Z] [INFO] Found 1 pending job(s)
[2026-02-13T09:58:18.969Z] [INFO] Found 1 pending job(s)
[2026-02-13T09:58:18.971Z] [INFO] Processing job 1362 (receipt) for Customer Receipt
[2026-02-13T09:58:19.847Z] [INFO] Connecting to network printer: 192.168.123.102:9100
[2026-02-13T09:58:24.687Z] [INFO] ✓ Job 1362 printed successfully
[2026-02-13T10:02:02.029Z] [ERROR] Failed to fetch pending jobs
{
  "error": "fetch failed"
}
[2026-02-13T12:23:39.495Z] [INFO] Found 1 pending job(s)
[2026-02-13T12:23:39.508Z] [INFO] Found 1 pending job(s)
[2026-02-13T12:23:39.509Z] [INFO] Processing job 1363 (kot) for Kitchen Printer
[2026-02-13T12:23:40.388Z] [INFO] Connecting to network printer: 192.168.123.101:9100
[2026-02-13T12:23:46.292Z] [INFO] ✓ Job 1363 printed successfully
[2026-02-13T12:24:19.745Z] [INFO] Found 1 pending job(s)
[2026-02-13T12:24:19.746Z] [INFO] Found 1 pending job(s)
[2026-02-13T12:24:19.747Z] [INFO] Processing job 1364 (kot) for Kitchen Printer
[2026-02-13T12:24:20.639Z] [INFO] Connecting to network printer: 192.168.123.101:9100
[2026-02-13T12:24:20.944Z] [INFO] ✓ Job 1364 printed successfully
[2026-02-13T12:52:54.278Z] [INFO] Found 2 pending job(s)
[2026-02-13T12:52:54.281Z] [INFO] Found 2 pending job(s)
[2026-02-13T12:52:54.282Z] [INFO] Processing job 1365 (kot) for Kitchen Printer
[2026-02-13T12:52:55.166Z] [INFO] Connecting to network printer: 192.168.123.101:9100
[2026-02-13T12:52:56.285Z] [INFO] Found 1 pending job(s)
[2026-02-13T12:52:56.286Z] [INFO] Found 1 pending job(s)
[2026-02-13T12:52:56.287Z] [INFO] Processing job 1366 (bar_ticket) for Bar Printer
[2026-02-13T12:52:56.585Z] [INFO] Connecting to network printer: 192.168.123.102:9100
[2026-02-13T12:53:00.201Z] [INFO] ✓ Job 1365 printed successfully
[2026-02-13T12:53:00.202Z] [INFO] Processing job 1366 (bar_ticket) for Bar Printer
[2026-02-13T12:53:01.883Z] [WARN] Failed to update job 1366 status
{
  "success": false,
  "error": "Job not found or already updated"
}
[2026-02-13T12:53:01.886Z] [INFO] Connecting to network printer: 192.168.123.102:9100
[2026-02-13T12:53:01.960Z] [INFO] ✓ Job 1366 printed successfully
[2026-02-13T12:53:02.189Z] [WARN] Failed to update job 1366 status
{
  "success": false,
  "error": "Job not found or already updated"
}
[2026-02-13T12:53:02.192Z] [INFO] ✓ Job 1366 printed successfully
[2026-02-13T12:53:44.639Z] [INFO] Found 1 pending job(s)
[2026-02-13T12:53:44.640Z] [INFO] Found 1 pending job(s)
[2026-02-13T12:53:44.641Z] [INFO] Processing job 1367 (receipt) for Customer Receipt
[2026-02-13T12:53:45.576Z] [INFO] Connecting to network printer: 192.168.123.102:9100
[2026-02-13T12:53:45.870Z] [INFO] ✓ Job 1367 printed successfully
[2026-02-13T13:00:40.637Z] [INFO] Found 1 pending job(s)
[2026-02-13T13:00:40.639Z] [INFO] Found 1 pending job(s)
[2026-02-13T13:00:40.640Z] [INFO] Processing job 1368 (kot) for Kitchen Printer
[2026-02-13T13:00:41.569Z] [INFO] Connecting to network printer: 192.168.123.101:9100
[2026-02-13T13:00:41.873Z] [INFO] ✓ Job 1368 printed successfully
[2026-02-13T13:03:31.423Z] [INFO] Found 1 pending job(s)
[2026-02-13T13:03:31.424Z] [INFO] Found 1 pending job(s)
[2026-02-13T13:03:31.426Z] [INFO] Processing job 1369 (kot) for Kitchen Printer
[2026-02-13T13:03:32.300Z] [INFO] Connecting to network printer: 192.168.123.101:9100
[2026-02-13T13:03:32.602Z] [INFO] ✓ Job 1369 printed successfully
[2026-02-13T13:04:23.679Z] [INFO] Found 1 pending job(s)
[2026-02-13T13:04:23.682Z] [INFO] Found 1 pending job(s)
[2026-02-13T13:04:23.683Z] [INFO] Processing job 1370 (bar_ticket) for Bar Printer
[2026-02-13T13:04:24.615Z] [INFO] Connecting to network printer: 192.168.123.102:9100
[2026-02-13T13:04:24.923Z] [INFO] ✓ Job 1370 printed successfully
[2026-02-13T13:18:53.677Z] [INFO] Found 2 pending job(s)
[2026-02-13T13:18:53.678Z] [INFO] Found 2 pending job(s)
[2026-02-13T13:18:53.679Z] [INFO] Processing job 1371 (kot) for Kitchen Printer
[2026-02-13T13:18:54.618Z] [INFO] Connecting to network printer: 192.168.123.101:9100
[2026-02-13T13:18:55.712Z] [INFO] Found 1 pending job(s)
[2026-02-13T13:18:55.713Z] [INFO] Found 1 pending job(s)
[2026-02-13T13:18:55.714Z] [INFO] Processing job 1372 (bar_ticket) for Bar Printer
[2026-02-13T13:18:55.999Z] [INFO] Connecting to network printer: 192.168.123.102:9100
[2026-02-13T13:18:59.689Z] [INFO] ✓ Job 1371 printed successfully
[2026-02-13T13:18:59.691Z] [INFO] Processing job 1372 (bar_ticket) for Bar Printer
[2026-02-13T13:19:00.802Z] [WARN] Failed to update job 1372 status
{
  "success": false,
  "error": "Job not found or already updated"
}
[2026-02-13T13:19:00.804Z] [INFO] Connecting to network printer: 192.168.123.102:9100
[2026-02-13T13:19:01.224Z] [INFO] ✓ Job 1372 printed successfully
[2026-02-13T13:19:03.358Z] [INFO] ✓ Job 1372 printed successfully
[2026-02-13T13:27:39.982Z] [INFO] Found 2 pending job(s)
[2026-02-13T13:27:39.983Z] [INFO] Found 2 pending job(s)
[2026-02-13T13:27:39.984Z] [INFO] Processing job 1373 (kot) for Kitchen Printer
[2026-02-13T13:27:40.974Z] [INFO] Connecting to network printer: 192.168.123.101:9100
[2026-02-13T13:27:41.311Z] [INFO] ✓ Job 1373 printed successfully
[2026-02-13T13:27:41.312Z] [INFO] Processing job 1374 (bar_ticket) for Bar Printer
[2026-02-13T13:27:41.600Z] [INFO] Connecting to network printer: 192.168.123.102:9100
[2026-02-13T13:27:41.895Z] [INFO] ✓ Job 1374 printed successfully
[2026-02-13T13:29:18.379Z] [INFO] Found 1 pending job(s)
[2026-02-13T13:29:18.380Z] [INFO] Found 1 pending job(s)
[2026-02-13T13:29:18.381Z] [INFO] Processing job 1375 (kot) for Kitchen Printer
[2026-02-13T13:29:19.243Z] [INFO] Connecting to network printer: 192.168.123.101:9100
[2026-02-13T13:29:19.552Z] [INFO] ✓ Job 1375 printed successfully
[2026-02-13T13:50:07.530Z] [INFO] Found 1 pending job(s)
[2026-02-13T13:50:07.532Z] [INFO] Found 1 pending job(s)
[2026-02-13T13:50:07.533Z] [INFO] Processing job 1376 (receipt) for Customer Receipt
[2026-02-13T13:50:08.403Z] [INFO] Connecting to network printer: 192.168.123.102:9100
[2026-02-13T13:50:08.837Z] [INFO] ✓ Job 1376 printed successfully
[2026-02-13T13:57:39.813Z] [INFO] Found 1 pending job(s)
[2026-02-13T13:57:39.814Z] [INFO] Found 1 pending job(s)
[2026-02-13T13:57:39.816Z] [INFO] Processing job 1377 (receipt) for Customer Receipt
[2026-02-13T13:57:40.670Z] [INFO] Connecting to network printer: 192.168.123.102:9100
[2026-02-13T13:57:40.976Z] [INFO] ✓ Job 1377 printed successfully
[2026-02-13T13:57:49.867Z] [INFO] Found 2 pending job(s)
[2026-02-13T13:57:49.868Z] [INFO] Found 2 pending job(s)
[2026-02-13T13:57:49.869Z] [INFO] Processing job 1378 (kot) for Kitchen Printer
[2026-02-13T13:57:50.809Z] [INFO] Connecting to network printer: 192.168.123.101:9100
[2026-02-13T13:57:51.879Z] [INFO] Found 1 pending job(s)
[2026-02-13T13:57:51.881Z] [INFO] Found 1 pending job(s)
[2026-02-13T13:57:51.882Z] [INFO] Processing job 1379 (bar_ticket) for Bar Printer
[2026-02-13T13:57:52.197Z] [INFO] Connecting to network printer: 192.168.123.102:9100
[2026-02-13T13:57:52.513Z] [INFO] ✓ Job 1379 printed successfully
[2026-02-13T13:57:55.697Z] [INFO] ✓ Job 1378 printed successfully
[2026-02-13T13:57:55.698Z] [INFO] Processing job 1379 (bar_ticket) for Bar Printer
[2026-02-13T13:57:56.595Z] [INFO] Connecting to network printer: 192.168.123.102:9100
[2026-02-13T13:57:56.979Z] [INFO] ✓ Job 1379 printed successfully
[2026-02-13T13:59:24.357Z] [INFO] Found 1 pending job(s)
[2026-02-13T13:59:24.358Z] [INFO] Found 1 pending job(s)
[2026-02-13T13:59:24.360Z] [INFO] Processing job 1380 (receipt) for Customer Receipt
[2026-02-13T13:59:25.232Z] [INFO] Connecting to network printer: 192.168.123.102:9100
[2026-02-13T13:59:25.544Z] [INFO] ✓ Job 1380 printed successfully
[2026-02-13T14:00:56.761Z] [INFO] Found 1 pending job(s)
[2026-02-13T14:00:56.762Z] [INFO] Found 1 pending job(s)
[2026-02-13T14:00:56.763Z] [INFO] Processing job 1381 (receipt) for Customer Receipt
[2026-02-13T14:00:57.657Z] [INFO] Connecting to network printer: 192.168.123.102:9100
[2026-02-13T14:00:58.007Z] [INFO] ✓ Job 1381 printed successfully
[2026-02-13T14:03:13.365Z] [INFO] Found 1 pending job(s)
[2026-02-13T14:03:13.384Z] [INFO] Found 1 pending job(s)
[2026-02-13T14:03:13.386Z] [INFO] Processing job 1382 (receipt) for Customer Receipt
[2026-02-13T14:03:14.290Z] [INFO] Connecting to network printer: 192.168.123.102:9100
[2026-02-13T14:03:14.590Z] [INFO] ✓ Job 1382 printed successfully
[2026-02-13T14:05:56.092Z] [INFO] Found 1 pending job(s)
[2026-02-13T14:05:56.093Z] [INFO] Found 1 pending job(s)
[2026-02-13T14:05:56.095Z] [INFO] Processing job 1383 (bar_ticket) for Bar Printer
[2026-02-13T14:05:57.012Z] [INFO] Connecting to network printer: 192.168.123.102:9100
[2026-02-13T14:05:57.347Z] [INFO] ✓ Job 1383 printed successfully
[2026-02-13T14:18:51.191Z] [INFO] Found 2 pending job(s)
[2026-02-13T14:18:51.192Z] [INFO] Found 2 pending job(s)
[2026-02-13T14:18:51.193Z] [INFO] Processing job 1384 (kot) for Kitchen Printer
[2026-02-13T14:18:52.356Z] [INFO] Connecting to network printer: 192.168.123.101:9100
[2026-02-13T14:18:52.661Z] [INFO] ✓ Job 1384 printed successfully
[2026-02-13T14:18:52.662Z] [INFO] Processing job 1385 (bar_ticket) for Bar Printer
[2026-02-13T14:18:52.955Z] [INFO] Connecting to network printer: 192.168.123.102:9100
[2026-02-13T14:18:53.257Z] [INFO] ✓ Job 1385 printed successfully
[2026-02-13T14:22:16.205Z] [INFO] Found 1 pending job(s)
[2026-02-13T14:22:16.207Z] [INFO] Found 1 pending job(s)
[2026-02-13T14:22:16.208Z] [INFO] Processing job 1386 (receipt) for Customer Receipt
[2026-02-13T14:22:17.073Z] [INFO] Connecting to network printer: 192.168.123.102:9100
[2026-02-13T14:22:17.384Z] [INFO] ✓ Job 1386 printed successfully
[2026-02-13T14:24:48.917Z] [INFO] Found 1 pending job(s)
[2026-02-13T14:24:48.918Z] [INFO] Found 1 pending job(s)
[2026-02-13T14:24:48.919Z] [INFO] Processing job 1387 (receipt) for Customer Receipt
[2026-02-13T14:24:49.828Z] [INFO] Connecting to network printer: 192.168.123.102:9100
[2026-02-13T14:24:50.140Z] [INFO] ✓ Job 1387 printed successfully
[2026-02-13T14:25:37.090Z] [INFO] Found 1 pending job(s)
[2026-02-13T14:25:37.091Z] [INFO] Found 1 pending job(s)
[2026-02-13T14:25:37.092Z] [INFO] Processing job 1388 (receipt) for Customer Receipt
[2026-02-13T14:25:38.069Z] [INFO] Connecting to network printer: 192.168.123.102:9100
[2026-02-13T14:25:38.399Z] [INFO] ✓ Job 1388 printed successfully
[2026-02-13T14:25:45.139Z] [INFO] Found 1 pending job(s)
[2026-02-13T14:25:45.141Z] [INFO] Found 1 pending job(s)
[2026-02-13T14:25:45.142Z] [INFO] Processing job 1389 (receipt) for Customer Receipt
[2026-02-13T14:25:46.003Z] [INFO] Connecting to network printer: 192.168.123.102:9100
[2026-02-13T14:25:46.321Z] [INFO] ✓ Job 1389 printed successfully
[2026-02-13T14:26:43.522Z] [INFO] Found 1 pending job(s)
[2026-02-13T14:26:43.523Z] [INFO] Found 1 pending job(s)
[2026-02-13T14:26:43.526Z] [INFO] Processing job 1390 (receipt) for Customer Receipt
[2026-02-13T14:26:44.400Z] [INFO] Connecting to network printer: 192.168.123.102:9100
[2026-02-13T14:26:44.739Z] [INFO] ✓ Job 1390 printed successfully
[2026-02-13T14:27:37.817Z] [INFO] Found 1 pending job(s)
[2026-02-13T14:27:37.818Z] [INFO] Found 1 pending job(s)
[2026-02-13T14:27:37.820Z] [INFO] Processing job 1391 (receipt) for Customer Receipt
[2026-02-13T14:27:38.692Z] [INFO] Connecting to network printer: 192.168.123.102:9100
[2026-02-13T14:27:39.011Z] [INFO] ✓ Job 1391 printed successfully
[2026-02-13T14:36:44.264Z] [INFO] Found 1 pending job(s)
[2026-02-13T14:36:44.266Z] [INFO] Found 1 pending job(s)
[2026-02-13T14:36:44.267Z] [INFO] Processing job 1392 (receipt) for Customer Receipt
[2026-02-13T14:36:45.136Z] [INFO] Connecting to network printer: 192.168.123.102:9100
[2026-02-13T14:36:45.443Z] [INFO] ✓ Job 1392 printed successfully
[2026-02-13T14:37:02.358Z] [INFO] Found 1 pending job(s)
[2026-02-13T14:37:02.359Z] [INFO] Found 1 pending job(s)
[2026-02-13T14:37:02.362Z] [INFO] Processing job 1393 (kot) for Kitchen Printer
[2026-02-13T14:37:03.235Z] [INFO] Connecting to network printer: 192.168.123.101:9100
[2026-02-13T14:37:03.559Z] [INFO] ✓ Job 1393 printed successfully
[2026-02-13T14:44:44.647Z] [INFO] Found 2 pending job(s)
[2026-02-13T14:44:44.648Z] [INFO] Found 2 pending job(s)
[2026-02-13T14:44:44.649Z] [INFO] Processing job 1394 (kot) for Kitchen Printer
[2026-02-13T14:44:45.533Z] [INFO] Connecting to network printer: 192.168.123.101:9100
[2026-02-13T14:44:45.835Z] [INFO] ✓ Job 1394 printed successfully
[2026-02-13T14:44:45.840Z] [INFO] Processing job 1395 (bar_ticket) for Bar Printer
[2026-02-13T14:44:46.167Z] [INFO] Connecting to network printer: 192.168.123.102:9100
[2026-02-13T14:44:46.492Z] [INFO] ✓ Job 1395 printed successfully
[2026-02-13T15:12:59.141Z] [INFO] Found 1 pending job(s)
[2026-02-13T15:12:59.143Z] [INFO] Found 1 pending job(s)
[2026-02-13T15:12:59.144Z] [INFO] Processing job 1396 (receipt) for Customer Receipt
[2026-02-13T15:13:00.009Z] [INFO] Connecting to network printer: 192.168.123.102:9100
[2026-02-13T15:13:00.347Z] [INFO] ✓ Job 1396 printed successfully
[2026-02-13T15:20:53.457Z] [INFO] Found 1 pending job(s)
[2026-02-13T15:20:53.458Z] [INFO] Found 1 pending job(s)
[2026-02-13T15:20:53.459Z] [INFO] Processing job 1397 (kot) for Kitchen Printer
[2026-02-13T15:20:54.333Z] [INFO] Connecting to network printer: 192.168.123.101:9100
[2026-02-13T15:20:54.678Z] [INFO] ✓ Job 1397 printed successfully
[2026-02-13T15:22:23.884Z] [INFO] Found 2 pending job(s)
[2026-02-13T15:22:23.886Z] [INFO] Found 2 pending job(s)
[2026-02-13T15:22:23.887Z] [INFO] Processing job 1398 (kot) for Kitchen Printer
[2026-02-13T15:22:24.878Z] [INFO] Connecting to network printer: 192.168.123.101:9100
[2026-02-13T15:22:25.171Z] [INFO] ✓ Job 1398 printed successfully
[2026-02-13T15:22:25.172Z] [INFO] Processing job 1399 (bar_ticket) for Bar Printer
[2026-02-13T15:22:25.459Z] [INFO] Connecting to network printer: 192.168.123.102:9100
[2026-02-13T15:22:25.753Z] [INFO] ✓ Job 1399 printed successfully
[2026-02-13T15:25:52.909Z] [INFO] Found 1 pending job(s)
[2026-02-13T15:25:52.915Z] [INFO] Found 1 pending job(s)
[2026-02-13T15:25:52.917Z] [INFO] Processing job 1400 (receipt) for Customer Receipt
[2026-02-13T15:25:53.785Z] [INFO] Connecting to network printer: 192.168.123.102:9100
[2026-02-13T15:25:54.084Z] [INFO] ✓ Job 1400 printed successfully
[2026-02-13T15:29:23.994Z] [INFO] Found 1 pending job(s)
[2026-02-13T15:29:23.995Z] [INFO] Found 1 pending job(s)
[2026-02-13T15:29:23.997Z] [INFO] Processing job 1401 (kot) for Kitchen Printer
[2026-02-13T15:29:24.862Z] [INFO] Connecting to network printer: 192.168.123.101:9100
[2026-02-13T15:29:25.182Z] [INFO] ✓ Job 1401 printed successfully
[2026-02-13T15:31:54.705Z] [INFO] Found 1 pending job(s)
[2026-02-13T15:31:54.706Z] [INFO] Found 1 pending job(s)
[2026-02-13T15:31:54.708Z] [INFO] Processing job 1402 (receipt) for Customer Receipt
[2026-02-13T15:31:55.576Z] [INFO] Connecting to network printer: 192.168.123.102:9100
[2026-02-13T15:31:55.876Z] [INFO] ✓ Job 1402 printed successfully
[2026-02-13T15:33:33.230Z] [ERROR] Failed to fetch pending jobs
{
  "error": "fetch failed"
}
[2026-02-13T15:36:23.993Z] [INFO] Found 1 pending job(s)
[2026-02-13T15:36:23.995Z] [INFO] Found 1 pending job(s)
[2026-02-13T15:36:23.997Z] [INFO] Processing job 1403 (receipt) for Customer Receipt
[2026-02-13T15:36:24.866Z] [INFO] Connecting to network printer: 192.168.123.102:9100
[2026-02-13T15:36:25.191Z] [INFO] ✓ Job 1403 printed successfully
[2026-02-13T15:37:02.218Z] [INFO] Found 1 pending job(s)
[2026-02-13T15:37:02.228Z] [INFO] Found 1 pending job(s)
[2026-02-13T15:37:02.230Z] [INFO] Processing job 1404 (receipt) for Customer Receipt
[2026-02-13T15:37:03.133Z] [INFO] Connecting to network printer: 192.168.123.102:9100
[2026-02-13T15:37:03.441Z] [INFO] ✓ Job 1404 printed successfully
[2026-02-13T15:37:54.433Z] [INFO] Found 1 pending job(s)
[2026-02-13T15:37:54.435Z] [INFO] Found 1 pending job(s)
[2026-02-13T15:37:54.436Z] [INFO] Processing job 1405 (receipt) for Customer Receipt
[2026-02-13T15:37:55.349Z] [INFO] Connecting to network printer: 192.168.123.102:9100
[2026-02-13T15:37:55.663Z] [INFO] ✓ Job 1405 printed successfully
[2026-02-13T15:38:20.597Z] [INFO] Found 1 pending job(s)
[2026-02-13T15:38:20.599Z] [INFO] Found 1 pending job(s)
[2026-02-13T15:38:20.601Z] [INFO] Processing job 1406 (receipt) for Customer Receipt
[2026-02-13T15:38:21.493Z] [INFO] Connecting to network printer: 192.168.123.102:9100
[2026-02-13T15:38:21.797Z] [INFO] ✓ Job 1406 printed successfully
[2026-02-13T15:40:29.219Z] [INFO] Found 1 pending job(s)
[2026-02-13T15:40:29.221Z] [INFO] Found 1 pending job(s)
[2026-02-13T15:40:29.227Z] [INFO] Processing job 1407 (receipt) for Customer Receipt
[2026-02-13T15:40:30.124Z] [INFO] Connecting to network printer: 192.168.123.102:9100
[2026-02-13T15:40:30.443Z] [INFO] ✓ Job 1407 printed successfully
[2026-02-13T15:42:11.696Z] [INFO] Found 1 pending job(s)
[2026-02-13T15:42:11.698Z] [INFO] Found 1 pending job(s)
[2026-02-13T15:42:11.699Z] [INFO] Processing job 1408 (receipt) for Customer Receipt
[2026-02-13T15:42:12.578Z] [INFO] Connecting to network printer: 192.168.123.102:9100
[2026-02-13T15:42:12.877Z] [INFO] ✓ Job 1408 printed successfully
[2026-02-13T16:11:36.574Z] [INFO] Found 1 pending job(s)
[2026-02-13T16:11:36.575Z] [INFO] Found 1 pending job(s)
[2026-02-13T16:11:36.577Z] [INFO] Processing job 1409 (kot) for Kitchen Printer
[2026-02-13T16:11:38.281Z] [INFO] Connecting to network printer: 192.168.123.101:9100
[2026-02-13T16:11:43.178Z] [INFO] ✓ Job 1409 printed successfully
[2026-02-13T16:19:18.831Z] [INFO] Found 2 pending job(s)
[2026-02-13T16:19:18.834Z] [INFO] Found 2 pending job(s)
[2026-02-13T16:19:18.865Z] [INFO] Processing job 1410 (kot) for Kitchen Printer
[2026-02-13T16:19:19.729Z] [INFO] Connecting to network printer: 192.168.123.101:9100
[2026-02-13T16:19:20.022Z] [INFO] ✓ Job 1410 printed successfully
[2026-02-13T16:19:20.023Z] [INFO] Processing job 1411 (bar_ticket) for Bar Printer
[2026-02-13T16:19:20.319Z] [INFO] Connecting to network printer: 192.168.123.102:9100
[2026-02-13T16:19:25.167Z] [INFO] ✓ Job 1411 printed successfully
[2026-02-13T16:21:31.436Z] [INFO] Found 1 pending job(s)
[2026-02-13T16:21:31.437Z] [INFO] Found 1 pending job(s)
[2026-02-13T16:21:31.439Z] [INFO] Processing job 1412 (receipt) for Customer Receipt
[2026-02-13T16:21:32.301Z] [INFO] Connecting to network printer: 192.168.123.102:9100
[2026-02-13T16:21:32.602Z] [INFO] ✓ Job 1412 printed successfully
[2026-02-13T16:29:51.953Z] [INFO] Found 1 pending job(s)
[2026-02-13T16:29:51.955Z] [INFO] Found 1 pending job(s)
[2026-02-13T16:29:51.957Z] [INFO] Processing job 1413 (receipt) for Customer Receipt
[2026-02-13T16:29:52.835Z] [INFO] Connecting to network printer: 192.168.123.102:9100
[2026-02-13T16:29:53.153Z] [INFO] ✓ Job 1413 printed successfully
[2026-02-13T16:51:38.377Z] [INFO] Found 1 pending job(s)
[2026-02-13T16:51:38.379Z] [INFO] Found 1 pending job(s)
[2026-02-13T16:51:38.380Z] [INFO] Processing job 1414 (kot) for Kitchen Printer
[2026-02-13T16:51:40.295Z] [INFO] Connecting to network printer: 192.168.123.101:9100
[2026-02-13T16:51:45.181Z] [INFO] ✓ Job 1414 printed successfully
[2026-02-13T16:57:26.027Z] [INFO] Found 1 pending job(s)
[2026-02-13T16:57:26.029Z] [INFO] Found 1 pending job(s)
[2026-02-13T16:57:26.031Z] [INFO] Processing job 1415 (receipt) for Customer Receipt
[2026-02-13T16:57:26.967Z] [INFO] Connecting to network printer: 192.168.123.102:9100
[2026-02-13T16:57:32.761Z] [INFO] ✓ Job 1415 printed successfully
[2026-02-13T16:57:38.107Z] [INFO] Found 1 pending job(s)
[2026-02-13T16:57:38.107Z] [INFO] Found 1 pending job(s)
[2026-02-13T16:57:38.109Z] [INFO] Processing job 1416 (receipt) for Customer Receipt
[2026-02-13T16:57:40.091Z] [INFO] Found 1 pending job(s)
[2026-02-13T16:57:40.092Z] [INFO] Found 1 pending job(s)
[2026-02-13T16:57:40.094Z] [INFO] Processing job 1416 (receipt) for Customer Receipt
[2026-02-13T16:57:40.361Z] [INFO] Connecting to network printer: 192.168.123.102:9100
[2026-02-13T16:57:40.659Z] [INFO] ✓ Job 1416 printed successfully
[2026-02-13T16:57:40.952Z] [INFO] Connecting to network printer: 192.168.123.102:9100
[2026-02-13T16:57:41.277Z] [INFO] ✓ Job 1416 printed successfully
[2026-02-13T17:00:55.049Z] [INFO] Found 1 pending job(s)
[2026-02-13T17:00:55.050Z] [INFO] Found 1 pending job(s)
[2026-02-13T17:00:55.051Z] [INFO] Processing job 1417 (receipt) for Customer Receipt
[2026-02-13T17:00:55.959Z] [INFO] Connecting to network printer: 192.168.123.102:9100
[2026-02-13T17:00:56.270Z] [INFO] ✓ Job 1417 printed successfully
[2026-02-13T17:03:27.797Z] [INFO] Found 1 pending job(s)
[2026-02-13T17:03:27.798Z] [INFO] Found 1 pending job(s)
[2026-02-13T17:03:27.799Z] [INFO] Processing job 1418 (receipt) for Customer Receipt
[2026-02-13T17:03:28.694Z] [INFO] Connecting to network printer: 192.168.123.102:9100
[2026-02-13T17:03:28.993Z] [INFO] ✓ Job 1418 printed successfully
[2026-02-13T17:04:05.965Z] [INFO] Found 1 pending job(s)
[2026-02-13T17:04:05.967Z] [INFO] Found 1 pending job(s)
[2026-02-13T17:04:05.970Z] [INFO] Processing job 1419 (receipt) for Customer Receipt
[2026-02-13T17:04:06.895Z] [INFO] Connecting to network printer: 192.168.123.102:9100
[2026-02-13T17:04:07.201Z] [INFO] ✓ Job 1419 printed successfully
[2026-02-13T17:04:16.042Z] [INFO] Found 1 pending job(s)
[2026-02-13T17:04:16.043Z] [INFO] Found 1 pending job(s)
[2026-02-13T17:04:16.045Z] [INFO] Processing job 1420 (receipt) for Customer Receipt
[2026-02-13T17:04:16.916Z] [INFO] Connecting to network printer: 192.168.123.102:9100
[2026-02-13T17:04:17.223Z] [INFO] ✓ Job 1420 printed successfully
[2026-02-14T04:28:33.001Z] [INFO] Print server starting...
[2026-02-14T04:28:33.006Z] [INFO] API: https://kamikuralk.online/api
[2026-02-14T04:28:33.007Z] [INFO] Poll interval: 2000ms
[2026-02-14T04:28:33.008Z] [INFO] Retry interval: 30000ms
[2026-02-14T04:28:33.010Z] [INFO] ✓ Print server running. Press Ctrl+C to stop.
[2026-02-14T05:17:30.719Z] [ERROR] Failed to fetch pending jobs
{
  "error": "fetch failed"
}
[2026-02-14T05:17:32.717Z] [ERROR] Failed to fetch pending jobs
{
  "error": "fetch failed"
}
[2026-02-14T05:17:34.717Z] [ERROR] Failed to fetch pending jobs
{
  "error": "fetch failed"
}
[2026-02-14T05:17:36.717Z] [ERROR] Failed to fetch pending jobs
{
  "error": "fetch failed"
}
[2026-02-14T05:17:38.729Z] [ERROR] Failed to fetch pending jobs
{
  "error": "fetch failed"
}
[2026-02-14T05:17:40.746Z] [ERROR] Failed to fetch pending jobs
{
  "error": "fetch failed"
}
[2026-02-14T06:55:02.591Z] [INFO] Found 2 pending job(s)
[2026-02-14T06:55:02.593Z] [INFO] Found 2 pending job(s)
[2026-02-14T06:55:02.594Z] [INFO] Processing job 1421 (kot) for Kitchen Printer
[2026-02-14T06:55:04.212Z] [INFO] Connecting to network printer: 192.168.123.101:9100
[2026-02-14T06:55:04.608Z] [INFO] Found 1 pending job(s)
[2026-02-14T06:55:04.609Z] [INFO] Found 1 pending job(s)
[2026-02-14T06:55:04.609Z] [INFO] Processing job 1422 (bar_ticket) for Bar Printer
[2026-02-14T06:55:04.617Z] [INFO] ✓ Job 1421 printed successfully
[2026-02-14T06:55:04.618Z] [INFO] Processing job 1422 (bar_ticket) for Bar Printer
[2026-02-14T06:55:04.908Z] [INFO] Connecting to network printer: 192.168.123.102:9100
[2026-02-14T06:55:05.209Z] [INFO] ✓ Job 1422 printed successfully
[2026-02-14T06:55:05.473Z] [INFO] Connecting to network printer: 192.168.123.102:9100
[2026-02-14T06:55:05.771Z] [INFO] ✓ Job 1422 printed successfully
[2026-02-14T07:10:50.149Z] [INFO] Found 1 pending job(s)
[2026-02-14T07:10:50.151Z] [INFO] Found 1 pending job(s)
[2026-02-14T07:10:50.153Z] [INFO] Processing job 1423 (receipt) for Customer Receipt
[2026-02-14T07:10:51.095Z] [INFO] Connecting to network printer: 192.168.123.102:9100
[2026-02-14T07:10:51.526Z] [INFO] ✓ Job 1423 printed successfully
[2026-02-14T07:28:56.176Z] [INFO] Found 2 pending job(s)
[2026-02-14T07:28:56.177Z] [INFO] Found 2 pending job(s)
[2026-02-14T07:28:56.178Z] [INFO] Processing job 1424 (kot) for Kitchen Printer
[2026-02-14T07:28:57.042Z] [INFO] Connecting to network printer: 192.168.123.101:9100
[2026-02-14T07:28:58.178Z] [INFO] Found 1 pending job(s)
[2026-02-14T07:28:58.179Z] [INFO] Found 1 pending job(s)
[2026-02-14T07:28:58.179Z] [INFO] Processing job 1425 (bar_ticket) for Bar Printer
[2026-02-14T07:28:58.496Z] [INFO] Connecting to network printer: 192.168.123.102:9100
[2026-02-14T07:29:02.032Z] [INFO] ✓ Job 1424 printed successfully
[2026-02-14T07:29:02.033Z] [INFO] Processing job 1425 (bar_ticket) for Bar Printer
[2026-02-14T07:29:02.944Z] [WARN] Failed to update job 1425 status
{
  "success": false,
  "error": "Job not found or already updated"
}
[2026-02-14T07:29:02.946Z] [INFO] Connecting to network printer: 192.168.123.102:9100
[2026-02-14T07:29:03.490Z] [INFO] ✓ Job 1425 printed successfully
[2026-02-14T07:29:05.827Z] [INFO] ✓ Job 1425 printed successfully
[2026-02-14T07:29:12.217Z] [INFO] Found 1 pending job(s)
[2026-02-14T07:29:12.218Z] [INFO] Found 1 pending job(s)
[2026-02-14T07:29:12.218Z] [INFO] Processing job 1426 (bar_ticket) for Bar Printer
[2026-02-14T07:29:13.078Z] [INFO] Connecting to network printer: 192.168.123.102:9100
[2026-02-14T07:29:13.374Z] [INFO] ✓ Job 1426 printed successfully
[2026-02-14T07:56:52.630Z] [INFO] Found 1 pending job(s)
[2026-02-14T07:56:52.632Z] [INFO] Found 1 pending job(s)
[2026-02-14T07:56:52.633Z] [INFO] Processing job 1427 (receipt) for Customer Receipt
[2026-02-14T07:56:53.527Z] [INFO] Connecting to network printer: 192.168.123.102:9100
[2026-02-14T07:56:53.830Z] [INFO] ✓ Job 1427 printed successfully
[2026-02-14T08:05:58.591Z] [INFO] Found 1 pending job(s)
[2026-02-14T08:05:58.592Z] [INFO] Found 1 pending job(s)
[2026-02-14T08:05:58.593Z] [INFO] Processing job 1428 (receipt) for Customer Receipt
[2026-02-14T08:05:59.472Z] [INFO] Connecting to network printer: 192.168.123.102:9100
[2026-02-14T08:05:59.811Z] [INFO] ✓ Job 1428 printed successfully
[2026-02-14T08:06:30.735Z] [INFO] Found 1 pending job(s)
[2026-02-14T08:06:30.736Z] [INFO] Found 1 pending job(s)
[2026-02-14T08:06:30.737Z] [INFO] Processing job 1429 (bar_ticket) for Bar Printer
[2026-02-14T08:06:31.601Z] [INFO] Connecting to network printer: 192.168.123.102:9100
[2026-02-14T08:06:31.902Z] [INFO] ✓ Job 1429 printed successfully
[2026-02-14T08:06:38.759Z] [INFO] Found 1 pending job(s)
[2026-02-14T08:06:38.760Z] [INFO] Found 1 pending job(s)
[2026-02-14T08:06:38.760Z] [INFO] Processing job 1430 (receipt) for Customer Receipt
[2026-02-14T08:06:39.629Z] [INFO] Connecting to network printer: 192.168.123.102:9100
[2026-02-14T08:06:39.964Z] [INFO] ✓ Job 1430 printed successfully
[2026-02-14T08:10:33.545Z] [INFO] Found 1 pending job(s)
[2026-02-14T08:10:33.546Z] [INFO] Found 1 pending job(s)
[2026-02-14T08:10:33.546Z] [INFO] Processing job 1431 (receipt) for Customer Receipt
[2026-02-14T08:10:34.523Z] [INFO] Connecting to network printer: 192.168.123.102:9100
[2026-02-14T08:10:34.826Z] [INFO] ✓ Job 1431 printed successfully
[2026-02-14T08:11:35.765Z] [INFO] Found 1 pending job(s)
[2026-02-14T08:11:35.766Z] [INFO] Found 1 pending job(s)
[2026-02-14T08:11:35.767Z] [INFO] Processing job 1432 (receipt) for Customer Receipt
[2026-02-14T08:11:36.636Z] [INFO] Connecting to network printer: 192.168.123.102:9100
[2026-02-14T08:11:36.932Z] [INFO] ✓ Job 1432 printed successfully
[2026-02-14T08:20:17.472Z] [INFO] Found 1 pending job(s)
[2026-02-14T08:20:17.473Z] [INFO] Found 1 pending job(s)
[2026-02-14T08:20:17.475Z] [INFO] Processing job 1433 (receipt) for Customer Receipt
[2026-02-14T08:20:18.369Z] [INFO] Connecting to network printer: 192.168.123.102:9100
[2026-02-14T08:20:18.671Z] [INFO] ✓ Job 1433 printed successfully
[2026-02-14T08:25:44.788Z] [INFO] Found 1 pending job(s)
[2026-02-14T08:25:44.789Z] [INFO] Found 1 pending job(s)
[2026-02-14T08:25:44.790Z] [INFO] Processing job 1434 (receipt) for Customer Receipt
[2026-02-14T08:25:45.656Z] [INFO] Connecting to network printer: 192.168.123.102:9100
[2026-02-14T08:25:45.952Z] [INFO] ✓ Job 1434 printed successfully
[2026-02-14T08:26:51.040Z] [INFO] Found 1 pending job(s)
[2026-02-14T08:26:51.041Z] [INFO] Found 1 pending job(s)
[2026-02-14T08:26:51.042Z] [INFO] Processing job 1435 (receipt) for Customer Receipt
[2026-02-14T08:26:52.026Z] [INFO] Connecting to network printer: 192.168.123.102:9100
[2026-02-14T08:26:52.321Z] [INFO] ✓ Job 1435 printed successfully
[2026-02-14T08:29:27.696Z] [INFO] Found 1 pending job(s)
[2026-02-14T08:29:27.698Z] [INFO] Found 1 pending job(s)
[2026-02-14T08:29:27.699Z] [INFO] Processing job 1436 (receipt) for Customer Receipt
[2026-02-14T08:29:28.561Z] [INFO] Connecting to network printer: 192.168.123.102:9100
[2026-02-14T08:29:28.871Z] [INFO] ✓ Job 1436 printed successfully
[2026-02-14T08:53:43.834Z] [INFO] Found 1 pending job(s)
[2026-02-14T08:53:43.836Z] [INFO] Found 1 pending job(s)
[2026-02-14T08:53:43.837Z] [INFO] Processing job 1437 (kot) for Kitchen Printer
[2026-02-14T08:53:44.708Z] [INFO] Connecting to network printer: 192.168.123.101:9100
[2026-02-14T08:53:45.017Z] [INFO] ✓ Job 1437 printed successfully
[2026-02-14T09:06:38.469Z] [ERROR] Failed to fetch pending jobs
{
  "error": "fetch failed"
}
[2026-02-14T09:21:58.234Z] [INFO] Found 2 pending job(s)
[2026-02-14T09:21:58.236Z] [INFO] Found 2 pending job(s)
[2026-02-14T09:21:58.236Z] [INFO] Processing job 1438 (kot) for Kitchen Printer
[2026-02-14T09:21:59.099Z] [INFO] Connecting to network printer: 192.168.123.101:9100
[2026-02-14T09:21:59.394Z] [INFO] ✓ Job 1438 printed successfully
[2026-02-14T09:21:59.395Z] [INFO] Processing job 1439 (bar_ticket) for Bar Printer
[2026-02-14T09:21:59.696Z] [INFO] Connecting to network printer: 192.168.123.102:9100
[2026-02-14T09:22:00.004Z] [INFO] ✓ Job 1439 printed successfully
[2026-02-14T09:47:28.227Z] [INFO] Found 1 pending job(s)
[2026-02-14T09:47:28.228Z] [INFO] Found 1 pending job(s)
[2026-02-14T09:47:28.229Z] [INFO] Processing job 1440 (receipt) for Customer Receipt
[2026-02-14T09:47:29.084Z] [INFO] Connecting to network printer: 192.168.123.102:9100
[2026-02-14T09:47:29.381Z] [INFO] ✓ Job 1440 printed successfully
[2026-02-14T10:03:50.210Z] [INFO] Found 1 pending job(s)
[2026-02-14T10:03:50.211Z] [INFO] Found 1 pending job(s)
[2026-02-14T10:03:50.212Z] [INFO] Processing job 1441 (receipt) for Customer Receipt
[2026-02-14T10:03:51.115Z] [INFO] Connecting to network printer: 192.168.123.102:9100
[2026-02-14T10:03:51.421Z] [INFO] ✓ Job 1441 printed successfully
[2026-02-14T10:05:42.650Z] [INFO] Found 1 pending job(s)
[2026-02-14T10:05:42.651Z] [INFO] Found 1 pending job(s)
[2026-02-14T10:05:42.651Z] [INFO] Processing job 1442 (bar_ticket) for Bar Printer
[2026-02-14T10:05:43.536Z] [INFO] Connecting to network printer: 192.168.123.102:9100
[2026-02-14T10:05:48.478Z] [INFO] ✓ Job 1442 printed successfully
[2026-02-14T10:15:39.302Z] [INFO] Found 1 pending job(s)
[2026-02-14T10:15:39.303Z] [INFO] Found 1 pending job(s)
[2026-02-14T10:15:39.303Z] [INFO] Processing job 1443 (kot) for Kitchen Printer
[2026-02-14T10:15:40.764Z] [INFO] Connecting to network printer: 192.168.123.101:9100
[2026-02-14T10:15:45.994Z] [INFO] ✓ Job 1443 printed successfully
[2026-02-14T10:16:25.438Z] [INFO] Found 1 pending job(s)
[2026-02-14T10:16:25.439Z] [INFO] Found 1 pending job(s)
[2026-02-14T10:16:25.440Z] [INFO] Processing job 1444 (receipt) for Customer Receipt
[2026-02-14T10:16:26.332Z] [INFO] Connecting to network printer: 192.168.123.102:9100
[2026-02-14T10:16:26.637Z] [INFO] ✓ Job 1444 printed successfully
[2026-02-14T10:30:20.972Z] [INFO] Found 1 pending job(s)
[2026-02-14T10:30:20.974Z] [INFO] Found 1 pending job(s)
[2026-02-14T10:30:20.975Z] [INFO] Processing job 1445 (receipt) for Customer Receipt
[2026-02-14T10:30:21.927Z] [INFO] Connecting to network printer: 192.168.123.102:9100
[2026-02-14T10:30:27.565Z] [INFO] ✓ Job 1445 printed successfully
[2026-02-14T10:34:11.371Z] [ERROR] Failed to fetch pending jobs
{
  "error": "fetch failed"
}
[2026-02-14T10:34:32.217Z] [ERROR] Failed to fetch pending jobs
{
  "error": "fetch failed"
}
[2026-02-14T10:34:34.240Z] [ERROR] Failed to fetch pending jobs
{
  "error": "fetch failed"
}
[2026-02-14T10:34:34.516Z] [ERROR] Failed to fetch pending jobs
{
  "error": "fetch failed"
}
[2026-02-14T10:34:41.840Z] [ERROR] Failed to fetch pending jobs
{
  "error": "fetch failed"
}
[2026-02-14T10:34:43.864Z] [ERROR] Failed to fetch pending jobs
{
  "error": "fetch failed"
}
[2026-02-14T10:34:49.084Z] [ERROR] Failed to fetch pending jobs
{
  "error": "fetch failed"
}
[2026-02-14T10:34:56.022Z] [ERROR] Failed to fetch pending jobs
{
  "error": "fetch failed"
}
[2026-02-14T10:34:58.046Z] [ERROR] Failed to fetch pending jobs
{
  "error": "fetch failed"
}
[2026-02-14T10:35:03.639Z] [ERROR] Failed to fetch pending jobs
{
  "error": "fetch failed"
}
[2026-02-14T10:35:03.643Z] [ERROR] Failed to fetch pending jobs
{
  "error": "fetch failed"
}
[2026-02-14T10:35:05.383Z] [ERROR] Failed to fetch pending jobs
{
  "error": "fetch failed"
}
[2026-02-14T10:35:16.291Z] [ERROR] Failed to fetch pending jobs
{
  "error": "fetch failed"
}
[2026-02-14T10:35:20.369Z] [ERROR] Failed to fetch pending jobs
{
  "error": "fetch failed"
}
[2026-02-14T10:35:22.401Z] [ERROR] Failed to fetch pending jobs
{
  "error": "fetch failed"
}
[2026-02-14T10:35:24.425Z] [ERROR] Failed to fetch pending jobs
{
  "error": "fetch failed"
}
[2026-02-14T10:35:27.123Z] [ERROR] Failed to fetch pending jobs
{
  "error": "fetch failed"
}
[2026-02-14T10:35:27.148Z] [ERROR] Failed to fetch pending jobs
{
  "error": "fetch failed"
}
[2026-02-14T10:35:27.245Z] [ERROR] Failed to fetch pending jobs
{
  "error": "fetch failed"
}
[2026-02-14T10:35:30.504Z] [ERROR] Failed to fetch pending jobs
{
  "error": "fetch failed"
}
[2026-02-14T10:35:43.415Z] [ERROR] Failed to fetch pending jobs
{
  "error": "fetch failed"
}
[2026-02-14T10:49:39.675Z] [INFO] Found 1 pending job(s)
[2026-02-14T10:49:39.677Z] [INFO] Found 1 pending job(s)
[2026-02-14T10:49:39.678Z] [INFO] Processing job 1446 (bar_ticket) for Bar Printer
[2026-02-14T10:49:40.549Z] [INFO] Connecting to network printer: 192.168.123.102:9100
[2026-02-14T10:49:40.858Z] [INFO] ✓ Job 1446 printed successfully
[2026-02-14T10:50:17.851Z] [INFO] Found 1 pending job(s)
[2026-02-14T10:50:17.852Z] [INFO] Found 1 pending job(s)
[2026-02-14T10:50:17.853Z] [INFO] Processing job 1447 (receipt) for Customer Receipt
[2026-02-14T10:50:18.841Z] [INFO] Connecting to network printer: 192.168.123.102:9100
[2026-02-14T10:50:19.170Z] [INFO] ✓ Job 1447 printed successfully
[2026-02-14T10:54:58.862Z] [ERROR] Failed to fetch pending jobs
{
  "error": "fetch failed"
}
[2026-02-14T10:55:15.091Z] [ERROR] Failed to fetch pending jobs
{
  "error": "fetch failed"
}
[2026-02-14T10:55:15.568Z] [ERROR] Failed to fetch pending jobs
{
  "error": "fetch failed"
}
[2026-02-14T10:55:23.201Z] [ERROR] Failed to fetch pending jobs
{
  "error": "fetch failed"
}
[2026-02-14T10:59:54.374Z] [INFO] Found 1 pending job(s)
[2026-02-14T10:59:54.375Z] [INFO] Found 1 pending job(s)
[2026-02-14T10:59:54.377Z] [INFO] Processing job 1448 (bar_ticket) for Bar Printer
[2026-02-14T10:59:55.239Z] [INFO] Connecting to network printer: 192.168.123.102:9100
[2026-02-14T11:00:01.059Z] [INFO] ✓ Job 1448 printed successfully
[2026-02-14T11:00:04.415Z] [INFO] Found 1 pending job(s)
[2026-02-14T11:00:04.416Z] [INFO] Found 1 pending job(s)
[2026-02-14T11:00:04.417Z] [INFO] Processing job 1449 (receipt) for Customer Receipt
[2026-02-14T11:00:05.282Z] [INFO] Connecting to network printer: 192.168.123.102:9100
[2026-02-14T11:00:05.594Z] [INFO] ✓ Job 1449 printed successfully
